<DATE>	<OPEN>	<HIGH>	<LOW>	<CLOSE>	<TICKVOL>	<VOL>	<SPREAD>
2003.09.10	28.02	28.18	27.48	27.52	69964	49670994	0
2003.09.11	27.68	28.11	27.59	27.88	54070	33806941	0
2003.09.12	27.47	28.40	27.45	28.34	72453	49418229	0
2003.09.15	28.36	28.61	28.33	28.35	57239	38945734	0
2003.09.16	28.40	28.95	28.32	28.94	61445	47062991	0
2003.09.17	28.75	28.95	28.47	28.49	66072	45175555	0
2003.09.18	28.50	29.51	28.42	29.49	82077	64000528	0
2003.09.19	29.76	29.97	29.52	29.95	80064	73644047	0
2003.09.22	29.41	30.00	28.81	29.08	81782	61761222	0
2003.09.23	29.12	29.71	28.88	29.69	74651	54949090	0
2003.09.24	29.71	29.73	28.42	28.50	86189	58298441	0
2003.09.25	28.47	28.96	28.22	28.23	82805	52295737	0
2003.09.26	28.27	28.78	28.14	28.15	75972	45483921	0
2003.09.29	28.41	28.91	28.10	28.88	72084	42699318	0
2003.09.30	28.59	28.61	27.75	27.83	89719	54145156	0
2003.10.01	28.03	28.63	27.81	28.62	79237	54496368	0
2003.10.02	28.45	28.75	28.19	28.49	63650	36635906	0
2003.10.03	29.16	29.46	28.93	29.10	83837	53743395	0
2003.10.06	29.15	29.30	28.91	29.20	45778	29860904	0
2003.10.07	29.01	29.37	28.92	29.15	76890	45835232	0
2003.10.08	29.36	29.36	28.68	28.82	69234	44232343	0
2003.10.09	29.22	29.35	28.80	28.94	76308	58560921	0
2003.10.10	28.91	29.20	28.67	28.83	51523	33136053	0
2003.10.13	28.98	29.10	28.50	28.78	52902	37006877	0
2003.10.14	28.60	28.77	28.48	28.67	50100	31800406	0
2003.10.15	29.20	29.26	28.70	29.10	67885	48242444	0
2003.10.16	28.91	29.31	28.80	29.26	53099	38479058	0
2003.10.17	29.28	29.30	28.80	28.87	51932	40084295	0
2003.10.20	28.94	29.37	28.80	29.34	52523	36342431	0
2003.10.21	29.35	29.43	29.17	29.36	52041	39638973	0
2003.10.22	29.04	29.21	28.80	28.94	58364	40434510	0
2003.10.23	28.72	29.08	28.10	28.93	68384	46701678	0
2003.10.24	27.27	27.37	26.42	26.63	175574	194512847	0
2003.10.27	26.91	27.10	26.82	26.91	74008	59420047	0
2003.10.28	27.10	27.22	26.88	27.20	75171	66264031	0
2003.10.29	27.25	27.25	26.66	26.75	74399	69402865	0
2003.10.30	27.04	27.04	25.91	26.11	101495	94690396	0
2003.10.31	26.37	26.44	26.11	26.30	70763	63501889	0
2003.11.03	26.35	26.75	26.29	26.68	67378	54528732	0
2003.11.04	26.60	26.62	26.01	26.07	86248	80075474	0
2003.11.05	26.15	26.34	26.00	26.12	65110	57355196	0
2003.11.06	26.27	26.30	26.00	26.24	70047	65981458	0
2003.11.07	26.38	26.49	26.03	26.12	64760	54873802	0
2003.11.10	26.12	26.23	26.00	26.00	54669	52018962	0
2003.11.11	26.01	26.07	25.67	25.81	61722	62119189	0
2003.11.12	25.86	26.14	25.60	26.01	83357	73479630	0
2003.11.13	25.86	25.93	25.45	25.68	82151	77445583	0
2003.11.14	25.70	26.02	25.45	25.45	75928	79832857	0
2003.11.17	25.39	25.44	24.84	25.21	84341	100245911	0
2003.11.18	25.33	25.81	25.14	25.14	85334	95916449	0
2003.11.19	25.28	25.54	25.17	25.35	66173	75406904	0
2003.11.20	25.16	25.63	25.08	25.09	84869	101923277	0
2003.11.21	25.33	25.37	25.08	25.14	57673	66835029	0
2003.11.24	25.31	25.79	25.28	25.69	71535	95287159	0
2003.11.25	25.87	25.95	25.38	25.42	73325	82843221	0
2003.11.26	25.61	25.63	25.32	25.45	54276	65941619	0
2003.11.28	25.51	25.75	25.40	25.63	26610	31945835	0
2003.12.01	25.90	26.21	25.62	25.85	83488	97258041	0
2003.12.02	25.95	26.09	25.61	25.66	72470	79232474	0
2003.12.03	25.83	26.07	25.62	25.65	83378	88169853	0
2003.12.04	25.72	26.23	25.66	26.15	78541	82865840	0
2003.12.05	25.96	26.48	25.92	25.98	92459	91350069	0
2003.12.08	26.12	26.34	25.81	26.25	75276	86592249	0
2003.12.09	26.44	26.61	26.25	26.38	95507	99144613	0
2003.12.10	26.45	26.63	26.38	26.62	72915	78673399	0
2003.12.11	26.60	26.77	26.28	26.62	85165	74445738	0
2003.12.12	26.71	26.81	26.50	26.68	62051	66941864	0
2003.12.15	27.02	27.10	26.68	26.77	86883	79998873	0
2003.12.16	26.83	27.16	26.77	27.06	79696	70917193	0
2003.12.17	27.02	27.08	26.85	27.05	56724	50047631	0
2003.12.18	27.12	27.43	27.05	27.43	67705	57267734	0
2003.12.19	27.47	27.55	27.19	27.37	71049	66070528	0
2003.12.22	27.15	27.43	26.97	27.19	52311	41289063	0
2003.12.23	27.13	27.31	27.01	27.18	50005	36259985	0
2003.12.24	27.10	27.16	27.00	27.05	20847	17012207	0
2003.12.26	27.04	27.35	27.00	27.21	16449	11846171	0
2003.12.29	27.20	27.52	27.16	27.52	43430	35625154	0
2003.12.30	27.41	27.55	27.40	27.55	39718	29592176	0
2003.12.31	27.44	27.55	27.23	27.44	45852	34583447	0
2004.01.02	27.58	27.77	27.33	27.46	55098	41475396	0
2004.01.05	27.74	28.18	27.72	28.17	71630	61295609	0
2004.01.06	28.09	28.28	28.07	28.21	57052	43588016	0
2004.01.07	28.14	28.30	28.01	28.25	61755	47068021	0
2004.01.08	28.39	28.48	28.00	28.24	64238	50932301	0
2004.01.09	28.03	28.04	27.59	27.60	79450	64277036	0
2004.01.12	27.67	27.73	27.35	27.56	66794	52049973	0
2004.01.13	27.54	27.64	27.26	27.44	59856	43915807	0
2004.01.14	27.53	27.73	27.47	27.70	47445	40889196	0
2004.01.15	27.55	27.72	27.42	27.55	68697	54525139	0
2004.01.16	27.74	27.86	27.53	27.86	60634	57041982	0
2004.01.20	27.99	28.20	27.93	28.07	64835	55373643	0
2004.01.21	28.13	28.30	27.85	28.30	64100	49967798	0
2004.01.22	28.37	28.44	27.94	28.00	80823	64862631	0
2004.01.23	28.27	28.76	28.22	28.52	124010	116191061	0
2004.01.26	28.48	28.82	28.32	28.82	69793	54704842	0
2004.01.27	28.65	28.72	28.22	28.25	73770	57775333	0
2004.01.28	28.29	28.44	27.47	27.70	86267	68409624	0
2004.01.29	27.79	27.95	27.57	27.92	89777	60538895	0
2004.01.30	27.84	27.90	27.55	27.65	64739	36637247	0
2004.02.02	27.61	27.80	27.24	27.44	95146	59213392	0
2004.02.03	27.40	27.55	27.18	27.35	75107	45801671	0
2004.02.04	27.24	27.43	27.01	27.01	96044	55996314	0
2004.02.05	27.06	27.17	26.83	26.97	83979	53063413	0
2004.02.06	27.03	27.19	26.93	27.08	68937	45114157	0
2004.02.09	27.17	27.23	26.85	26.89	63058	46007260	0
2004.02.10	26.86	27.15	26.82	27.07	61072	35672075	0
2004.02.11	26.95	27.23	26.85	27.18	76256	50037392	0
2004.02.12	27.09	27.15	26.93	26.95	56873	42675388	0
2004.02.13	26.95	27.06	26.49	26.58	86637	64630460	0
2004.02.17	26.70	27.10	26.59	26.99	61997	41167188	0
2004.02.18	26.93	27.11	26.75	26.75	67148	47821753	0
2004.02.19	26.90	26.98	26.43	26.46	77746	57965257	0
2004.02.20	26.62	26.76	26.50	26.60	73388	53196757	0
2004.02.23	26.73	26.76	26.48	26.61	70335	47382331	0
2004.02.24	26.61	26.96	26.55	26.87	75866	52745270	0
2004.02.25	26.89	26.99	26.62	26.62	77219	61273509	0
2004.02.26	26.61	26.65	26.41	26.42	74454	63133293	0
2004.02.27	26.48	26.62	26.35	26.54	69074	53458274	0
2004.03.01	26.61	26.72	26.50	26.71	67993	48307241	0
2004.03.02	26.62	26.69	26.35	26.36	71446	62094067	0
2004.03.03	26.35	26.55	26.22	26.36	70024	50597775	0
2004.03.04	26.36	26.42	26.21	26.39	54142	41289651	0
2004.03.05	26.21	26.60	26.20	26.35	82006	56843853	0
2004.03.08	26.27	26.35	25.81	25.83	89453	65464722	0
2004.03.09	25.77	25.97	25.54	25.72	105500	77424957	0
2004.03.10	25.66	25.80	25.35	25.37	91136	72322277	0
2004.03.11	25.20	25.78	25.07	25.10	112773	86854570	0
2004.03.12	25.38	25.51	25.23	25.39	82482	60936847	0
2004.03.15	25.33	25.43	25.06	25.20	89122	64036254	0
2004.03.16	25.27	25.37	25.10	25.16	88541	62019880	0
2004.03.17	25.25	25.46	25.11	25.13	71788	54592301	0
2004.03.18	24.96	25.00	24.58	24.87	147484	118591051	0
2004.03.19	24.79	24.94	24.59	24.61	85812	77393634	0
2004.03.22	24.53	24.84	24.01	24.54	162028	123310781	0
2004.03.23	24.64	24.66	24.12	24.15	110110	87161959	0
2004.03.24	24.37	24.58	24.18	24.40	115170	91489427	0
2004.03.25	24.60	25.24	24.58	25.17	109243	81986072	0
2004.03.26	25.11	25.51	25.00	25.00	76859	55617743	0
2004.03.29	25.27	25.40	25.03	25.37	47511	33847426	0
2004.03.30	25.19	25.33	25.03	25.12	58906	43493448	0
2004.03.31	25.20	25.24	24.87	25.05	70195	51602224	0
2004.04.01	24.96	25.11	24.85	24.99	60690	48647158	0
2004.04.02	25.22	25.90	25.07	25.75	90824	73879065	0
2004.04.05	25.81	25.98	25.73	25.96	68666	50514520	0
2004.04.06	25.76	25.90	25.66	25.83	59894	45487204	0
2004.04.07	25.73	25.78	25.35	25.54	76206	54575689	0
2004.04.08	25.81	25.85	25.36	25.48	61855	39213691	0
2004.04.12	25.48	25.74	25.43	25.60	53399	36962238	0
2004.04.13	25.67	25.77	25.41	25.44	75321	54594929	0
2004.04.14	25.39	25.68	25.38	25.54	72986	49591755	0
2004.04.15	25.53	25.73	25.10	25.21	96692	66246775	0
2004.04.16	25.31	25.40	25.11	25.13	72172	48852464	0
2004.04.19	25.07	25.59	25.06	25.59	70772	42398037	0
2004.04.20	25.65	25.88	25.30	25.30	86238	56484001	0
2004.04.21	25.36	25.49	25.20	25.44	75342	46137081	0
2004.04.22	25.49	25.99	25.47	25.97	108162	79885025	0
2004.04.23	27.39	27.72	27.34	27.54	197462	243879348	0
2004.04.26	27.46	27.55	27.10	27.23	105075	85875031	0
2004.04.27	27.15	27.37	27.13	27.23	91252	75103052	0
2004.04.28	27.05	27.05	26.47	26.56	96982	70457197	0
2004.04.29	26.51	26.94	26.31	26.48	97485	73892840	0
2004.04.30	26.59	26.75	26.00	26.00	94590	61529488	0
2004.05.03	26.21	26.52	26.19	26.31	78610	51950502	0
2004.05.04	26.35	26.54	26.02	26.33	81333	53864846	0
2004.05.05	26.31	26.60	26.25	26.29	72420	49416545	0
2004.05.06	26.16	26.34	26.03	26.14	86819	59309976	0
2004.05.07	26.03	26.38	25.75	25.78	94471	65966098	0
2004.05.10	25.63	26.05	25.62	25.95	95157	61402511	0
2004.05.11	26.09	26.11	25.79	25.95	80797	56001308	0
2004.05.12	25.87	26.00	25.43	25.96	97751	62146566	0
2004.05.13	25.82	26.19	25.79	26.07	86526	57987349	0
2004.05.14	25.97	26.17	25.64	25.87	79581	42059975	0
2004.05.17	25.46	25.79	25.42	25.56	77661	50759022	0
2004.05.18	25.70	25.97	25.64	25.85	72669	48915161	0
2004.05.19	26.05	26.27	25.63	25.64	81595	57209098	0
2004.05.20	25.75	25.89	25.59	25.74	80430	50577702	0
2004.05.21	25.94	26.20	25.78	25.90	74952	54454816	0
2004.05.24	26.04	26.17	25.74	25.77	75693	54599847	0
2004.05.25	25.70	26.19	25.60	26.11	82283	62515029	0
2004.05.26	25.98	26.14	25.85	26.14	72335	46502454	0
2004.05.27	26.16	26.19	25.92	26.18	63112	46423287	0
2004.05.28	26.14	26.25	26.02	26.25	44271	28903983	0
2004.06.01	26.12	26.27	25.87	26.11	62165	46253015	0
2004.06.02	26.14	26.29	26.01	26.14	69294	51820383	0
2004.06.03	26.05	26.13	25.86	25.86	61745	44237877	0
2004.06.04	26.01	26.24	25.94	25.95	58809	45329236	0
2004.06.07	26.03	26.43	25.97	26.41	69347	61942567	0
2004.06.08	26.29	26.65	26.24	26.59	65014	56262203	0
2004.06.09	26.40	26.65	26.40	26.44	63763	48665349	0
2004.06.10	26.38	26.79	26.38	26.77	58464	45491277	0
2004.06.14	26.55	26.90	26.53	26.86	78131	63235700	0
2004.06.15	26.98	27.60	26.97	27.35	115205	110372407	0
2004.06.16	27.34	27.50	27.15	27.32	77541	62523842	0
2004.06.17	27.31	27.92	27.28	27.76	97170	91772008	0
2004.06.18	27.75	28.50	27.68	28.24	124311	126038659	0
2004.06.21	28.23	28.66	28.12	28.32	112966	108759734	0
2004.06.22	28.16	28.35	27.81	28.28	110849	89901230	0
2004.06.23	28.19	28.38	28.00	28.32	73475	56279100	0
2004.06.24	28.48	28.65	28.30	28.39	81078	60404305	0
2004.06.25	28.47	28.63	28.33	28.63	69830	50276150	0
2004.06.28	28.64	28.75	28.17	28.28	93206	72114775	0
2004.06.29	28.19	28.58	28.16	28.50	70675	51650077	0
2004.06.30	28.56	28.80	28.39	28.58	92335	76685885	0
2004.07.01	28.69	28.84	28.26	28.61	100932	73917719	0
2004.07.02	28.60	28.68	28.40	28.58	55854	34863739	0
2004.07.06	28.32	28.33	27.94	28.02	95974	64717947	0
2004.07.07	27.69	28.32	27.55	28.10	93947	64285664	0
2004.07.08	27.89	28.15	27.55	27.63	87369	57012800	0
2004.07.09	27.78	28.00	27.64	27.87	71584	48655969	0
2004.07.12	27.69	28.00	27.65	27.88	65293	42039839	0
2004.07.13	27.91	27.95	27.60	27.61	61015	40475943	0
2004.07.14	27.40	28.36	27.34	28.15	112297	84183449	0
2004.07.15	28.04	28.20	27.80	27.88	76002	45015125	0
2004.07.16	28.18	28.20	27.25	27.46	87536	62000644	0
2004.07.19	27.62	28.26	27.59	27.96	85408	58599327	0
2004.07.20	28.01	28.48	27.86	28.30	97026	62108143	0
2004.07.21	29.54	29.65	28.82	28.85	227147	175829865	0
2004.07.22	29.06	29.30	28.83	29.01	154896	104073368	0
2004.07.23	28.39	28.41	28.02	28.02	142943	90846087	0
2004.07.26	28.34	28.71	28.19	28.64	122406	70468532	0
2004.07.27	28.69	28.76	28.13	28.48	97446	60523805	0
2004.07.28	28.35	28.79	28.28	28.59	102142	60510837	0
2004.07.29	28.78	28.80	28.25	28.48	97097	57162181	0
2004.07.30	28.44	28.81	28.33	28.48	85851	55003007	0
2004.08.02	28.29	28.55	28.16	28.52	83337	48927229	0
2004.08.03	28.39	28.42	28.00	28.11	85920	50291054	0
2004.08.04	28.00	28.20	27.99	28.04	70158	42707694	0
2004.08.05	28.14	28.21	27.52	27.54	93666	53716253	0
2004.08.06	27.40	27.86	27.05	27.14	119516	72164536	0
2004.08.09	27.25	27.28	27.10	27.18	70591	50157109	0
2004.08.10	27.29	27.75	27.25	27.70	82611	55032621	0
2004.08.11	27.39	27.51	27.20	27.41	85089	50658402	0
2004.08.12	27.24	27.31	26.87	26.89	78794	47813525	0
2004.08.13	27.02	27.25	25.95	27.01	68244	41819098	0
2004.08.16	27.04	27.20	26.96	27.09	73465	45024261	0
2004.08.17	27.21	27.38	26.98	27.04	72014	44010653	0
2004.08.18	26.93	27.50	26.89	27.48	86563	51814137	0
2004.08.19	27.35	27.46	27.01	27.08	74504	44442113	0
2004.08.20	27.12	27.37	27.04	27.19	64258	41968445	0
2004.08.23	27.29	27.33	27.11	27.25	67798	37650378	0
2004.08.24	27.41	27.46	27.09	27.23	61977	35399424	0
2004.08.25	27.23	27.67	27.18	27.54	79825	50171635	0
2004.08.26	27.45	27.60	27.39	27.45	58622	33655506	0
2004.08.27	27.50	27.65	27.45	27.46	54864	31433363	0
2004.08.30	27.29	27.39	26.85	27.31	59957	35322730	0
2004.08.31	27.29	27.32	27.05	27.29	78344	44979347	0
2004.09.01	27.24	27.52	27.14	27.37	84042	47236317	0
2004.09.02	27.38	27.68	27.35	27.63	68643	40511374	0
2004.09.03	27.45	27.62	27.10	27.13	71402	43904701	0
2004.09.07	27.28	27.38	27.16	27.35	75517	43008808	0
2004.09.08	27.31	27.47	27.14	27.27	71366	40470845	0
2004.09.09	27.30	27.47	27.18	27.28	87386	54947670	0
2004.09.10	27.33	27.51	27.18	27.49	76886	50625960	0
2004.09.13	27.54	27.57	26.74	27.24	66581	43239895	0
2004.09.14	27.36	27.51	27.27	27.42	73094	49107336	0
2004.09.15	27.36	27.40	27.14	27.18	69550	49524039	0
2004.09.16	27.22	27.35	27.17	27.26	53560	34686209	0
2004.09.17	27.39	27.53	27.26	27.50	65735	49557485	0
2004.09.20	27.43	27.65	27.33	27.51	72410	48360161	0
2004.09.21	27.45	27.53	27.26	27.27	89348	65036200	0
2004.09.22	27.23	27.74	27.07	27.11	92465	65731189	0
2004.09.23	27.19	27.39	27.17	27.36	76319	48378450	0
2004.09.24	27.39	27.46	27.18	27.30	71474	45742862	0
2004.09.27	27.17	27.32	27.13	27.23	60822	39390733	0
2004.09.28	27.22	27.36	27.04	27.27	88069	58140256	0
2004.09.29	27.28	27.69	27.23	27.58	84946	54967276	0
2004.09.30	27.58	27.79	27.52	27.65	79984	47574613	0
2004.10.01	27.79	28.32	27.65	28.25	104138	63382211	0
2004.10.04	28.43	28.46	28.07	28.09	90641	56172525	0
2004.10.05	28.15	28.45	28.10	28.38	86252	55062435	0
2004.10.06	28.39	28.55	28.23	28.53	79260	48822187	0
2004.10.07	28.51	28.59	28.16	28.18	58959	37360195	0
2004.10.08	28.11	28.33	27.97	28.01	80231	47895105	0
2004.10.11	28.20	28.22	27.93	28.06	61418	42531164	0
2004.10.12	27.83	28.16	27.81	28.06	80970	55154174	0
2004.10.13	28.18	28.27	27.94	28.01	74917	47568893	0
2004.10.14	28.06	28.16	27.80	27.80	74202	40333861	0
2004.10.15	27.99	28.25	27.82	27.98	79469	45843175	0
2004.10.18	28.06	28.45	27.94	28.42	84235	48429651	0
2004.10.19	28.54	28.59	28.17	28.19	93266	54509799	0
2004.10.20	28.22	28.75	28.10	28.70	108927	66963060	0
2004.10.21	28.82	28.89	28.47	28.56	112432	83979487	0
2004.10.22	28.30	28.34	27.58	27.74	130334	96734412	0
2004.10.25	27.69	27.77	27.55	27.62	85445	54206446	0
2004.10.26	27.71	27.90	27.63	27.90	99644	68082836	0
2004.10.27	27.87	28.35	27.58	28.14	108135	67557913	0
2004.10.28	28.11	28.54	27.90	28.05	83685	55592592	0
2004.10.29	28.10	28.15	27.42	27.96	86186	72497943	0
2004.11.01	28.16	28.28	27.96	28.09	99514	65699751	0
2004.11.02	28.24	28.47	28.03	28.18	112221	78250542	0
2004.11.03	28.65	28.66	28.31	28.52	98426	71174046	0
2004.11.04	28.39	29.00	28.38	28.99	112924	76239575	0
2004.11.05	29.16	29.33	28.99	29.32	125822	83008202	0
2004.11.08	29.20	29.48	29.13	29.28	119749	100869676	0
2004.11.09	29.43	29.89	29.35	29.74	138340	95245465	0
2004.11.10	29.92	30.00	29.69	29.73	116482	78236200	0
2004.11.11	29.89	30.08	29.72	29.98	119405	83734050	0
2004.11.12	30.16	30.20	29.80	30.00	176220	143284132	0
2004.11.15	27.35	27.50	27.20	27.37	119267	93269794	0
2004.11.16	27.31	27.39	27.05	27.12	85375	61253560	0
2004.11.17	27.25	27.36	27.06	27.18	84733	56057555	0
2004.11.18	27.13	27.18	27.00	27.07	75551	49767427	0
2004.11.19	27.04	27.07	26.84	26.86	105247	81297398	0
2004.11.22	26.77	26.82	24.86	26.63	131466	88225005	0
2004.11.23	26.52	26.70	26.40	26.52	98791	58970062	0
2004.11.24	26.61	26.73	26.53	26.64	66981	53567112	0
2004.11.26	26.56	26.82	26.44	26.57	31250	23245527	0
2004.11.29	26.64	26.95	26.61	26.77	85643	62395654	0
2004.11.30	26.74	27.01	26.70	26.80	102914	68518415	0
2004.12.01	26.95	27.28	26.81	27.24	121333	94776138	0
2004.12.02	27.27	27.40	26.92	27.11	127197	89697360	0
2004.12.03	27.16	27.44	27.14	27.22	107867	71005469	0
2004.12.06	27.07	27.44	27.05	27.33	77370	53445701	0
2004.12.07	27.26	27.38	27.00	27.02	126510	102422920	0
2004.12.08	27.01	27.36	26.91	27.36	125407	87075015	0
2004.12.09	27.12	27.36	26.94	27.21	111961	77151273	0
2004.12.10	27.08	27.19	27.04	27.08	94013	64379753	0
2004.12.13	27.09	27.28	26.91	27.25	120298	81468218	0
2004.12.14	27.05	27.33	27.04	27.25	135767	113615274	0
2004.12.15	27.21	27.40	27.07	27.13	114996	82596323	0
2004.12.16	27.14	27.28	27.01	27.16	122790	84307149	0
2004.12.17	27.00	27.32	26.92	26.95	119632	103496606	0
2004.12.20	27.02	27.15	26.89	26.94	105851	81477928	0
2004.12.21	26.99	27.17	26.94	27.06	112396	90259950	0
2004.12.22	26.83	27.15	26.78	26.97	85724	57746418	0
2004.12.23	26.87	27.15	26.83	27.01	85385	62139707	0
2004.12.27	27.02	27.10	26.82	26.85	80289	53574046	0
2004.12.28	26.84	27.03	26.80	26.96	74846	53138731	0
2004.12.29	26.84	27.00	26.82	26.89	61701	42709670	0
2004.12.30	26.90	26.94	26.75	26.75	54229	44289360	0
2004.12.31	26.76	26.90	26.68	26.73	65167	51554863	0
2005.01.03	26.80	26.96	26.65	26.72	82632	55573238	0
2005.01.04	26.86	27.10	26.66	26.84	158259	103728628	0
2005.01.05	26.84	27.10	26.76	26.77	103921	66892146	0
2005.01.06	26.86	27.06	26.64	26.72	108238	71613153	0
2005.01.07	26.84	26.89	26.62	26.67	96019	64340689	0
2005.01.10	26.60	26.86	26.54	26.80	107292	63758499	0
2005.01.11	26.69	26.82	26.61	26.74	92394	59459534	0
2005.01.12	26.77	26.85	26.62	26.77	108409	67975376	0
2005.01.13	26.68	26.80	26.16	26.27	126461	84274355	0
2005.01.14	26.40	26.45	26.04	26.13	110169	73306090	0
2005.01.18	26.02	26.35	25.84	26.31	109496	64764685	0
2005.01.19	26.20	26.26	25.85	25.97	85550	53964381	0
2005.01.20	25.84	26.10	25.74	25.85	91733	56047312	0
2005.01.21	25.94	26.15	25.65	25.65	111952	70172387	0
2005.01.24	25.76	26.00	25.64	25.64	114855	66755851	0
2005.01.25	25.76	26.19	25.75	26.01	107664	64824497	0
2005.01.26	26.08	26.17	25.90	26.01	101677	63438423	0
2005.01.27	25.95	26.16	25.85	26.10	111036	71564749	0
2005.01.28	26.57	26.65	25.96	26.19	155353	103394341	0
2005.01.31	26.35	26.52	26.16	26.26	105275	66946033	0
2005.02.01	26.24	26.43	26.22	26.38	91373	55488854	0
2005.02.02	26.42	26.50	26.28	26.47	103044	76073208	0
2005.02.03	26.38	26.40	26.10	26.17	88425	60292910	0
2005.02.04	26.17	26.37	26.14	26.31	91275	56110641	0
2005.02.07	26.26	26.30	26.06	26.15	77713	53341767	0
2005.02.08	26.19	26.34	26.16	26.24	84868	55091917	0
2005.02.09	26.24	26.31	26.04	26.09	102806	73807537	0
2005.02.10	26.10	26.15	26.00	26.06	90600	69751074	0
2005.02.11	26.03	26.12	25.81	25.97	129374	82198612	0
2005.02.14	25.93	26.12	25.91	26.02	88375	56782050	0
2005.02.15	26.01	26.08	25.86	25.94	116300	71629532	0
2005.02.16	25.86	25.93	25.67	25.79	89884	53877495	0
2005.02.17	25.70	26.21	25.60	25.60	98310	62566239	0
2005.02.18	25.64	25.65	25.40	25.50	104320	71232026	0
2005.02.22	25.23	25.49	24.92	25.22	141469	90172302	0
2005.02.23	25.29	25.35	25.17	25.19	106992	75674718	0
2005.02.24	25.18	25.44	25.15	25.37	114981	77106955	0
2005.02.25	25.34	25.38	25.15	25.27	88346	57554445	0
2005.02.28	25.22	25.37	25.13	25.16	109282	78045705	0
2005.03.01	25.20	25.41	25.13	25.27	79546	54489508	0
2005.03.02	25.19	25.48	25.16	25.26	90599	66247706	0
2005.03.03	25.29	25.31	24.82	25.17	65697	46393117	0
2005.03.04	25.21	25.30	24.80	25.18	75428	59572837	0
2005.03.07	25.17	26.00	25.15	25.46	102178	73495358	0
2005.03.08	25.38	25.62	25.34	25.41	75597	49139941	0
2005.03.09	25.38	25.57	25.28	25.31	84270	58811632	0
2005.03.10	25.43	25.48	25.25	25.44	86530	51490232	0
2005.03.11	25.46	25.48	25.06	25.07	81897	57911058	0
2005.03.14	25.08	25.15	24.96	25.12	78107	53341665	0
2005.03.15	25.09	25.24	24.89	24.92	81987	57651166	0
2005.03.16	24.81	24.97	24.56	24.61	102104	72018722	0
2005.03.17	24.64	24.68	24.53	24.54	84691	58642958	0
2005.03.18	24.47	24.91	24.28	24.33	114495	88852991	0
2005.03.21	24.35	24.36	24.15	24.19	89581	67810244	0
2005.03.22	24.20	24.27	23.96	23.98	134011	96330870	0
2005.03.23	23.99	24.39	23.96	24.17	111043	76820479	0
2005.03.24	24.26	24.47	24.20	24.26	100774	69759193	0
2005.03.28	24.38	24.47	24.28	24.35	56303	36748330	0
2005.03.29	24.17	24.24	24.03	24.12	80420	51280902	0
2005.03.30	24.00	24.19	23.97	24.04	71727	44643097	0
2005.03.31	24.25	24.32	24.12	24.28	69605	46068891	0
2005.04.01	24.22	24.35	24.11	24.15	84413	49897914	0
2005.04.04	24.10	24.26	23.94	24.22	80944	58148335	0
2005.04.05	24.22	24.50	24.12	24.46	88681	65252110	0
2005.04.06	24.47	24.94	24.45	24.67	103778	75012715	0
2005.04.07	24.66	25.13	24.63	25.10	100307	73799690	0
2005.04.08	25.07	25.25	24.91	24.94	65878	44779380	0
2005.04.11	25.03	25.11	24.86	24.98	63918	42238923	0
2005.04.12	24.92	25.35	24.80	25.31	89731	62365514	0
2005.04.13	25.22	25.45	24.99	25.03	84586	55446250	0
2005.04.14	25.00	25.14	24.83	24.85	106380	63826804	0
2005.04.15	24.57	24.90	24.41	24.45	127184	84308900	0
2005.04.18	24.45	24.84	24.40	24.67	101932	70429988	0
2005.04.19	24.71	24.80	24.45	24.62	85138	55572759	0
2005.04.20	24.65	24.70	24.30	24.33	105560	73761808	0
2005.04.21	24.48	25.39	24.47	25.31	124829	89194486	0
2005.04.22	25.06	25.25	24.78	24.99	112345	77882418	0
2005.04.25	25.07	25.28	24.86	24.98	83892	54627463	0
2005.04.26	24.95	25.25	24.75	24.76	83911	55570650	0
2005.04.27	24.66	25.15	24.63	24.97	77803	45945263	0
2005.04.28	24.82	24.92	24.44	24.46	108732	73721818	0
2005.04.29	24.88	25.29	24.79	25.28	122004	90957217	0
2005.05.02	25.22	25.36	24.95	25.24	77742	52242386	0
2005.05.03	25.13	25.41	25.09	25.34	95802	65331673	0
2005.05.04	25.34	25.40	25.11	25.24	96761	77045085	0
2005.05.05	25.20	25.33	25.08	25.23	80438	57961793	0
2005.05.06	25.32	25.48	25.19	25.23	77027	59236297	0
2005.05.09	25.23	25.30	24.95	25.11	71857	50544838	0
2005.05.10	25.04	25.08	24.82	24.89	73163	55917595	0
2005.05.11	24.89	24.97	24.64	24.91	89922	56959978	0
2005.05.12	24.82	25.11	24.82	25.00	103882	68078867	0
2005.05.13	25.00	25.38	24.99	25.30	111877	74613295	0
2005.05.16	25.23	25.53	24.31	25.49	56783	48715099	0
2005.05.17	25.32	25.50	25.25	25.49	48770	37443300	0
2005.05.18	25.50	25.84	25.42	25.70	73876	66539604	0
2005.05.19	25.75	26.05	25.70	25.91	59206	50931584	0
2005.05.20	25.86	25.92	25.73	25.79	62283	62631342	0
2005.05.23	25.76	26.07	25.74	25.86	74009	72481216	0
2005.05.24	25.80	26.00	25.72	25.76	64946	58355455	0
2005.05.25	25.68	25.77	25.50	25.73	46820	33314580	0
2005.05.26	25.75	26.00	25.73	25.88	46871	44205086	0
2005.05.27	25.84	26.09	25.81	26.08	55657	53658729	0
2005.05.31	25.98	26.03	25.75	25.81	47637	37824556	0
2005.06.01	25.74	26.00	25.61	25.81	65153	50386031	0
2005.06.02	25.66	25.86	25.64	25.78	35563	25807512	0
2005.06.03	25.70	25.81	25.34	25.42	70708	77213101	0
2005.06.06	25.38	25.51	25.31	25.37	48361	39864989	0
2005.06.07	25.33	25.83	25.31	25.51	65621	50576202	0
2005.06.08	25.55	25.62	25.34	25.40	48186	42297049	0
2005.06.09	25.40	25.61	25.35	25.50	55251	50350021	0
2005.06.10	25.49	25.52	25.34	25.43	47006	36507281	0
2005.06.13	25.36	25.49	25.26	25.30	46766	37969739	0
2005.06.14	25.31	25.44	25.24	25.37	48233	42789573	0
2005.06.15	25.40	25.41	25.11	25.27	58601	49116335	0
2005.06.16	25.22	25.23	24.95	25.04	62924	64160814	0
2005.06.17	25.28	25.29	24.92	25.05	64699	76529954	0
2005.06.20	24.97	25.28	24.93	25.11	51746	46253550	0
2005.06.21	25.08	25.19	25.04	25.10	66275	71472562	0
2005.06.22	25.11	25.26	25.03	25.05	61890	56764711	0
2005.06.23	25.17	25.62	25.15	25.31	105765	101014211	0
2005.06.24	25.22	25.40	25.05	25.09	62813	50023814	0
2005.06.27	25.07	25.25	25.03	25.07	61570	57622822	0
2005.06.28	25.09	25.23	25.03	25.07	54318	49888289	0
2005.06.29	25.22	25.32	25.00	25.10	57424	52602724	0
2005.06.30	25.06	25.14	24.82	24.84	76327	70231618	0
2005.07.01	24.85	24.99	24.67	24.70	62468	57753977	0
2005.07.05	24.66	25.19	24.62	24.98	60616	59661280	0
2005.07.06	24.97	25.08	24.69	24.70	68758	59574936	0
2005.07.07	24.57	24.71	24.50	24.62	89600	76102588	0
2005.07.08	24.64	25.12	24.63	25.08	65120	51112070	0
2005.07.11	25.15	25.38	25.11	25.30	64888	57406466	0
2005.07.12	25.24	25.62	25.20	25.59	71847	61216824	0
2005.07.13	25.53	25.75	25.48	25.65	56854	43450006	0
2005.07.14	25.79	26.10	25.79	25.98	77659	66705286	0
2005.07.15	26.04	26.10	25.75	25.77	65022	52853125	0
2005.07.18	25.71	25.79	25.55	25.55	48604	35874887	0
2005.07.19	25.79	26.25	25.75	26.18	119256	109787264	0
2005.07.20	25.99	26.23	25.88	26.18	98771	68658244	0
2005.07.21	26.30	26.60	26.19	26.44	139844	105821848	0
2005.07.22	25.99	26.34	25.63	25.64	107260	88207455	0
2005.07.25	25.69	25.90	25.65	25.67	66027	43528020	0
2005.07.26	25.72	25.74	25.52	25.54	64701	48444279	0
2005.07.27	25.61	25.80	25.53	25.72	69333	55981524	0
2005.07.28	25.75	25.85	25.66	25.76	53975	42160709	0
2005.07.29	25.77	26.00	25.59	25.61	68018	54805401	0
2005.08.01	25.82	26.05	25.76	25.91	77396	59122734	0
2005.08.02	25.91	26.90	25.87	26.81	150989	134445147	0
2005.08.03	26.75	27.43	26.73	27.23	149803	135649150	0
2005.08.04	27.16	27.50	27.05	27.31	105075	88720484	0
2005.08.05	27.26	27.94	27.25	27.77	102202	79158144	0
2005.08.08	27.82	27.84	27.08	27.13	88285	73892420	0
2005.08.09	27.22	27.51	27.01	27.34	75582	62501750	0
2005.08.10	27.41	27.51	26.85	26.94	74692	59921004	0
2005.08.11	26.98	27.30	26.89	27.29	64191	45656911	0
2005.08.12	27.07	27.14	26.90	27.03	59170	46669669	0
2005.08.15	26.98	27.30	26.69	27.11	60184	42246756	0
2005.08.16	27.03	27.14	26.70	26.73	62857	44589555	0
2005.08.17	26.82	27.15	26.66	26.96	68148	50118499	0
2005.08.18	26.89	27.08	26.79	26.81	54673	37183853	0
2005.08.19	26.85	26.91	26.70	26.72	39962	33499498	0
2005.08.22	26.79	27.17	26.77	26.89	56752	40335057	0
2005.08.23	26.84	27.08	26.74	26.88	57792	46672661	0
2005.08.24	26.84	27.16	26.78	26.81	70000	53855790	0
2005.08.25	26.90	27.09	26.85	27.03	54346	37220359	0
2005.08.26	27.06	27.08	26.87	26.97	52024	34846991	0
2005.08.29	26.81	27.23	26.81	27.16	54312	41032777	0
2005.08.30	27.05	27.23	26.96	27.19	65128	47793860	0
2005.08.31	27.17	27.44	27.04	27.38	80152	59577483	0
2005.09.01	27.38	27.39	27.14	27.20	83500	72591694	0
2005.09.02	27.18	27.27	26.97	27.00	60013	50170167	0
2005.09.06	27.06	27.29	26.98	27.01	58601	42877665	0
2005.09.07	26.93	27.11	26.82	26.85	54824	42064776	0
2005.09.08	26.80	26.89	26.52	26.59	62989	48902173	0
2005.09.09	26.62	26.82	26.53	26.60	54792	38838581	0
2005.09.12	26.60	26.75	26.52	26.61	53036	38744655	0
2005.09.13	26.53	26.76	26.37	26.49	65970	53228574	0
2005.09.14	26.52	26.64	26.29	26.30	70856	50880859	0
2005.09.15	26.37	26.44	26.22	26.27	72885	53629246	0
2005.09.16	26.36	26.40	25.97	26.06	88284	100634879	0
2005.09.19	26.09	26.27	25.86	26.00	80871	57865617	0
2005.09.20	26.08	26.22	25.69	25.84	82603	56670887	0
2005.09.21	25.80	25.90	25.42	25.48	88042	65370360	0
2005.09.22	25.49	25.60	25.15	25.33	88875	64973623	0
2005.09.23	25.31	25.54	25.12	25.28	79309	64090498	0
2005.09.26	25.39	25.49	25.21	25.24	68299	49904660	0
2005.09.27	25.37	25.45	25.30	25.34	60529	46573010	0
2005.09.28	25.39	25.87	25.37	25.69	87897	66730977	0
2005.09.29	25.62	26.00	25.50	25.95	86035	63566082	0
2005.09.30	25.90	25.95	25.61	25.72	68486	52565594	0
2005.10.03	25.71	25.73	25.44	25.50	68489	49518466	0
2005.10.04	25.36	25.39	24.75	24.97	156808	148125920	0
2005.10.05	25.04	25.05	24.68	24.68	85448	70750284	0
2005.10.06	24.66	24.95	24.53	24.72	104373	78849940	0
2005.10.07	24.77	24.84	24.52	24.60	62252	48080029	0
2005.10.10	24.67	24.68	24.35	24.46	68486	47054762	0
2005.10.11	24.51	24.55	24.25	24.41	92217	72806160	0
2005.10.12	24.49	25.16	24.27	24.30	91903	68920015	0
2005.10.13	24.31	24.73	24.27	24.59	94594	68304741	0
2005.10.14	24.71	24.73	24.50	24.68	74049	51603500	0
2005.10.17	24.68	24.69	24.44	24.52	58146	44699163	0
2005.10.18	24.47	24.83	24.45	24.57	87034	67165252	0
2005.10.19	24.56	25.09	24.50	25.07	88313	63370886	0
2005.10.20	25.05	25.13	24.74	24.79	80806	54320681	0
2005.10.21	24.93	25.00	24.57	24.76	74701	61797358	0
2005.10.24	24.89	25.10	24.68	25.09	70038	50233238	0
2005.10.25	24.95	25.13	24.83	25.03	61904	39400512	0
2005.10.26	24.97	25.33	24.93	25.12	86132	56189622	0
2005.10.27	25.22	25.27	24.88	24.88	78382	51992949	0
2005.10.28	25.11	25.60	24.85	25.53	118885	98027160	0
2005.10.31	25.60	25.80	25.50	25.69	86440	68475591	0
2005.11.01	25.61	26.10	25.61	25.96	87005	68384673	0
2005.11.02	25.94	26.50	25.93	26.45	90784	72198928	0
2005.11.03	26.60	26.64	26.25	26.46	91694	68456623	0
2005.11.04	26.53	26.71	26.45	26.64	64160	55467971	0
2005.11.07	26.71	27.08	26.70	27.01	81271	73840085	0
2005.11.08	26.94	27.18	26.77	27.05	70657	58276474	0
2005.11.09	26.98	27.15	26.94	26.96	68344	55626868	0
2005.11.10	26.94	27.15	26.64	27.09	88050	69680782	0
2005.11.11	27.15	27.39	27.13	27.28	60236	48418138	0
2005.11.14	27.35	27.44	27.20	27.37	72539	60412314	0
2005.11.15	27.33	27.54	27.25	27.49	77289	60893584	0
2005.11.16	27.48	27.89	27.44	27.75	90990	80471793	0
2005.11.17	27.86	28.00	27.76	27.97	86799	82194325	0
2005.11.18	28.20	28.25	27.90	28.05	76642	68932666	0
2005.11.21	28.07	28.24	27.50	28.16	81277	60061976	0
2005.11.22	28.06	28.18	27.86	27.88	88906	94146478	0
2005.11.23	27.92	28.09	27.74	27.92	73926	64098137	0
2005.11.25	27.80	27.94	27.46	27.72	45573	40272343	0
2005.11.28	27.78	27.85	27.53	27.77	69650	54923338	0
2005.11.29	27.77	27.79	27.60	27.68	67315	56108182	0
2005.11.30	27.68	27.77	27.63	27.68	57096	47881138	0
2005.12.01	27.73	28.10	27.73	27.89	61607	53433367	0
2005.12.02	27.82	28.10	27.79	28.00	48299	40882239	0
2005.12.05	27.93	28.02	27.71	27.85	53014	42425487	0
2005.12.06	27.90	27.92	27.68	27.71	64057	59458038	0
2005.12.07	27.67	27.75	27.55	27.75	61712	52246949	0
2005.12.08	27.71	27.81	27.60	27.68	64797	61181807	0
2005.12.09	27.71	27.83	27.64	27.71	50876	45914575	0
2005.12.12	27.70	27.71	27.33	27.44	63412	61255520	0
2005.12.13	27.29	27.43	27.00	27.15	98013	90341617	0
2005.12.14	27.00	27.24	26.85	27.10	73182	60450797	0
2005.12.15	27.08	27.11	26.81	26.90	74368	75315976	0
2005.12.16	26.88	27.08	26.81	26.92	53977	70588361	0
2005.12.19	26.81	26.90	26.65	26.82	74847	63365057	0
2005.12.20	26.76	26.88	26.67	26.87	64924	60133759	0
2005.12.21	26.87	26.91	26.71	26.73	65933	71234180	0
2005.12.22	26.71	26.78	26.42	26.60	78753	88367764	0
2005.12.23	26.52	26.67	26.44	26.64	39412	29679757	0
2005.12.27	26.64	26.85	26.45	26.46	48701	35620250	0
2005.12.28	26.51	26.66	26.35	26.37	42097	30792961	0
2005.12.29	26.41	26.50	26.26	26.28	40452	32507087	0
2005.12.30	26.15	26.31	26.10	26.11	59051	43020675	0
2006.01.03	26.25	27.00	26.10	26.82	100970	76037685	0
2006.01.04	26.78	27.08	26.77	26.99	71453	55747823	0
2006.01.05	26.94	27.13	26.91	27.00	59348	46385681	0
2006.01.06	26.89	27.00	26.49	26.94	105211	87412147	0
2006.01.09	26.93	27.07	26.76	26.86	60255	49407865	0
2006.01.10	26.65	27.02	26.59	27.00	77979	62814169	0
2006.01.11	27.01	27.39	26.90	27.28	85656	68149231	0
2006.01.12	27.25	27.29	26.97	27.14	57615	43182532	0
2006.01.13	27.03	27.25	27.01	27.18	57529	39398624	0
2006.01.17	26.90	27.19	26.90	27.03	65991	52051039	0
2006.01.18	26.74	26.98	26.70	26.82	68042	49338002	0
2006.01.19	26.87	27.24	26.83	27.01	72993	55512076	0
2006.01.20	27.01	27.01	26.26	26.45	103102	77347354	0
2006.01.23	26.41	26.53	26.30	26.39	59233	44695316	0
2006.01.24	26.34	26.45	26.22	26.28	69074	59310907	0
2006.01.25	26.41	26.57	26.23	26.39	80112	57090689	0
2006.01.26	26.56	26.72	26.31	26.52	81525	61879991	0
2006.01.27	27.23	27.96	27.19	27.80	138526	126607857	0
2006.01.30	27.82	28.18	27.78	28.00	110213	96530059	0
2006.01.31	27.92	28.38	27.87	28.15	101179	87403734	0
2006.02.01	27.96	28.15	27.76	28.04	86810	65722172	0
2006.02.02	27.97	27.99	27.55	27.67	81740	51736845	0
2006.02.03	27.49	27.70	27.34	27.54	90660	73085374	0
2006.02.06	27.51	27.54	27.09	27.19	72893	56632629	0
2006.02.07	26.94	27.15	26.81	26.94	80336	60102315	0
2006.02.08	27.01	27.08	26.71	26.91	67995	48937560	0
2006.02.09	26.96	27.03	26.65	26.66	76217	49924858	0
2006.02.10	26.62	26.89	26.51	26.68	69053	46374544	0
2006.02.13	26.63	26.70	26.34	26.39	61931	45306497	0
2006.02.14	26.41	26.68	26.35	26.65	71476	54635143	0
2006.02.15	26.60	26.93	26.50	26.87	79115	59772749	0
2006.02.16	26.85	26.90	26.57	26.80	63187	45439863	0
2006.02.17	26.67	26.81	26.56	26.72	46012	38639955	0
2006.02.21	26.72	26.72	26.34	26.53	62586	46828239	0
2006.02.22	26.53	26.86	26.47	26.72	55144	38827319	0
2006.02.23	26.73	26.89	26.54	26.66	54216	42356777	0
2006.02.24	26.59	26.74	26.52	26.67	47175	41927267	0
2006.02.27	26.75	27.26	26.63	27.05	61102	48566704	0
2006.02.28	26.95	27.30	26.87	26.88	76839	57201843	0
2006.03.01	26.98	27.20	26.95	27.13	59536	47984088	0
2006.03.02	27.02	27.10	26.90	26.98	51025	39498128	0
2006.03.03	26.81	27.16	26.74	26.93	57353	43536817	0
2006.03.06	26.92	27.15	26.10	26.93	71839	49873251	0
2006.03.07	26.90	27.10	26.81	27.04	52710	43115256	0
2006.03.08	26.99	27.50	26.97	27.26	65872	53182920	0
2006.03.09	27.27	27.42	27.00	27.01	53068	41097150	0
2006.03.10	27.06	27.22	26.88	27.15	47596	38576969	0
2006.03.13	27.18	27.29	26.94	27.11	49065	38543512	0
2006.03.14	27.03	27.38	26.99	27.20	53202	38106768	0
2006.03.15	27.20	27.45	27.01	27.35	63426	53409487	0
2006.03.16	27.33	27.48	27.22	27.23	69529	70847068	0
2006.03.17	27.38	27.66	27.27	27.46	67925	83878634	0
2006.03.20	27.70	27.99	27.67	27.89	68281	65266781	0
2006.03.21	27.95	28.22	27.68	27.75	80309	67579254	0
2006.03.22	27.08	27.50	26.80	27.14	127941	136391863	0
2006.03.23	27.09	27.16	26.66	26.85	80829	70811379	0
2006.03.24	26.71	27.21	26.62	27.02	67968	67582625	0
2006.03.27	27.05	27.30	27.00	27.12	46668	42104313	0
2006.03.28	27.00	27.21	26.93	26.96	46310	35737740	0
2006.03.29	26.95	27.20	26.92	27.08	40440	32448880	0
2006.03.30	27.05	27.39	26.97	27.21	47481	39266701	0
2006.03.31	27.20	27.54	27.20	27.34	42588	37053926	0
2006.04.03	27.67	27.73	27.44	27.57	64277	51824834	0
2006.04.04	27.60	27.80	27.47	27.63	60171	40074997	0
2006.04.05	27.88	27.94	27.64	27.77	51349	39012404	0
2006.04.06	27.66	27.72	27.37	27.53	61819	47717384	0
2006.04.07	27.61	27.72	27.23	27.25	59498	44904514	0
2006.04.10	27.23	27.44	27.20	27.28	44763	36245110	0
2006.04.11	27.30	27.32	27.00	27.12	52996	40473491	0
2006.04.12	27.10	27.20	26.97	27.07	37925	28576212	0
2006.04.13	27.08	27.20	27.00	27.06	34722	25406851	0
2006.04.17	27.03	27.05	26.73	26.84	49379	33914743	0
2006.04.18	26.94	27.50	26.82	27.19	65625	52522774	0
2006.04.19	27.11	27.19	26.96	27.03	57513	42169795	0
2006.04.20	27.05	27.19	26.70	27.07	57808	42089379	0
2006.04.21	27.05	27.39	27.00	27.13	71851	56134999	0
2006.04.24	27.07	27.25	26.98	27.14	52089	39040182	0
2006.04.25	27.13	27.21	27.02	27.12	62043	47582000	0
2006.04.26	27.08	27.23	26.96	27.10	50308	36745916	0
2006.04.27	26.98	27.63	26.94	27.28	91686	65361762	0
2006.04.28	24.23	24.78	24.00	24.16	358217	492795792	0
2006.05.01	24.32	25.00	24.09	24.28	159320	168149195	0
2006.05.02	24.49	25.00	23.90	24.01	191446	184907789	0
2006.05.03	23.99	24.02	23.15	23.17	178727	198012487	0
2006.05.04	23.35	23.67	23.14	23.44	149167	156462699	0
2006.05.05	23.66	23.95	23.52	23.93	114301	119018850	0
2006.05.08	23.85	25.00	23.51	23.73	86376	73275558	0
2006.05.09	23.75	24.00	23.49	23.63	84368	65335844	0
2006.05.10	23.67	23.79	23.59	23.75	78954	72812719	0
2006.05.11	23.71	23.79	23.15	23.22	106844	90513557	0
2006.05.12	23.14	23.37	23.05	23.17	96473	79963098	0
2006.05.15	23.10	23.23	23.03	23.13	73271	58091133	0
2006.05.16	23.16	24.00	22.91	23.00	88509	73363097	0
2006.05.17	22.89	23.08	22.73	22.73	99790	90287123	0
2006.05.18	22.84	23.14	22.73	22.81	95078	85932826	0
2006.05.19	22.79	22.90	22.52	22.55	99846	93521072	0
2006.05.22	22.48	23.02	22.45	22.86	102829	81897035	0
2006.05.23	23.10	23.38	22.77	22.77	88968	77122622	0
2006.05.24	22.99	23.54	22.98	23.50	126158	102765813	0
2006.05.25	23.57	23.92	23.54	23.75	92280	79447778	0
2006.05.26	23.76	23.88	23.56	23.72	62576	44065090	0
2006.05.30	23.55	23.76	23.14	23.15	70612	49302962	0
2006.05.31	23.26	23.35	22.69	22.70	111815	94180720	0
2006.06.01	22.74	22.84	22.62	22.84	82572	71216959	0
2006.06.02	22.88	22.99	22.67	22.76	78093	70788598	0
2006.06.05	22.72	22.76	22.49	22.51	67042	60838470	0
2006.06.06	22.55	22.56	21.98	22.13	127936	120626754	0
2006.06.07	22.16	22.39	22.01	22.03	86104	70093366	0
2006.06.08	22.03	22.21	21.97	22.12	117947	100758950	0
2006.06.09	22.15	22.19	21.89	21.93	62771	49831634	0
2006.06.12	21.96	22.10	21.70	21.71	79281	71592999	0
2006.06.13	21.73	22.03	21.46	21.48	132397	109545789	0
2006.06.14	21.58	21.94	21.55	21.87	97837	83027274	0
2006.06.15	22.01	22.13	21.78	22.09	104759	92095279	0
2006.06.16	21.97	22.28	21.79	22.09	122496	130506288	0
2006.06.19	22.14	22.60	22.10	22.53	98498	122709900	0
2006.06.20	22.55	22.76	22.50	22.58	90892	84634456	0
2006.06.21	22.61	23.15	22.53	23.07	87436	82953239	0
2006.06.22	23.06	23.17	22.78	22.88	79455	69284416	0
2006.06.23	22.85	22.88	22.50	22.51	64771	58368366	0
2006.06.26	22.65	22.89	22.63	22.83	55664	44095772	0
2006.06.27	22.89	23.16	22.84	22.86	79763	67057949	0
2006.06.28	22.96	23.25	22.91	23.19	74006	60635351	0
2006.06.29	23.32	23.63	23.22	23.54	121745	106665089	0
2006.06.30	23.55	23.65	23.30	23.31	68494	52631097	0
2006.07.03	23.53	23.72	23.45	23.61	30894	25347288	0
2006.07.05	23.48	23.52	23.31	23.31	69085	50642640	0
2006.07.06	23.45	23.61	23.42	23.50	53632	43251649	0
2006.07.07	23.41	23.55	23.30	23.31	60079	49973049	0
2006.07.10	23.42	23.66	23.38	23.48	50028	39395192	0
2006.07.11	23.37	23.37	22.74	23.09	91671	78300005	0
2006.07.12	22.79	22.88	22.62	22.64	74991	66838374	0
2006.07.13	22.37	22.61	22.25	22.25	81413	69071981	0
2006.07.14	22.28	22.55	22.23	22.30	82854	65042240	0
2006.07.17	22.28	22.61	22.26	22.43	51802	35295065	0
2006.07.18	22.59	22.76	22.48	22.73	74041	55080349	0
2006.07.19	22.82	23.46	22.72	23.44	90751	71114891	0
2006.07.20	23.43	23.45	22.78	22.86	81133	58726988	0
2006.07.21	24.06	24.15	23.00	23.84	164508	161387141	0
2006.07.24	24.01	24.12	23.79	23.98	72509	54287197	0
2006.07.25	24.00	24.29	23.90	24.22	68950	56532126	0
2006.07.26	24.12	24.53	24.10	24.38	66569	52345656	0
2006.07.27	24.59	24.60	23.77	23.88	108412	81760777	0
2006.07.28	24.08	24.28	24.06	24.22	64152	49001961	0
2006.07.31	24.07	24.42	24.00	24.07	58325	35436994	0
2006.08.01	24.02	24.20	23.85	23.99	67662	46076526	0
2006.08.02	24.12	24.40	24.03	24.30	64365	44735521	0
2006.08.03	24.19	24.48	24.15	24.22	57424	39456115	0
2006.08.04	24.40	24.49	24.15	24.30	58037	37594106	0
2006.08.07	24.27	24.48	24.19	24.23	48580	31183215	0
2006.08.08	24.39	24.52	24.20	24.35	66214	44007537	0
2006.08.09	24.49	24.64	24.34	24.43	64176	42715735	0
2006.08.10	24.37	24.60	24.34	24.45	45437	27099653	0
2006.08.11	24.43	24.45	24.20	24.43	41940	28189134	0
2006.08.14	24.53	24.60	24.35	24.52	57844	42564455	0
2006.08.15	24.55	24.65	24.44	24.61	53540	45176281	0
2006.08.16	24.61	24.73	24.47	24.73	61572	50156552	0
2006.08.17	24.70	24.75	24.61	24.70	49578	43099445	0
2006.08.18	25.05	25.80	24.97	25.78	119821	119516715	0
2006.08.21	25.66	26.13	25.56	26.12	96677	83687150	0
2006.08.22	26.01	26.25	25.62	25.66	100484	78913171	0
2006.08.23	25.64	25.95	25.52	25.70	61189	41483248	0
2006.08.24	25.81	25.86	25.50	25.74	53573	33114169	0
2006.08.25	25.71	26.00	25.69	25.84	45498	30371952	0
2006.08.28	25.84	26.00	25.69	25.95	50891	31641636	0
2006.08.29	25.93	25.98	25.63	25.81	58671	40207325	0
2006.08.30	25.85	25.89	25.64	25.81	43314	27330222	0
2006.08.31	25.87	25.98	25.68	25.68	36745	23286991	0
2006.09.01	25.91	25.97	25.64	25.83	43236	29525650	0
2006.09.05	25.69	25.96	25.56	25.62	52782	42140805	0
2006.09.06	25.56	25.72	25.51	25.60	45370	34508963	0
2006.09.07	25.48	25.70	25.39	25.43	58369	46799916	0
2006.09.08	25.53	25.79	25.46	25.62	50025	34215646	0
2006.09.11	25.42	25.95	25.42	25.92	67525	53001042	0
2006.09.12	25.90	25.98	25.72	25.94	61549	45390693	0
2006.09.13	25.82	26.10	25.49	25.98	51697	35691518	0
2006.09.14	25.99	26.50	25.98	26.35	86471	70494532	0
2006.09.15	26.57	26.94	26.49	26.82	92391	102466948	0
2006.09.18	26.74	27.04	26.67	26.80	64321	47642205	0
2006.09.19	26.74	26.94	26.72	26.86	59924	40991348	0
2006.09.20	27.01	27.23	26.99	27.19	83950	65820438	0
2006.09.21	27.24	27.25	26.85	26.89	78141	54955449	0
2006.09.22	26.83	26.86	26.48	26.66	65770	44676633	0
2006.09.25	26.81	27.19	26.79	26.97	82022	61068370	0
2006.09.26	26.91	27.32	26.88	27.24	69229	51057025	0
2006.09.27	27.16	27.47	27.00	27.46	76301	63441890	0
2006.09.28	27.47	27.52	27.26	27.39	57090	41648232	0
2006.09.29	27.35	27.42	27.21	27.33	44841	29554990	0
2006.10.02	27.32	27.49	27.15	27.34	64419	44374670	0
2006.10.03	27.37	27.48	27.21	27.37	58506	37233190	0
2006.10.04	27.39	27.96	27.36	27.95	105648	79846415	0
2006.10.05	27.92	28.11	27.78	27.94	83866	76446040	0
2006.10.06	27.76	28.00	27.65	27.90	51178	34340950	0
2006.10.09	27.78	27.93	27.62	27.71	46677	30427092	0
2006.10.10	27.69	27.75	27.44	27.67	54953	33123544	0
2006.10.11	27.45	27.67	27.42	27.54	55789	34528839	0
2006.10.12	27.58	28.29	27.54	28.28	124765	115819173	0
2006.10.13	28.34	28.69	28.31	28.38	116254	125210728	0
2006.10.16	28.49	28.60	28.33	28.46	60784	46436871	0
2006.10.17	28.24	28.51	28.17	28.49	57576	37940285	0
2006.10.18	28.50	28.70	28.26	28.52	62404	37999113	0
2006.10.19	28.35	28.45	28.12	28.32	64694	42509396	0
2006.10.20	28.48	28.49	28.17	28.43	56339	44153012	0
2006.10.23	28.30	28.69	28.17	28.44	72829	45125793	0
2006.10.24	28.43	28.43	28.13	28.19	77414	54975400	0
2006.10.25	28.29	28.46	28.14	28.32	57077	38882993	0
2006.10.26	28.33	28.41	28.04	28.34	84939	61647816	0
2006.10.27	28.50	28.79	28.25	28.36	119132	84725246	0
2006.10.30	28.36	28.84	28.32	28.57	60240	44608086	0
2006.10.31	28.64	28.85	28.56	28.69	69098	45892537	0
2006.11.01	28.78	28.99	28.70	28.80	84966	63392952	0
2006.11.02	28.70	28.86	28.58	28.75	63855	47135308	0
2006.11.03	28.87	28.93	28.61	28.73	56680	37936999	0
2006.11.06	28.77	29.05	28.76	28.80	63619	50013009	0
2006.11.07	28.86	29.07	28.80	28.95	66201	47460524	0
2006.11.08	28.77	29.23	28.66	28.99	91133	70034374	0
2006.11.09	29.07	29.40	29.00	29.26	100620	80465270	0
2006.11.10	29.17	29.29	29.15	29.27	42457	29724387	0
2006.11.13	29.20	29.46	29.16	29.36	50176	38316036	0
2006.11.14	29.27	29.42	29.07	29.22	67272	50336712	0
2006.11.15	29.13	29.36	29.11	29.11	69189	54064300	0
2006.11.16	29.14	29.64	29.13	29.44	77092	58892888	0
2006.11.17	29.29	29.54	29.28	29.39	55982	39940441	0
2006.11.20	29.51	30.00	29.50	29.90	100371	80305601	0
2006.11.21	29.91	30.00	29.79	29.92	66879	53267266	0
2006.11.22	29.97	30.00	29.82	29.91	51701	37769344	0
2006.11.24	29.66	29.84	29.63	29.80	27968	20245333	0
2006.11.27	29.68	29.74	29.33	29.47	87341	60465592	0
2006.11.28	29.34	29.42	29.13	29.39	75073	50316166	0
2006.11.29	29.45	29.78	29.39	29.58	73174	49738245	0
2006.11.30	29.42	29.57	29.34	29.35	68762	43237907	0
2006.12.01	29.22	29.30	28.90	29.11	102738	67228565	0
2006.12.04	29.23	29.52	29.17	29.33	87812	51828897	0
2006.12.05	29.37	29.40	29.03	29.14	73971	43791044	0
2006.12.06	29.10	29.13	28.87	29.01	69412	44740824	0
2006.12.07	28.96	29.07	28.81	28.87	66536	41477586	0
2006.12.08	28.83	29.11	28.80	29.08	78233	76949044	0
2006.12.11	29.22	29.75	29.11	29.56	86335	101825756	0
2006.12.12	29.57	29.63	29.22	29.43	92914	64252345	0
2006.12.13	29.59	29.60	29.32	29.54	59502	39301560	0
2006.12.14	29.53	30.08	29.52	30.07	97544	78434572	0
2006.12.15	30.14	30.23	30.03	30.19	74669	76442708	0
2006.12.18	30.20	30.26	29.78	29.87	69489	46663750	0
2006.12.19	29.69	30.17	29.53	29.99	72934	44743231	0
2006.12.20	29.99	30.24	29.96	30.10	49045	29195763	0
2006.12.21	30.14	30.14	29.89	29.98	52834	30500974	0
2006.12.22	29.82	29.98	29.62	29.65	49549	36237794	0
2006.12.26	29.50	30.00	29.40	29.99	45150	32087282	0
2006.12.27	29.99	30.13	29.91	30.03	41773	28940344	0
2006.12.28	29.86	30.03	29.81	29.98	40881	21679539	0
2006.12.29	29.86	30.15	29.83	29.85	46385	36588540	0
2007.01.03	29.92	30.25	29.40	29.88	105914	69497119	0
2007.01.04	29.70	29.97	29.44	29.81	78448	40412345	0
2007.01.05	29.63	29.75	29.45	29.64	67724	38429043	0
2007.01.08	29.65	30.10	29.53	29.94	80002	45297872	0
2007.01.09	30.00	30.18	29.73	29.96	75320	42097007	0
2007.01.10	29.80	29.89	29.43	29.67	79838	52217626	0
2007.01.11	29.76	30.75	29.65	30.69	132215	94180325	0
2007.01.12	30.65	31.39	30.64	31.20	136588	97894011	0
2007.01.16	31.26	31.45	31.03	31.15	95147	58152157	0
2007.01.17	31.26	31.44	31.01	31.12	84906	51645820	0
2007.01.18	31.15	31.37	30.80	30.99	90768	52120087	0
2007.01.19	30.73	31.11	30.69	31.09	93319	70769879	0
2007.01.22	31.07	31.12	30.51	30.73	90340	48440751	0
2007.01.23	30.63	30.96	30.52	30.75	84273	45235492	0
2007.01.24	30.78	31.30	30.65	31.09	87888	56035256	0
2007.01.25	31.08	31.48	30.46	30.46	131838	80980796	0
2007.01.26	31.22	31.23	30.60	30.60	156726	91633752	0
2007.01.29	30.65	30.78	30.34	30.53	106507	53951925	0
2007.01.30	30.57	30.64	30.14	30.49	91249	59335097	0
2007.01.31	30.41	31.10	30.35	30.86	112060	69215232	0
2007.02.01	30.84	30.94	30.37	30.55	97695	50204045	0
2007.02.02	30.82	30.84	30.13	30.17	85907	53935487	0
2007.02.05	29.97	30.02	29.40	29.59	115127	77420719	0
2007.02.06	29.59	29.75	29.22	29.50	109094	76602092	0
2007.02.07	29.64	29.70	29.25	29.37	88946	62956469	0
2007.02.08	29.24	29.80	29.20	29.26	63587	46311809	0
2007.02.09	29.35	29.40	28.90	28.94	94093	67151313	0
2007.02.12	28.89	29.09	28.83	28.94	73868	46055928	0
2007.02.13	29.04	29.20	28.96	29.04	83725	47183326	0
2007.02.14	29.18	29.69	29.15	29.44	85801	51157649	0
2007.02.15	29.58	29.65	29.22	29.54	87967	50371203	0
2007.02.16	28.91	28.94	28.65	28.71	125006	100468915	0
2007.02.20	28.63	28.86	28.47	28.83	86002	50748306	0
2007.02.21	28.75	29.39	28.74	29.34	109056	61740751	0
2007.02.22	29.31	29.54	29.16	29.38	93160	53347153	0
2007.02.23	29.22	29.28	28.89	28.90	85047	60463893	0
2007.02.26	28.95	29.09	28.88	29.09	79867	56837176	0
2007.02.27	28.71	28.97	27.79	27.88	146559	82293239	0
2007.02.28	27.95	28.25	27.92	28.15	127223	74253288	0
2007.03.01	27.82	28.33	27.73	28.08	140433	73759185	0
2007.03.02	28.02	28.16	27.76	27.76	102186	60569753	0
2007.03.05	27.49	27.91	27.41	27.56	89135	41308222	0
2007.03.06	27.81	27.94	27.65	27.83	83478	43823502	0
2007.03.07	27.82	27.90	27.55	27.60	77593	43327725	0
2007.03.08	27.72	27.85	27.21	27.34	99154	67704548	0
2007.03.09	27.42	27.48	27.03	27.29	90113	54979834	0
2007.03.12	27.26	27.48	27.19	27.45	48010	27564622	0
2007.03.13	27.25	27.29	26.65	26.72	101907	62901642	0
2007.03.14	27.03	27.40	26.88	27.38	106898	61229174	0
2007.03.15	27.38	27.47	27.20	27.25	58037	38958107	0
2007.03.16	27.41	27.43	27.20	27.33	51713	33941322	0
2007.03.19	27.64	27.85	27.55	27.84	59027	34678708	0
2007.03.20	27.95	28.16	27.81	27.84	57501	35602833	0
2007.03.21	27.72	28.55	27.56	28.47	88505	51914887	0
2007.03.22	28.25	28.38	28.01	28.27	60575	36218793	0
2007.03.23	28.06	28.20	27.95	27.97	53529	34550585	0
2007.03.26	27.94	28.22	27.70	28.22	82582	42544282	0
2007.03.27	28.04	28.16	27.65	27.76	79286	54377054	0
2007.03.28	27.57	28.00	27.40	27.63	80982	43885630	0
2007.03.29	27.84	27.85	27.49	27.74	72045	39610698	0
2007.03.30	27.75	27.95	27.50	27.87	69767	40708201	0
2007.04.02	27.88	27.93	27.56	27.73	66123	35592283	0
2007.04.03	27.86	28.06	27.74	27.87	65510	38061628	0
2007.04.04	28.01	28.78	27.90	28.50	86956	51751470	0
2007.04.05	28.32	28.65	28.30	28.55	48334	28690683	0
2007.04.09	28.57	28.72	28.39	28.57	53538	30730344	0
2007.04.10	28.50	28.64	28.22	28.39	57326	35385239	0
2007.04.11	28.30	28.57	27.99	28.09	68816	41554642	0
2007.04.12	28.06	28.62	28.04	28.54	77860	41468249	0
2007.04.13	28.43	28.70	28.10	28.62	65317	33788156	0
2007.04.16	28.60	28.76	28.21	28.72	52883	27118194	0
2007.04.17	28.64	28.89	28.56	28.87	55753	30409237	0
2007.04.18	28.64	28.67	28.36	28.57	60329	37650594	0
2007.04.19	28.34	28.89	28.26	28.68	66410	40589485	0
2007.04.20	28.99	29.10	28.70	29.02	75459	55680145	0
2007.04.23	28.96	28.99	28.67	28.79	64235	34264853	0
2007.04.24	28.80	28.96	28.59	28.79	57279	29347892	0
2007.04.25	28.86	29.00	28.68	28.99	62708	33907965	0
2007.04.26	29.10	29.35	28.91	29.11	84789	54503820	0
2007.04.27	30.17	30.74	30.00	30.13	154755	115520294	0
2007.04.30	30.10	30.37	29.94	29.94	78425	53170086	0
2007.05.01	29.95	30.42	29.90	30.41	89947	67464589	0
2007.05.02	30.39	30.69	30.30	30.61	84705	69498248	0
2007.05.03	30.60	31.01	30.53	30.98	78725	78274076	0
2007.05.04	30.68	30.70	30.29	30.56	111349	96264024	0
2007.05.07	30.51	30.76	30.48	30.69	63094	55730673	0
2007.05.08	30.67	30.94	30.58	30.75	58703	46372681	0
2007.05.09	30.63	30.93	30.57	30.79	74598	50578882	0
2007.05.10	30.68	30.93	30.53	30.58	85504	52630908	0
2007.05.11	30.57	30.98	30.56	30.90	54088	40805739	0
2007.05.14	30.85	30.99	30.81	30.99	61361	47193921	0
2007.05.15	30.90	31.09	30.84	30.92	87224	70831429	0
2007.05.16	31.00	31.09	30.81	31.08	61241	41915576	0
2007.05.17	31.01	31.14	30.96	30.98	50608	38531544	0
2007.05.18	30.98	30.99	30.58	30.83	67875	51727646	0
2007.05.21	30.78	31.17	30.73	31.07	58249	38398888	0
2007.05.22	30.90	30.93	30.66	30.69	61564	36777755	0
2007.05.23	30.82	30.84	30.57	30.58	68750	42427958	0
2007.05.24	30.54	30.80	29.96	30.19	98011	60664534	0
2007.05.25	30.28	30.66	30.18	30.48	71452	42864677	0
2007.05.29	30.49	30.83	30.39	30.80	64384	38057508	0
2007.05.30	30.55	31.13	30.51	31.13	82987	49575652	0
2007.05.31	31.12	31.16	30.61	30.68	85341	56135264	0
2007.06.01	30.80	30.90	30.55	30.60	65128	35918191	0
2007.06.04	30.42	30.76	30.40	30.69	60615	34199568	0
2007.06.05	30.58	30.63	30.33	30.58	66167	35546212	0
2007.06.06	30.38	30.54	30.25	30.29	59358	32792447	0
2007.06.07	30.01	30.29	29.59	29.60	116178	65249892	0
2007.06.08	29.58	30.06	29.41	30.05	92816	54379001	0
2007.06.11	29.96	30.25	29.93	30.02	60448	40986803	0
2007.06.12	29.95	30.24	29.77	29.85	79812	49583215	0
2007.06.13	29.97	30.41	29.85	30.39	85443	61258907	0
2007.06.14	30.35	30.71	30.30	30.56	66275	50703490	0
2007.06.15	30.86	30.88	30.43	30.49	73929	61065491	0
2007.06.18	30.69	30.72	30.42	30.51	61663	42009160	0
2007.06.19	30.48	30.66	30.38	30.46	64354	39389129	0
2007.06.20	30.44	30.51	29.96	30.05	71386	43644245	0
2007.06.21	29.95	30.31	29.91	30.22	81329	53200718	0
2007.06.22	30.00	30.10	29.45	29.50	104930	62221423	0
2007.06.25	29.47	29.77	29.38	29.51	78349	45945578	0
2007.06.26	29.55	29.80	29.50	29.52	74078	40565167	0
2007.06.27	29.37	29.95	29.36	29.87	74531	42075115	0
2007.06.28	29.86	29.98	29.68	29.83	69707	38320585	0
2007.06.29	29.87	29.93	29.04	29.47	103747	59017081	0
2007.07.02	29.67	29.80	29.49	29.75	71868	40358469	0
2007.07.03	29.78	30.22	29.78	29.95	46363	33937445	0
2007.07.05	30.05	30.22	29.83	29.99	72609	41434969	0
2007.07.06	29.94	30.04	29.66	29.96	72948	46117907	0
2007.07.09	29.86	29.95	29.81	29.85	52291	29774831	0
2007.07.10	29.70	30.00	29.18	29.37	107154	60720163	0
2007.07.11	29.21	29.65	29.21	29.50	71763	39077300	0
2007.07.12	29.56	30.10	29.44	30.10	83390	49850804	0
2007.07.13	29.99	30.02	29.66	29.81	62475	39304444	0
2007.07.16	29.77	30.25	29.72	30.03	67557	39300934	0
2007.07.17	30.01	30.88	30.01	30.75	108760	72982733	0
2007.07.18	30.51	30.97	30.50	30.95	104683	59579828	0
2007.07.19	31.05	31.84	30.93	31.51	138560	106152227	0
2007.07.20	31.15	31.20	30.79	31.19	118536	81283268	0
2007.07.23	31.36	31.53	31.12	31.17	76299	46127519	0
2007.07.24	31.01	31.48	30.71	30.82	98049	51870410	0
2007.07.25	30.99	31.30	30.37	30.69	108280	50475539	0
2007.07.26	30.24	30.53	29.51	30.07	155850	72568479	0
2007.07.27	29.93	30.00	29.36	29.37	135272	60521467	0
2007.07.30	29.45	29.49	28.95	29.44	107444	56750462	0
2007.07.31	29.72	29.72	28.98	28.99	105437	54523783	0
2007.08.01	28.97	29.55	28.82	29.34	148716	72516121	0
2007.08.02	29.23	29.79	29.02	29.52	89766	44278893	0
2007.08.03	29.48	29.78	28.90	28.90	109563	54387478	0
2007.08.06	29.08	29.54	28.75	29.54	109078	54155522	0
2007.08.07	29.32	29.79	29.05	29.54	99993	43309247	0
2007.08.08	29.68	30.01	29.21	30.00	96027	44954776	0
2007.08.09	29.68	30.10	28.93	28.95	147008	68035537	0
2007.08.10	28.90	29.05	28.26	28.68	169378	72934898	0
2007.08.13	28.94	28.99	28.44	28.65	98363	43374258	0
2007.08.14	28.77	28.89	28.20	28.30	92242	36541256	0
2007.08.15	28.17	28.99	28.05	28.11	103326	43246335	0
2007.08.16	27.88	28.35	27.51	27.84	170283	68214451	0
2007.08.17	28.10	28.25	27.82	28.25	142011	59781986	0
2007.08.20	28.20	28.49	28.08	28.26	92663	40834119	0
2007.08.21	28.10	28.32	27.87	28.08	88453	45016586	0
2007.08.22	28.27	28.32	28.01	28.21	74039	35615811	0
2007.08.23	28.30	28.33	28.10	28.29	67773	31319593	0
2007.08.24	28.23	28.84	28.07	28.80	78494	40407839	0
2007.08.27	28.61	28.77	28.40	28.49	54580	24507697	0
2007.08.28	28.25	28.43	27.91	27.93	75371	33757748	0
2007.08.29	28.08	28.61	27.82	28.59	84692	37795301	0
2007.08.30	28.35	28.93	28.32	28.45	71637	30387789	0
2007.08.31	28.73	28.92	28.36	28.69	72535	34127351	0
2007.09.04	28.54	29.10	28.48	28.81	74802	40399194	0
2007.09.05	28.72	28.73	28.42	28.47	91075	40317224	0
2007.09.06	28.56	29.01	28.55	28.93	77710	41856853	0
2007.09.07	28.62	28.83	28.32	28.45	83534	39404362	0
2007.09.10	28.68	28.75	28.41	28.49	71204	31706824	0
2007.09.11	28.64	28.96	28.58	28.95	67393	31601388	0
2007.09.12	28.85	29.17	28.80	28.90	72288	34881789	0
2007.09.13	29.13	29.26	28.96	29.15	62165	29525168	0
2007.09.14	28.95	29.11	28.88	29.04	63604	28961690	0
2007.09.17	28.75	28.88	28.62	28.72	70283	36170661	0
2007.09.18	28.70	28.97	28.27	28.91	136700	67872269	0
2007.09.19	28.87	28.91	28.30	28.66	138694	86811236	0
2007.09.20	28.48	28.68	28.34	28.42	91054	61929447	0
2007.09.21	28.70	28.82	28.44	28.62	93885	67950447	0
2007.09.24	28.82	29.61	28.80	29.08	145873	93496760	0
2007.09.25	29.14	29.56	29.08	29.55	110198	68442753	0
2007.09.26	29.68	29.85	29.48	29.49	90637	52792109	0
2007.09.27	29.70	29.72	29.44	29.50	68248	38585097	0
2007.09.28	29.51	29.69	29.23	29.47	76473	38536320	0
2007.10.01	29.42	29.80	29.41	29.76	75927	38667386	0
2007.10.02	29.78	29.85	29.57	29.70	65735	30352684	0
2007.10.03	29.71	29.85	29.29	29.47	70829	34254232	0
2007.10.04	29.57	29.77	29.44	29.73	67067	34573330	0
2007.10.05	29.89	29.99	29.73	29.88	74457	41250716	0
2007.10.08	29.63	29.85	29.60	29.84	56444	27925361	0
2007.10.09	30.02	30.39	30.00	30.11	94818	53580761	0
2007.10.10	30.04	30.37	30.03	30.23	62674	29826844	0
2007.10.11	30.35	30.63	29.79	29.89	93955	47187742	0
2007.10.12	30.03	30.40	29.91	30.17	57214	28313942	0
2007.10.15	30.16	30.33	30.00	30.10	81797	43165696	0
2007.10.16	30.24	30.59	30.23	30.31	95868	48710614	0
2007.10.17	30.75	31.23	30.31	31.09	136791	79348768	0
2007.10.18	31.22	31.23	30.63	31.14	92233	43258257	0
2007.10.19	31.09	31.12	30.11	30.18	117456	57728176	0
2007.10.22	30.12	30.70	30.12	30.50	112023	49718313	0
2007.10.23	30.72	31.12	30.71	30.90	96271	45653023	0
2007.10.24	30.85	31.30	30.50	31.28	155152	70199647	0
2007.10.25	31.60	32.22	31.49	32.00	185600	127917476	0
2007.10.26	36.02	36.03	34.56	35.07	358676	244614861	0
2007.10.29	35.00	35.24	34.45	34.57	120674	72670173	0
2007.10.30	34.70	35.59	34.68	35.46	126951	80602237	0
2007.10.31	35.91	37.00	35.57	36.72	224388	148645749	0
2007.11.01	36.71	37.49	36.65	37.10	185713	113761801	0
2007.11.02	36.88	37.50	36.66	37.09	155424	71712514	0
2007.11.05	36.75	37.10	36.63	36.72	139074	66887313	0
2007.11.06	36.59	36.73	35.87	36.41	165149	91224333	0
2007.11.07	36.03	36.16	35.45	35.52	147315	69796196	0
2007.11.08	35.60	35.90	34.40	34.71	235633	116179475	0
2007.11.09	34.19	34.54	33.65	33.67	199814	117827746	0
2007.11.12	33.32	33.71	33.02	33.38	176536	76882363	0
2007.11.13	33.54	34.67	33.44	34.42	173414	96005391	0
2007.11.14	34.68	34.75	33.75	33.93	134886	76776336	0
2007.11.15	33.80	34.10	33.55	33.70	137739	56608325	0
2007.11.16	33.87	34.26	33.71	34.05	130549	59640665	0
2007.11.19	33.93	34.24	33.87	33.97	121305	58120302	0
2007.11.20	34.22	34.97	34.10	34.63	193107	94322671	0
2007.11.21	34.39	34.73	34.18	34.21	173919	85183951	0
2007.11.23	34.36	34.44	33.71	34.11	62629	30356909	0
2007.11.26	34.08	34.37	32.93	32.99	148534	75192935	0
2007.11.27	33.26	33.60	32.68	33.04	169717	79508824	0
2007.11.28	33.38	33.89	32.90	33.69	149622	80522540	0
2007.11.29	33.51	33.93	33.31	33.59	109992	49895942	0
2007.11.30	33.93	34.12	33.19	33.59	117352	53095086	0
2007.12.03	33.50	33.65	32.68	32.94	117190	55931584	0
2007.12.04	32.74	33.24	32.63	32.79	100540	46270398	0
2007.12.05	33.13	34.52	32.77	34.16	139261	77451763	0
2007.12.06	34.16	34.63	33.87	34.55	101901	45341411	0
2007.12.07	34.60	34.70	34.22	34.52	76233	32475544	0
2007.12.10	34.62	34.95	34.47	34.77	67555	33325196	0
2007.12.11	34.73	34.99	33.93	34.15	115880	49057335	0
2007.12.12	34.68	35.09	33.93	34.47	130470	56055326	0
2007.12.13	34.47	35.45	34.28	35.23	146826	66243132	0
2007.12.14	35.05	35.84	35.01	35.32	125524	59127135	0
2007.12.17	35.05	35.13	34.36	34.39	106283	51343382	0
2007.12.18	34.57	35.00	34.21	34.78	107782	47263243	0
2007.12.19	34.69	35.14	34.38	34.76	122768	54398639	0
2007.12.20	35.34	35.79	35.08	35.52	120872	54571540	0
2007.12.21	35.90	36.05	35.71	36.05	82443	40329936	0
2007.12.24	36.13	36.73	36.05	36.58	47166	22795238	0
2007.12.26	36.43	36.64	36.26	36.61	47685	25785606	0
2007.12.27	36.35	36.55	35.94	36.05	64564	29688396	0
2007.12.28	36.13	36.23	35.67	36.10	71411	30293605	0
2007.12.31	35.97	35.99	35.52	35.59	65507	28996046	0
2008.01.02	35.79	35.96	35.00	35.23	145111	53607782	0
2008.01.03	35.25	35.65	34.86	35.37	103552	45530170	0
2008.01.04	35.18	35.22	34.09	34.36	157792	64080330	0
2008.01.07	34.50	34.80	34.25	34.65	177474	74683955	0
2008.01.08	34.71	34.71	33.40	33.46	166389	69953140	0
2008.01.09	33.36	34.54	33.35	34.44	176240	68171803	0
2008.01.10	34.35	34.50	33.78	34.32	170996	66467396	0
2008.01.11	34.14	34.24	33.72	33.92	128126	48339317	0
2008.01.14	34.47	34.57	34.08	34.39	110643	46577980	0
2008.01.15	34.00	34.38	34.00	34.00	125547	55438052	0
2008.01.16	33.42	33.65	32.51	33.21	218211	103558352	0
2008.01.17	33.70	33.80	32.97	33.03	206047	84244644	0
2008.01.18	33.18	34.00	32.97	33.06	229732	94669111	0
2008.01.22	31.54	32.53	31.50	31.98	250562	95082286	0
2008.01.23	31.48	32.05	31.04	32.00	291949	127879542	0
2008.01.24	32.35	33.36	32.12	33.24	250720	128005860	0
2008.01.25	34.90	35.00	32.87	32.95	335998	183045637	0
2008.01.28	33.02	33.10	32.42	32.72	166985	75840764	0
2008.01.29	32.85	32.89	32.35	32.62	129830	60133456	0
2008.01.30	32.57	32.80	32.05	32.20	186946	102280529	0
2008.01.31	31.91	32.74	31.72	32.54	182100	90530359	0
2008.02.01	31.06	33.25	30.25	30.45	432178	250725477	0
2008.02.04	30.48	30.72	30.11	30.19	201718	107744820	0
2008.02.05	29.88	29.94	28.89	29.07	241369	128971172	0
2008.02.06	29.33	29.35	28.32	28.52	225741	123694392	0
2008.02.07	28.34	28.78	27.87	28.12	294976	158404321	0
2008.02.08	28.29	29.08	28.24	28.56	261554	119714161	0
2008.02.11	28.59	28.60	27.91	28.19	252415	150309650	0
2008.02.12	28.43	28.62	28.11	28.34	151744	79473129	0
2008.02.13	28.63	29.05	28.53	28.97	170472	83653509	0
2008.02.14	28.88	29.04	28.46	28.52	152847	64742583	0
2008.02.15	28.38	28.64	28.25	28.42	110009	54997347	0
2008.02.19	28.79	28.84	28.07	28.20	130834	63547232	0
2008.02.20	28.15	28.26	27.92	28.23	181992	88788039	0
2008.02.21	28.63	28.96	27.96	28.12	177213	88681793	0
2008.02.22	28.24	28.39	27.20	27.73	205947	120127178	0
2008.02.25	27.59	28.24	27.48	27.82	189579	105995126	0
2008.02.26	27.74	28.86	27.67	28.40	189702	94474196	0
2008.02.27	28.19	28.68	28.10	28.30	149698	71751926	0
2008.02.28	28.02	28.28	27.80	27.92	143399	76997940	0
2008.02.29	27.69	27.83	27.02	27.20	179216	103802997	0
2008.03.03	27.23	27.39	26.87	26.99	135914	69730361	0
2008.03.04	27.02	27.63	26.96	27.56	156576	80962486	0
2008.03.05	27.72	28.41	27.59	28.13	203079	99559009	0
2008.03.06	28.06	28.17	27.50	27.58	152867	85907963	0
2008.03.07	27.36	28.07	27.32	27.87	163051	72926326	0
2008.03.10	28.05	28.22	27.87	28.00	118004	55759303	0
2008.03.11	28.70	29.39	28.55	29.35	143028	71319150	0
2008.03.12	29.10	29.45	28.54	28.64	111467	56465768	0
2008.03.13	28.46	29.00	28.16	28.60	150447	65161530	0
2008.03.14	28.31	28.43	27.64	27.81	172257	74166971	0
2008.03.17	27.91	28.73	27.73	28.47	154650	64683221	0
2008.03.18	28.99	29.48	28.68	29.43	155719	63398801	0
2008.03.19	29.28	29.59	28.62	28.74	115657	46055962	0
2008.03.20	28.97	29.23	28.62	29.15	86057	31426795	0
2008.03.24	29.14	29.40	29.06	29.20	79102	33691473	0
2008.03.25	29.01	29.27	28.95	29.08	77154	33718447	0
2008.03.26	28.76	28.76	28.06	28.30	77510	32994681	0
2008.03.27	28.05	28.36	28.00	28.10	74873	30151027	0
2008.03.28	28.32	28.39	27.83	27.93	74184	31916770	0
2008.03.31	27.88	28.59	27.84	28.38	91205	38183003	0
2008.04.01	28.83	29.54	28.63	29.51	135425	59590703	0
2008.04.02	29.56	29.58	29.00	29.15	106387	46464468	0
2008.04.03	29.05	29.32	28.80	29.00	88029	36272193	0
2008.04.04	29.13	29.27	28.74	29.16	101364	40016325	0
2008.04.07	29.57	29.59	29.03	29.16	99247	41128958	0
2008.04.08	28.94	29.00	28.54	28.79	90761	36443916	0
2008.04.09	28.71	29.04	28.54	28.92	88716	38142230	0
2008.04.10	28.86	29.40	28.80	29.10	121956	56415182	0
2008.04.11	28.87	29.01	28.21	28.32	99087	44395834	0
2008.04.14	28.21	28.31	27.93	28.06	80623	35459122	0
2008.04.15	28.12	28.48	28.03	28.27	70504	29975146	0
2008.04.16	28.55	29.06	28.25	28.93	97683	49155659	0
2008.04.17	29.11	29.34	28.90	29.24	96748	44528509	0
2008.04.18	30.00	30.10	29.61	30.00	123324	60052174	0
2008.04.21	30.22	30.60	30.12	30.41	111095	51254374	0
2008.04.22	30.64	30.70	29.97	30.27	141913	63191648	0
2008.04.23	30.46	31.46	30.30	31.46	177092	87019530	0
2008.04.24	31.63	32.10	31.16	31.68	208269	101270981	0
2008.04.25	30.06	30.39	29.60	29.81	244967	134790237	0
2008.04.28	29.81	29.84	28.82	28.95	168550	93106768	0
2008.04.29	28.80	28.90	28.45	28.65	168502	79558437	0
2008.04.30	28.73	29.24	28.51	28.53	149251	64888996	0
2008.05.01	28.50	29.49	28.48	29.36	145031	66907061	0
2008.05.02	29.59	29.62	28.86	29.23	144926	60899556	0
2008.05.05	29.93	30.23	28.99	29.05	202099	101663244	0
2008.05.06	29.00	29.86	28.93	29.72	158239	85998303	0
2008.05.07	29.74	30.14	29.08	29.19	153694	81985552	0
2008.05.08	29.30	29.39	29.00	29.24	135739	64884332	0
2008.05.09	29.15	29.55	28.95	29.39	102721	49092846	0
2008.05.12	29.40	30.06	29.35	29.98	120608	61283757	0
2008.05.13	30.00	30.13	29.53	29.78	129372	67399108	0
2008.05.14	29.89	30.26	29.73	29.89	117313	62502037	0
2008.05.15	29.98	30.53	29.94	30.47	123381	49233799	0
2008.05.16	30.47	30.48	29.92	30.00	142854	69545266	0
2008.05.19	29.87	29.89	29.31	29.46	114293	55247003	0
2008.05.20	29.30	29.31	28.63	28.77	147599	72333880	0
2008.05.21	28.82	29.05	28.19	28.23	128883	54856357	0
2008.05.22	28.28	28.70	28.19	28.45	119204	49714088	0
2008.05.23	28.26	28.33	27.95	28.05	105453	45986053	0
2008.05.27	28.11	28.50	28.06	28.45	94131	43048561	0
2008.05.28	28.56	28.58	28.04	28.21	104549	47705557	0
2008.05.29	28.21	28.68	28.14	28.26	113128	44976715	0
2008.05.30	28.38	28.70	28.20	28.23	102886	53535367	0
2008.06.02	28.28	28.36	27.55	27.80	148701	73360921	0
2008.06.03	27.91	28.31	27.27	27.31	154589	75417049	0
2008.06.04	27.24	27.64	27.20	27.54	156091	76488551	0
2008.06.05	27.73	28.30	27.60	28.21	130506	68508819	0
2008.06.06	27.99	28.17	27.50	27.50	163935	73274413	0
2008.06.09	27.64	27.91	27.30	27.75	128470	60164642	0
2008.06.10	27.36	28.30	27.32	27.91	149665	70402042	0
2008.06.11	27.92	27.94	27.11	27.13	118362	52813800	0
2008.06.12	27.37	28.56	27.19	28.26	212003	107670756	0
2008.06.13	28.61	29.57	28.50	29.05	223079	119339599	0
2008.06.16	29.03	29.11	28.64	28.91	118442	64243607	0
2008.06.17	29.04	29.12	28.79	28.80	86148	41229605	0
2008.06.18	28.56	28.86	28.46	28.46	94646	42835232	0
2008.06.19	28.55	29.19	28.33	28.95	130366	58198723	0
2008.06.20	28.91	28.92	28.10	28.25	134169	64363102	0
2008.06.23	28.30	28.41	27.79	27.99	102025	49468716	0
2008.06.24	27.92	28.01	27.51	27.73	124619	56570347	0
2008.06.25	27.81	28.67	27.76	28.35	130552	59291989	0
2008.06.26	28.03	28.20	27.76	27.76	130145	57235155	0
2008.06.27	27.72	27.91	27.46	27.69	127702	53260887	0
2008.06.30	27.73	27.98	27.49	27.50	105912	49710780	0
2008.07.01	27.23	27.38	26.44	26.91	203625	87646425	0
2008.07.02	26.91	27.00	25.89	25.89	178304	79447801	0
2008.07.03	25.97	26.10	25.60	26.00	82835	34376186	0
2008.07.07	26.11	26.39	25.45	26.02	176605	66027567	0
2008.07.08	25.92	26.20	25.51	25.84	152511	60664086	0
2008.07.09	25.79	25.86	25.19	25.20	128572	49956600	0
2008.07.10	25.18	25.67	24.98	25.45	153860	52198842	0
2008.07.11	25.16	25.64	24.87	25.25	179362	63484787	0
2008.07.14	25.48	25.81	25.07	25.11	144320	48166652	0
2008.07.15	24.93	26.64	24.93	26.14	250573	87930535	0
2008.07.16	26.13	27.29	25.92	27.28	196143	72472485	0
2008.07.17	27.58	27.91	27.11	27.57	213656	79362209	0
2008.07.18	26.36	26.47	25.11	25.89	307656	127220787	0
2008.07.21	25.70	26.17	25.53	25.63	168386	70488206	0
2008.07.22	25.54	25.94	25.48	25.80	183960	84229001	0
2008.07.23	25.86	26.84	25.85	26.43	167424	71831631	0
2008.07.24	26.09	26.17	25.44	25.44	174370	73366470	0
2008.07.25	25.67	26.22	25.50	26.14	130079	51455663	0
2008.07.28	26.06	26.11	25.34	25.50	146782	53744619	0
2008.07.29	25.56	26.20	25.40	26.10	149412	55961877	0
2008.07.30	26.20	26.49	25.90	26.23	126878	49178660	0
2008.07.31	25.89	26.28	25.71	25.74	135817	53213971	0
2008.08.01	25.92	25.95	25.07	25.44	170131	75159541	0
2008.08.04	25.39	25.55	25.11	25.24	115337	54059188	0
2008.08.05	25.64	26.28	25.50	26.19	163725	73192410	0
2008.08.06	26.73	27.16	26.38	26.99	197164	88764835	0
2008.08.07	26.92	27.75	26.73	27.43	180806	77248300	0
2008.08.08	27.34	28.23	27.19	28.07	158054	74483961	0
2008.08.11	27.86	28.40	27.66	27.90	153595	63767977	0
2008.08.12	27.76	28.36	27.58	28.14	143520	58196413	0
2008.08.13	28.07	28.50	27.76	27.91	126092	46632431	0
2008.08.14	27.79	28.29	27.56	27.92	127724	43092665	0
2008.08.15	27.93	28.15	27.58	27.80	109230	36453810	0
2008.08.18	27.83	28.05	27.55	27.71	98776	32114223	0
2008.08.19	27.54	27.75	27.27	27.34	105848	34547243	0
2008.08.20	27.51	27.58	27.17	27.30	100726	37803293	0
2008.08.21	27.10	27.23	26.86	27.18	108156	40944326	0
2008.08.22	27.26	27.88	27.22	27.82	102199	44315728	0
2008.08.25	27.62	27.84	27.46	27.67	116710	46986154	0
2008.08.26	27.60	27.72	27.17	27.29	107633	35368147	0
2008.08.27	27.34	27.79	27.13	27.57	87500	29311303	0
2008.08.28	27.60	28.01	27.60	27.92	106167	45053589	0
2008.08.29	27.69	27.78	27.31	27.32	116814	40672246	0
2008.09.02	27.67	27.76	27.06	27.09	158918	60857648	0
2008.09.03	27.00	27.18	26.84	26.93	145353	53341323	0
2008.09.04	26.74	26.89	26.35	26.35	155641	59417345	0
2008.09.05	26.08	26.22	25.63	25.64	221577	77256818	0
2008.09.08	26.21	26.33	25.67	26.13	188670	56543872	0
2008.09.09	26.20	26.60	26.05	26.10	208315	79187401	0
2008.09.10	26.52	26.86	26.25	26.46	182366	67991010	0
2008.09.11	26.09	27.46	26.03	27.33	186457	68080902	0
2008.09.12	27.14	27.74	26.94	27.65	177156	70023660	0
2008.09.15	26.92	27.49	26.73	26.75	259709	75282839	0
2008.09.16	26.10	26.49	25.52	25.99	344181	97057043	0
2008.09.17	25.73	25.87	24.50	24.59	317744	93096139	0
2008.09.18	24.80	25.35	24.01	25.08	419693	120893214	0
2008.09.19	26.37	26.40	23.50	25.16	296202	93107951	0
2008.09.22	26.22	26.32	25.32	25.36	291466	93766072	0
2008.09.23	25.66	26.17	25.34	25.49	201678	71629587	0
2008.09.24	25.57	26.09	25.46	25.75	235008	67467068	0
2008.09.25	25.82	26.88	25.74	26.65	264931	89713948	0
2008.09.26	26.17	27.56	26.14	27.40	267525	94865707	0
2008.09.29	26.94	27.66	25.50	25.85	334785	93718426	0
2008.09.30	25.77	26.69	25.54	26.68	290085	91113029	0
2008.10.01	26.35	26.99	26.28	26.47	258074	75382915	0
2008.10.02	26.25	26.53	25.70	26.30	282014	86256032	0
2008.10.03	26.37	27.47	26.24	26.29	367431	106933062	0
2008.10.06	25.63	25.99	24.14	24.93	480120	134301119	0
2008.10.07	24.98	25.21	23.14	23.16	445653	129164007	0
2008.10.08	22.89	24.30	22.50	23.00	574770	159300414	0
2008.10.09	23.77	23.91	22.07	22.32	464967	121260875	0
2008.10.10	21.79	22.35	20.65	21.50	727952	207019641	0
2008.10.13	22.86	25.50	22.63	25.49	409591	130643016	0
2008.10.14	25.63	25.73	23.60	24.06	533453	151170828	0
2008.10.15	23.78	24.25	22.48	22.63	375040	101484269	0
2008.10.16	22.91	24.19	21.31	24.18	570789	150510959	0
2008.10.17	23.57	25.11	23.31	23.90	429896	117488322	0
2008.10.20	24.20	24.75	23.01	24.73	304950	88346204	0
2008.10.21	24.31	25.01	23.27	23.34	349038	95700619	0
2008.10.22	23.03	23.06	20.90	21.61	447411	133889110	0
2008.10.23	21.55	22.59	20.89	22.33	493493	136072394	0
2008.10.24	21.05	22.86	20.95	21.92	509220	143211139	0
2008.10.27	21.27	21.96	21.02	21.13	308490	87947751	0
2008.10.28	22.01	23.21	21.34	23.05	320118	96028262	0
2008.10.29	23.25	23.97	22.80	23.05	319914	86876776	0
2008.10.30	23.25	23.42	22.39	22.63	272133	75526398	0
2008.10.31	22.34	22.91	22.20	22.45	219526	62472991	0
2008.11.03	22.48	22.91	22.21	22.64	196614	54717242	0
2008.11.04	23.14	23.66	22.87	23.54	235897	66304875	0
2008.11.05	23.27	23.34	22.05	22.08	254792	71976170	0
2008.11.06	21.87	22.08	20.86	20.97	298297	86470370	0
2008.11.07	21.32	21.54	21.00	21.53	233444	65894035	0
2008.11.10	21.84	21.97	21.19	21.30	183946	53389257	0
2008.11.11	21.23	21.30	20.79	21.19	243238	73596939	0
2008.11.12	20.89	21.00	20.28	20.30	246126	71781860	0
2008.11.13	20.14	21.24	18.74	21.24	453972	138717434	0
2008.11.14	20.55	21.35	19.65	19.98	330636	90398603	0
2008.11.17	19.70	20.24	19.15	19.32	300497	83962624	0
2008.11.18	19.49	19.66	18.75	19.60	292323	97170971	0
2008.11.19	19.60	19.95	18.25	18.27	322539	96632814	0
2008.11.20	18.12	18.84	17.50	17.54	439415	131819999	0
2008.11.21	18.02	19.70	17.98	19.69	461271	137557144	0
2008.11.24	19.89	20.94	19.87	20.69	372688	110396973	0
2008.11.25	20.86	20.93	19.55	20.00	285666	77531468	0
2008.11.26	19.75	20.63	19.73	20.49	214779	59675445	0
2008.11.28	20.23	20.32	20.02	20.32	72745	22658132	0
2008.12.01	19.88	19.95	18.61	18.62	220868	67221908	0
2008.12.02	18.99	19.31	18.56	19.16	225603	60489226	0
2008.12.03	18.65	19.90	18.60	19.83	270327	74735431	0
2008.12.04	19.40	19.92	18.79	19.11	234719	68565005	0
2008.12.05	18.90	19.98	18.47	19.83	272176	82304953	0
2008.12.08	20.35	21.25	20.14	21.01	285412	95211434	0
2008.12.09	20.61	21.25	20.46	20.64	219542	68328397	0
2008.12.10	20.82	20.96	20.30	20.58	184884	57341723	0
2008.12.11	20.11	20.12	19.31	19.51	206420	73086226	0
2008.12.12	19.15	19.85	18.70	19.34	230337	73978064	0
2008.12.15	19.34	19.44	18.89	19.04	176720	52783968	0
2008.12.16	19.21	20.18	19.00	20.10	265345	84850397	0
2008.12.17	19.81	20.11	19.50	19.64	223746	72013277	0
2008.12.18	19.86	20.02	18.99	19.31	224193	72624863	0
2008.12.19	19.39	19.80	19.11	19.12	190297	66176657	0
2008.12.22	19.25	19.29	18.89	19.20	162336	52357510	0
2008.12.23	19.28	19.57	19.01	19.29	132004	44578165	0
2008.12.24	19.27	19.45	19.10	19.17	44887	15340657	0
2008.12.26	19.24	19.33	19.09	19.12	49864	16966746	0
2008.12.29	19.17	19.21	18.64	18.97	105711	42179881	0
2008.12.30	19.01	19.49	19.00	19.32	99015	38276771	0
2008.12.31	19.31	19.68	19.27	19.44	105621	38022129	0
2009.01.02	19.53	20.40	19.37	20.32	115744	44843333	0
2009.01.05	20.19	20.67	20.06	20.52	177946	56610275	0
2009.01.06	20.73	21.00	20.61	20.76	177618	53884232	0
2009.01.07	20.19	20.29	19.48	19.50	173867	65141238	0
2009.01.08	19.64	20.19	19.55	20.12	193307	63351949	0
2009.01.09	20.17	20.30	19.41	19.51	147595	45354494	0
2009.01.12	19.71	19.80	19.30	19.47	130160	42881954	0
2009.01.13	19.52	19.99	19.52	19.86	178019	59936330	0
2009.01.14	19.53	19.68	19.01	19.10	185983	74544430	0
2009.01.15	19.07	19.31	18.52	19.27	228581	85898573	0
2009.01.16	19.63	19.91	19.15	19.72	198730	67500107	0
2009.01.20	19.50	19.62	18.38	18.46	231500	79709956	0
2009.01.21	18.87	19.44	18.46	19.42	190688	61284155	0
2009.01.22	18.05	18.18	17.07	17.11	483428	207836693	0
2009.01.23	16.98	17.49	16.75	17.19	307303	108835160	0
2009.01.26	17.26	17.81	17.23	17.60	206287	73593765	0
2009.01.27	17.78	17.97	17.43	17.67	178106	57364229	0
2009.01.28	17.83	18.31	17.76	18.06	172763	58715806	0
2009.01.29	17.79	17.96	17.56	17.60	130629	44160327	0
2009.01.30	17.74	17.79	17.11	17.11	155878	52299533	0
2009.02.02	17.03	18.13	17.00	17.86	224385	84325665	0
2009.02.03	17.85	18.61	17.60	18.50	209051	77478848	0
2009.02.04	18.54	19.00	18.50	18.64	220595	70783504	0
2009.02.05	18.51	19.14	18.25	19.05	217705	66224907	0
2009.02.06	19.16	19.93	19.06	19.70	243182	80535267	0
2009.02.09	19.65	19.77	19.26	19.44	127983	44035181	0
2009.02.10	19.26	19.80	18.70	18.80	245818	78586663	0
2009.02.11	18.94	19.50	18.92	19.21	174928	56310363	0
2009.02.12	19.00	19.32	18.54	19.32	218528	67270155	0
2009.02.13	19.27	19.47	19.04	19.08	145925	44515614	0
2009.02.17	18.43	18.51	17.89	18.10	196213	70335884	0
2009.02.18	18.22	18.45	18.00	18.12	149055	51682699	0
2009.02.19	18.31	18.38	17.81	17.91	132409	44327196	0
2009.02.20	17.77	18.19	17.66	17.99	188794	61057480	0
2009.02.23	18.03	18.15	17.16	17.23	177373	60510380	0
2009.02.24	17.03	17.35	16.36	17.17	286056	110284567	0
2009.02.25	17.01	17.24	16.46	16.84	220481	80581378	0
2009.02.26	17.05	17.08	16.43	16.43	201043	78614165	0
2009.02.27	16.29	16.52	16.10	16.15	219475	79039323	0
2009.03.02	15.99	16.25	15.72	15.80	198962	73800165	0
2009.03.03	15.95	16.24	15.64	15.90	222228	72579331	0
2009.03.04	16.12	16.40	15.89	16.12	178939	61693439	0
2009.03.05	15.86	15.89	15.28	15.29	228675	76276181	0
2009.03.06	15.35	15.62	14.87	15.30	248918	85106288	0
2009.03.09	15.53	15.70	15.10	15.15	143282	48044040	0
2009.03.10	15.84	16.62	15.73	16.50	176800	64513993	0
2009.03.11	17.02	17.20	16.67	17.08	173087	59215837	0
2009.03.12	16.63	17.01	16.48	16.92	180120	73007717	0
2009.03.13	16.54	16.89	16.18	16.65	168564	59556782	0
2009.03.16	16.40	16.94	16.23	16.28	132025	49434477	0
2009.03.17	16.29	16.97	16.26	16.90	133411	47340095	0
2009.03.18	16.75	17.22	16.60	17.05	168691	56478952	0
2009.03.19	17.06	17.27	16.97	17.14	113769	38156949	0
2009.03.20	17.41	17.50	16.88	17.05	118813	42751526	0
2009.03.23	17.64	18.59	17.61	18.25	132893	47777884	0
2009.03.24	17.98	18.17	17.84	17.93	115558	35709010	0
2009.03.25	18.15	18.31	17.52	17.90	141102	47592395	0
2009.03.26	18.15	18.88	18.14	18.77	141756	45588891	0
2009.03.27	18.20	18.40	18.05	18.14	110730	35796584	0
2009.03.30	17.74	17.76	17.27	17.49	141053	44246401	0
2009.03.31	17.83	18.80	17.78	18.33	227672	82831029	0
2009.04.01	18.23	19.36	18.18	19.30	261735	90020464	0
2009.04.02	19.50	19.89	19.00	19.25	288351	92491556	0
2009.04.03	19.13	19.15	18.43	18.84	210855	75660642	0
2009.04.06	18.54	18.75	18.26	18.74	144179	44243147	0
2009.04.07	18.77	19.14	18.63	18.71	176303	61428816	0
2009.04.08	18.95	19.62	18.95	19.20	163994	53272605	0
2009.04.09	19.44	19.71	19.22	19.67	157426	49593837	0
2009.04.13	19.68	19.85	19.37	19.59	138776	42291999	0
2009.04.14	19.44	19.55	19.00	19.33	167498	57844519	0
2009.04.15	19.21	19.35	18.51	18.85	200121	69359153	0
2009.04.16	19.16	19.78	18.99	19.75	192189	63097597	0
2009.04.17	19.70	19.70	19.00	19.18	144713	47438141	0
2009.04.20	18.90	18.95	18.57	18.61	159227	54771998	0
2009.04.21	18.59	19.09	18.57	18.97	187275	56451766	0
2009.04.22	18.77	19.19	18.70	18.77	167296	55253513	0
2009.04.23	18.86	18.94	18.47	18.92	208324	71367456	0
2009.04.24	19.80	21.20	19.50	20.89	391185	158877354	0
2009.04.27	20.55	20.82	20.28	20.37	191525	57133447	0
2009.04.28	20.26	20.27	19.79	19.92	207175	71361239	0
2009.04.29	20.10	20.89	20.06	20.25	232006	72135015	0
2009.04.30	20.60	21.10	20.01	20.26	231853	74309609	0
2009.05.01	20.19	20.35	19.86	20.22	167904	56631597	0
2009.05.04	20.37	20.40	19.98	20.24	163071	50155925	0
2009.05.05	20.14	20.24	19.64	19.81	177954	59247155	0
2009.05.06	20.06	20.07	19.61	19.79	161358	55361249	0
2009.05.07	19.96	19.99	19.14	19.37	183189	59583427	0
2009.05.08	19.47	19.64	19.14	19.42	190945	63433413	0
2009.05.11	19.17	19.73	19.01	19.33	183259	59454215	0
2009.05.12	19.51	20.07	19.47	19.89	188368	68672495	0
2009.05.13	19.95	20.00	19.67	19.70	144790	44384471	0
2009.05.14	19.83	20.23	19.80	20.02	140164	47328512	0
2009.05.15	20.09	20.50	19.97	20.20	154607	52708722	0
2009.05.18	20.36	20.59	20.24	20.59	126271	40788717	0
2009.05.19	20.50	20.74	20.25	20.31	124823	42898101	0
2009.05.20	20.41	20.69	20.22	20.39	145649	44775370	0
2009.05.21	20.14	20.23	19.51	19.84	162608	54106974	0
2009.05.22	19.91	20.17	19.47	19.76	102958	35351740	0
2009.05.26	19.54	20.46	19.45	20.35	135690	41427175	0
2009.05.27	20.25	20.60	20.07	20.11	119224	38374030	0
2009.05.28	20.32	20.63	20.05	20.45	137791	43143614	0
2009.05.29	20.56	20.94	20.30	20.84	106198	36636169	0
2009.06.01	21.03	21.50	20.86	21.39	140116	50531774	0
2009.06.02	21.34	21.98	21.20	21.40	133498	45585304	0
2009.06.03	21.31	21.76	21.29	21.74	129407	44029928	0
2009.06.04	21.77	21.90	21.58	21.81	111630	35615855	0
2009.06.05	21.89	22.31	21.81	22.16	152492	54889488	0
2009.06.08	21.98	22.32	21.63	22.06	134965	45122978	0
2009.06.09	22.06	22.32	21.88	22.11	142893	44338135	0
2009.06.10	22.17	22.62	22.12	22.56	158374	55356397	0
2009.06.11	22.59	23.26	22.57	22.82	177348	59473216	0
2009.06.12	22.90	23.38	22.74	23.34	143782	47472262	0
2009.06.15	23.24	23.54	23.02	23.44	177471	58715532	0
2009.06.16	23.54	24.11	23.44	23.45	259942	98114240	0
2009.06.17	23.50	23.82	23.17	23.67	249971	81239373	0
2009.06.18	23.62	23.69	23.30	23.50	183177	55325832	0
2009.06.19	24.04	24.34	23.75	24.09	236623	84543714	0
2009.06.22	23.95	23.95	23.25	23.29	191283	65427363	0
2009.06.23	23.39	23.67	23.21	23.32	179522	53351000	0
2009.06.24	23.48	23.75	23.36	23.49	176337	50972796	0
2009.06.25	23.44	23.92	23.20	23.80	180689	53504518	0
2009.06.26	23.59	23.69	23.32	23.35	142221	45845005	0
2009.06.29	23.60	24.04	23.55	23.82	181538	57612410	0
2009.06.30	23.97	24.24	23.63	23.77	178940	55676804	0
2009.07.01	24.05	24.30	23.96	24.03	148492	49864193	0
2009.07.02	23.76	23.79	23.21	23.36	180981	60362035	0
2009.07.06	23.21	23.28	22.87	23.20	144221	46229565	0
2009.07.07	23.07	23.14	22.46	22.54	159137	48564089	0
2009.07.08	22.31	22.69	22.00	22.58	217795	67141240	0
2009.07.09	22.65	22.81	22.37	22.44	145223	43778723	0
2009.07.10	22.20	22.55	22.15	22.39	129052	39981872	0
2009.07.13	22.42	23.26	22.14	23.23	162347	60291843	0
2009.07.14	23.20	23.22	22.86	23.11	132079	41291119	0
2009.07.15	23.69	24.12	23.56	24.12	160191	59761815	0
2009.07.16	23.94	24.44	23.86	24.44	172742	60583894	0
2009.07.17	24.42	24.44	24.10	24.29	132669	42406954	0
2009.07.20	24.44	24.53	24.15	24.53	138434	41341367	0
2009.07.21	24.69	24.83	24.37	24.83	156515	47523982	0
2009.07.22	24.70	24.90	24.51	24.75	164997	60718504	0
2009.07.23	24.93	25.73	24.84	25.57	259053	87284047	0
2009.07.24	23.61	23.89	22.81	23.45	455271	203317430	0
2009.07.27	23.44	23.45	22.90	23.10	192024	73646215	0
2009.07.28	22.99	23.55	22.90	23.48	172263	66433096	0
2009.07.29	23.73	23.91	23.34	23.79	188851	66197659	0
2009.07.30	24.20	24.43	23.71	23.81	205152	62822398	0
2009.07.31	23.77	24.07	23.50	23.55	152984	47543958	0
2009.08.03	23.82	23.86	23.50	23.82	130920	42375572	0
2009.08.04	23.68	23.77	23.53	23.76	134015	43708803	0
2009.08.05	23.84	24.25	23.79	23.82	160680	49157161	0
2009.08.06	23.93	23.98	23.27	23.45	166044	55632172	0
2009.08.07	23.75	23.82	23.50	23.57	133001	42736522	0
2009.08.10	23.46	23.55	23.30	23.42	94218	30016545	0
2009.08.11	23.32	23.40	23.05	23.14	104616	30212228	0
2009.08.12	23.13	23.90	23.03	23.58	156788	51743972	0
2009.08.13	23.63	23.85	23.40	23.63	113405	35629475	0
2009.08.14	23.62	23.80	23.51	23.71	123962	41072495	0
2009.08.17	23.31	23.60	23.23	23.24	117284	35841434	0
2009.08.18	23.29	23.65	23.27	23.58	108400	34852453	0
2009.08.19	23.28	23.72	23.25	23.65	122486	39081145	0
2009.08.20	23.60	23.87	23.54	23.66	95880	34242830	0
2009.08.21	23.93	24.42	23.77	24.41	140284	57058870	0
2009.08.24	24.41	24.69	24.28	24.66	146951	51226610	0
2009.08.25	24.60	24.82	24.46	24.64	120196	39407888	0
2009.08.26	24.59	24.75	24.42	24.54	110701	35346244	0
2009.08.27	24.41	24.79	24.30	24.70	129380	41711174	0
2009.08.28	25.08	25.49	24.61	24.68	148516	50347491	0
2009.08.31	24.57	24.85	24.29	24.64	119700	40754104	0
2009.09.01	24.35	24.74	23.90	23.98	170024	55688496	0
2009.09.02	23.82	24.14	23.78	23.86	112427	37543731	0
2009.09.03	23.91	24.14	23.76	24.11	97593	30822006	0
2009.09.04	24.09	24.80	24.08	24.63	114466	42276853	0
2009.09.08	24.61	24.84	24.41	24.82	131167	49313393	0
2009.09.09	24.74	24.95	24.67	24.79	121884	46824989	0
2009.09.10	24.80	25.05	24.65	24.99	112581	37080720	0
2009.09.11	24.93	25.18	24.81	24.84	144499	50082319	0
2009.09.14	24.65	25.10	24.64	24.99	104373	34410422	0
2009.09.15	24.97	25.27	24.86	25.20	129859	38841505	0
2009.09.16	25.25	25.35	24.95	25.20	128777	41376489	0
2009.09.17	25.06	25.38	25.06	25.30	122603	38187904	0
2009.09.18	25.46	25.48	25.10	25.26	108831	36743452	0
2009.09.21	25.11	25.37	25.10	25.30	86868	26535114	0
2009.09.22	25.41	25.82	25.29	25.77	132630	50699867	0
2009.09.23	25.92	26.25	25.64	25.71	156005	57443187	0
2009.09.24	25.92	26.11	25.66	25.93	155589	52062087	0
2009.09.25	25.69	25.82	25.52	25.57	129710	42126852	0
2009.09.28	25.60	26.16	25.60	25.88	106134	36216991	0
2009.09.29	25.91	25.96	25.69	25.76	100771	32706973	0
2009.09.30	25.76	25.99	25.38	25.81	159740	53203178	0
2009.10.01	25.41	25.47	24.80	24.87	188647	66487214	0
2009.10.02	24.46	25.09	24.43	24.95	147308	46626269	0
2009.10.05	24.97	25.06	24.52	24.65	142588	53020698	0
2009.10.06	24.68	25.21	24.65	25.12	143433	44464209	0
2009.10.07	24.99	25.18	24.88	25.11	100352	32048596	0
2009.10.08	25.44	25.91	25.22	25.67	143595	52564509	0
2009.10.09	25.57	25.79	25.46	25.58	94267	32968645	0
2009.10.12	25.66	25.89	25.55	25.71	81997	25927128	0
2009.10.13	25.59	25.94	25.52	25.82	85010	30570459	0
2009.10.14	26.13	26.20	25.82	25.97	109525	37348423	0
2009.10.15	25.90	26.71	25.90	26.71	137704	55177206	0
2009.10.16	26.45	26.63	26.10	26.49	124110	45068477	0
2009.10.19	26.48	26.58	26.25	26.35	117937	41958354	0
2009.10.20	26.42	26.45	25.94	26.37	141336	48121179	0
2009.10.21	26.43	26.75	26.39	26.61	154908	55398759	0
2009.10.22	26.56	26.72	26.13	26.59	154554	55432184	0
2009.10.23	29.20	29.35	27.88	28.03	625170	241520549	0
2009.10.26	28.88	29.02	28.51	28.75	213101	84111721	0
2009.10.27	28.67	28.78	28.44	28.54	125470	46248247	0
2009.10.28	28.58	28.67	27.95	28.00	157745	54288715	0
2009.10.29	28.05	28.41	27.93	28.22	128575	47696751	0
2009.10.30	28.23	28.30	27.50	27.50	161855	53312596	0
2009.11.02	27.68	28.05	27.41	27.87	162810	55839121	0
2009.11.03	27.64	27.74	27.43	27.56	143827	44871034	0
2009.11.04	27.68	28.39	27.62	28.06	193613	56628857	0
2009.11.05	28.52	28.74	28.28	28.47	142836	44579334	0
2009.11.06	28.37	28.63	28.20	28.52	115889	35168644	0
2009.11.09	28.61	29.01	28.53	28.99	126669	49038568	0
2009.11.10	28.89	29.28	28.81	29.00	172732	61893252	0
2009.11.11	29.08	29.30	29.02	29.13	136569	46961777	0
2009.11.12	29.01	29.49	29.00	29.37	141461	50536643	0
2009.11.13	29.47	29.80	29.37	29.63	138588	50375038	0
2009.11.16	29.62	29.80	29.37	29.54	144067	48594640	0
2009.11.17	29.51	30.01	29.47	29.99	154385	65434098	0
2009.11.18	30.00	30.14	29.81	30.11	130572	55398856	0
2009.11.19	30.00	30.00	29.70	29.77	141852	47981503	0
2009.11.20	29.66	29.77	29.43	29.63	102158	33351332	0
2009.11.23	29.84	30.01	29.62	29.94	102005	37920465	0
2009.11.24	29.95	29.99	29.75	29.90	99553	33212557	0
2009.11.25	29.81	29.86	29.58	29.78	79158	29373519	0
2009.11.27	29.11	29.39	28.75	29.20	77085	25587904	0
2009.11.30	29.15	29.45	29.00	29.41	111552	37996146	0
2009.12.01	29.52	30.05	29.46	30.01	128769	44757460	0
2009.12.02	29.90	29.99	29.65	29.78	93812	32993492	0
2009.12.03	29.84	30.20	29.76	29.83	109328	40834037	0
2009.12.04	30.07	30.37	29.83	29.98	162940	55305527	0
2009.12.07	29.78	30.08	29.68	29.78	103216	34854994	0
2009.12.08	29.52	29.75	29.38	29.57	100955	34417451	0
2009.12.09	29.47	29.81	29.25	29.71	107898	40815557	0
2009.12.10	29.71	29.96	29.66	29.87	96214	38521037	0
2009.12.11	29.96	30.01	29.79	29.85	91914	40268248	0
2009.12.14	29.91	30.17	29.90	30.12	79403	31939764	0
2009.12.15	29.89	30.21	29.88	30.01	91962	41899942	0
2009.12.16	30.08	30.41	30.04	30.09	110751	45944791	0
2009.12.17	29.95	29.96	29.57	29.62	96392	39130340	0
2009.12.18	29.84	30.45	29.80	30.37	131242	54076569	0
2009.12.21	30.36	30.84	30.36	30.56	100219	36192704	0
2009.12.22	30.60	30.93	30.54	30.82	81740	31953644	0
2009.12.23	30.70	30.96	30.69	30.93	77145	25159562	0
2009.12.24	30.88	31.06	30.76	31.00	26197	10244006	0
2009.12.28	31.00	31.18	30.89	31.17	54464	23063432	0
2009.12.29	31.35	31.50	31.16	31.39	70880	26724366	0
2009.12.30	31.15	31.29	30.80	30.94	99649	37602592	0
2009.12.31	30.98	30.99	30.48	30.49	68636	25568457	0
2010.01.04	30.63	31.11	30.59	30.94	91518	32085137	0
2010.01.05	30.85	31.10	30.64	30.95	117300	44043397	0
2010.01.06	30.88	31.08	30.52	30.77	138569	51033030	0
2010.01.07	30.63	30.70	30.19	30.48	119802	44955109	0
2010.01.08	30.28	30.88	30.24	30.63	115425	44688158	0
2010.01.11	30.72	30.76	30.12	30.28	143220	62017738	0
2010.01.12	30.15	30.41	29.91	30.10	156235	58923174	0
2010.01.13	30.25	30.52	30.01	30.35	111475	40263422	0
2010.01.14	30.31	31.10	30.26	30.97	144922	57003251	0
2010.01.15	31.08	31.24	30.71	30.85	171903	63118718	0
2010.01.19	30.75	31.24	30.68	31.10	106281	38414041	0
2010.01.20	30.86	31.10	30.31	30.58	148204	48081481	0
2010.01.21	30.59	30.72	30.00	30.07	195805	65467808	0
2010.01.22	30.00	30.20	28.84	28.96	248944	91848835	0
2010.01.25	29.23	29.66	29.10	29.29	176501	55573198	0
2010.01.26	29.20	29.85	29.09	29.50	169995	59331099	0
2010.01.27	29.35	29.82	29.02	29.67	175866	54562329	0
2010.01.28	29.84	29.87	28.89	29.16	273270	100416682	0
2010.01.29	29.90	29.92	27.66	28.14	452703	180615237	0
2010.02.01	28.40	28.48	27.92	28.41	213134	80021792	0
2010.02.02	28.37	28.50	28.14	28.48	137140	49604495	0
2010.02.03	28.26	28.80	28.12	28.63	147555	59123517	0
2010.02.04	28.39	28.50	27.81	27.81	206879	71158634	0
2010.02.05	28.00	28.28	27.57	28.01	216522	74684171	0
2010.02.08	28.01	28.08	27.57	27.73	137691	47558871	0
2010.02.09	27.97	28.34	27.75	28.01	162779	53784749	0
2010.02.10	28.03	28.24	27.84	27.99	141024	45689861	0
2010.02.11	27.92	28.40	27.70	28.12	159393	59792380	0
2010.02.12	27.81	28.06	27.58	27.95	182544	66818669	0
2010.02.16	28.13	28.37	28.02	28.34	122936	46537538	0
2010.02.17	28.53	28.65	28.35	28.60	119298	41770913	0
2010.02.18	28.59	29.03	28.51	28.97	112459	39949237	0
2010.02.19	28.79	28.92	28.69	28.77	99183	35881094	0
2010.02.22	28.82	28.94	28.65	28.73	86783	33376762	0
2010.02.23	28.68	28.83	28.09	28.34	130001	46597403	0
2010.02.24	28.52	28.79	28.38	28.64	111160	39902398	0
2010.02.25	28.27	28.65	28.02	28.60	122580	44344983	0
2010.02.26	28.62	28.85	28.51	28.67	89789	32179929	0
2010.03.01	28.77	29.05	28.53	29.01	99137	41025877	0
2010.03.02	29.07	29.30	28.24	28.45	208820	86225166	0
2010.03.03	28.51	28.61	28.35	28.46	122522	45342993	0
2010.03.04	28.46	28.65	28.27	28.63	102407	37317350	0
2010.03.05	28.66	28.68	28.42	28.59	130379	51549387	0
2010.03.08	28.53	28.93	28.50	28.63	109570	36689749	0
2010.03.09	28.56	29.12	28.55	28.80	129888	46666008	0
2010.03.10	28.86	29.11	28.80	28.97	121871	41084159	0
2010.03.11	28.96	29.19	28.85	29.17	96961	32776911	0
2010.03.12	29.31	29.38	29.04	29.27	94753	29430817	0
2010.03.15	29.25	29.33	29.01	29.31	81521	27245014	0
2010.03.16	29.31	29.48	29.20	29.36	86750	28717185	0
2010.03.17	29.77	29.87	29.53	29.62	102529	35951846	0
2010.03.18	29.59	29.71	29.50	29.62	86831	32852868	0
2010.03.19	29.59	29.64	29.35	29.61	91556	31214770	0
2010.03.22	29.58	29.70	29.51	29.57	70134	23333558	0
2010.03.23	29.69	29.91	29.53	29.90	81271	28512269	0
2010.03.24	29.76	29.83	29.62	29.62	70144	24225918	0
2010.03.25	30.20	30.57	29.98	29.99	136172	52313243	0
2010.03.26	29.85	29.89	29.59	29.67	96684	35721202	0
2010.03.29	29.71	29.82	29.55	29.60	87641	30060199	0
2010.03.30	29.63	29.86	29.50	29.76	100479	32796032	0
2010.03.31	29.65	29.72	29.17	29.26	116857	54554252	0
2010.04.01	29.35	29.54	28.62	29.14	199080	69879018	0
2010.04.05	29.15	29.42	29.03	29.28	94638	31532926	0
2010.04.06	29.15	29.58	28.98	29.33	125113	43273591	0
2010.04.07	29.19	29.56	29.14	29.37	152475	53704411	0
2010.04.08	29.32	29.98	29.30	29.91	154544	58780172	0
2010.04.09	29.96	30.42	29.89	30.33	127770	50466184	0
2010.04.12	30.28	30.50	30.20	30.32	96471	33971879	0
2010.04.13	30.16	30.51	30.13	30.45	122426	36710923	0
2010.04.14	30.79	31.01	30.66	30.83	147602	57495971	0
2010.04.15	30.82	30.96	30.71	30.87	127448	45371530	0
2010.04.16	30.79	30.98	30.60	30.67	223632	74684286	0
2010.04.19	30.77	31.25	30.76	31.03	158322	60985726	0
2010.04.20	31.22	31.45	31.13	31.35	125294	46278236	0
2010.04.21	31.33	31.50	31.23	31.32	129467	46989967	0
2010.04.22	31.04	31.53	30.90	31.37	191182	68240178	0
2010.04.23	31.12	31.58	30.65	31.00	284884	115116388	0
2010.04.26	31.00	31.27	30.86	31.10	143218	55551125	0
2010.04.27	30.95	31.25	30.75	30.86	175573	64397136	0
2010.04.28	30.92	31.00	30.62	30.90	167647	58360968	0
2010.04.29	30.93	31.43	30.67	31.05	141979	49561369	0
2010.04.30	31.07	31.08	30.52	30.54	143508	57376757	0
2010.05.03	30.67	31.06	30.58	30.86	104525	38495113	0
2010.05.04	30.52	30.55	29.75	30.11	206725	76484180	0
2010.05.05	29.76	30.09	29.69	29.85	152136	64145406	0
2010.05.06	29.57	29.88	27.91	28.98	340386	120848252	0
2010.05.07	28.92	28.95	27.32	28.17	493083	166509764	0
2010.05.10	29.01	29.48	28.71	28.93	250237	77544784	0
2010.05.11	28.68	29.65	28.57	28.87	197776	59758565	0
2010.05.12	28.98	29.58	28.92	29.44	152217	44351501	0
2010.05.13	29.29	29.73	29.18	29.24	146579	43004443	0
2010.05.14	29.20	29.24	28.64	28.94	186087	50685255	0
2010.05.17	29.12	29.23	28.45	28.93	153419	42530615	0
2010.05.18	28.88	29.00	28.40	28.62	178294	48906238	0
2010.05.19	28.52	28.69	27.79	28.22	216283	57905624	0
2010.05.20	27.65	27.84	27.04	27.11	285476	81003995	0
2010.05.21	26.61	27.11	26.44	26.86	322610	101308004	0
2010.05.24	26.85	26.87	26.26	26.33	194658	68886999	0
2010.05.25	25.65	26.27	25.38	26.07	302589	91875369	0
2010.05.26	26.23	26.60	24.56	25.01	470313	164065983	0
2010.05.27	25.73	26.36	25.72	25.95	384650	125609680	0
2010.05.28	25.84	26.12	25.66	25.80	200017	60249984	0
2010.06.01	25.53	26.31	25.52	25.89	254986	71196125	0
2010.06.02	26.07	26.48	25.73	26.43	162217	59171168	0
2010.06.03	26.55	26.93	26.41	26.85	193048	61114173	0
2010.06.04	26.11	26.57	25.62	25.78	260913	83965359	0
2010.06.07	25.82	25.83	25.24	25.32	192408	67778991	0
2010.06.08	25.25	25.26	24.65	25.11	242982	83262186	0
2010.06.09	25.22	25.52	24.75	24.78	213390	70709336	0
2010.06.10	25.13	25.15	24.78	25.00	182953	71935689	0
2010.06.11	25.04	25.73	24.77	25.67	181567	60812512	0
2010.06.14	25.86	25.96	25.47	25.49	152121	46633565	0
2010.06.15	25.75	26.65	25.74	26.58	194979	70805103	0
2010.06.16	26.46	26.58	26.23	26.33	141079	41393627	0
2010.06.17	26.56	26.67	26.04	26.37	146594	43908761	0
2010.06.18	26.37	26.54	26.17	26.43	107734	32023471	0
2010.06.21	26.77	26.89	25.89	25.96	141753	47616935	0
2010.06.22	26.16	26.45	25.76	25.78	159194	51223284	0
2010.06.23	25.73	25.78	25.22	25.32	181859	56970925	0
2010.06.24	25.47	25.72	24.93	25.01	219218	74881145	0
2010.06.25	25.05	25.11	24.37	24.38	215526	76392221	0
2010.06.28	24.50	24.61	24.12	24.30	198067	66384802	0
2010.06.29	24.13	24.20	23.11	23.33	314802	111627758	0
2010.06.30	23.24	23.68	22.95	23.00	215261	73849374	0
2010.07.01	23.11	23.32	22.73	23.18	272094	84207621	0
2010.07.02	23.36	23.48	23.05	23.27	155697	53623931	0
2010.07.06	23.70	24.09	23.58	23.83	210470	65806279	0
2010.07.07	23.81	24.32	23.61	24.32	227397	72647275	0
2010.07.08	24.60	24.63	23.97	24.42	159259	46136691	0
2010.07.09	24.33	24.41	24.15	24.27	151424	48804810	0
2010.07.12	24.44	24.89	24.42	24.83	146728	46235426	0
2010.07.13	25.14	25.30	24.90	25.12	160766	56494653	0
2010.07.14	25.50	25.61	25.12	25.45	174132	61224420	0
2010.07.15	25.50	25.59	24.98	25.52	172716	53723713	0
2010.07.16	25.51	25.64	24.88	24.91	166948	52479307	0
2010.07.19	24.96	25.30	24.91	25.24	121577	33804068	0
2010.07.20	24.86	25.48	24.70	25.47	131590	41861038	0
2010.07.21	25.60	25.65	24.98	25.11	208752	65992453	0
2010.07.22	25.51	25.99	25.47	25.88	198994	63596026	0
2010.07.23	25.84	26.02	25.25	25.81	286459	99793340	0
2010.07.26	25.86	26.21	25.80	26.11	182817	57233009	0
2010.07.27	26.14	26.24	25.96	26.16	165144	52860695	0
2010.07.28	26.09	26.19	25.83	25.95	169758	55800497	0
2010.07.29	26.13	26.41	25.60	26.04	186831	63394015	0
2010.07.30	25.75	25.85	25.35	25.80	222912	74040507	0
2010.08.02	25.99	26.39	25.75	26.32	145860	46141748	0
2010.08.03	26.20	26.35	25.97	26.13	140774	49704148	0
2010.08.04	26.15	26.24	25.44	25.73	225435	75752063	0
2010.08.05	25.49	25.58	25.21	25.37	189546	62491232	0
2010.08.06	25.18	25.57	25.02	25.57	163001	54217854	0
2010.08.09	25.55	25.73	25.37	25.62	102751	44787416	0
2010.08.10	25.33	25.34	24.88	25.03	204588	83222620	0
2010.08.11	24.68	24.91	24.56	24.84	193746	72435008	0
2010.08.12	24.42	24.68	24.36	24.51	172835	66266881	0
2010.08.13	24.35	24.68	24.24	24.40	115035	41456346	0
2010.08.16	24.36	24.62	24.30	24.50	102737	31780232	0
2010.08.17	24.71	24.96	24.60	24.71	132571	49421844	0
2010.08.18	24.68	24.95	24.41	24.86	121588	41569381	0
2010.08.19	24.62	24.74	24.21	24.44	140434	49276095	0
2010.08.20	24.31	24.40	24.20	24.23	111180	40088233	0
2010.08.23	24.44	24.64	24.24	24.28	119739	47504570	0
2010.08.24	24.09	24.36	24.00	24.06	154777	58698756	0
2010.08.25	23.99	24.22	23.87	24.10	132328	43828207	0
2010.08.26	24.09	24.20	23.79	23.81	110205	40993608	0
2010.08.27	23.91	24.02	23.51	23.93	166157	54641856	0
2010.08.30	23.74	23.82	23.60	23.64	111275	38823468	0
2010.08.31	23.59	23.73	23.32	23.49	152924	56763099	0
2010.09.01	23.66	23.95	23.54	23.93	149270	59291455	0
2010.09.02	23.89	23.95	23.71	23.92	110057	45360935	0
2010.09.03	24.22	24.45	24.20	24.31	120847	57139482	0
2010.09.07	24.10	24.31	23.92	23.96	116302	48472076	0
2010.09.08	24.07	24.20	23.74	23.93	142443	61637119	0
2010.09.09	24.19	24.21	23.99	24.01	114722	41791096	0
2010.09.10	23.98	24.05	23.79	23.86	125924	54418024	0
2010.09.13	24.20	25.29	24.09	25.08	239470	107152465	0
2010.09.14	25.04	25.35	24.89	25.03	214685	82902753	0
2010.09.15	25.09	25.22	24.90	25.11	130827	48973944	0
2010.09.16	25.06	25.37	25.05	25.32	101324	38349020	0
2010.09.17	25.40	25.53	25.08	25.22	141573	51804391	0
2010.09.20	25.28	25.53	25.11	25.43	113324	42214178	0
2010.09.21	25.41	25.43	25.08	25.15	137931	47807309	0
2010.09.22	24.89	24.97	24.36	24.61	203670	87736797	0
2010.09.23	24.51	24.64	24.36	24.44	112658	43954293	0
2010.09.24	24.65	24.80	24.58	24.77	124368	47908966	0
2010.09.27	24.85	24.99	24.59	24.72	107425	38815622	0
2010.09.28	24.80	24.90	24.35	24.68	155634	52723098	0
2010.09.29	24.63	24.69	24.40	24.48	112701	41400003	0
2010.09.30	24.61	24.83	24.36	24.48	152295	53170600	0
2010.10.01	24.77	24.82	24.30	24.38	155589	58778925	0
2010.10.04	23.96	23.99	23.75	23.92	197818	92760615	0
2010.10.05	24.08	24.46	23.91	24.37	169540	68624214	0
2010.10.06	24.32	24.54	24.13	24.44	127268	46991632	0
2010.10.07	24.62	24.76	24.28	24.54	135652	47735781	0
2010.10.08	24.62	24.65	24.37	24.55	99733	35756681	0
2010.10.11	24.74	24.74	24.50	24.58	72450	25913614	0
2010.10.12	24.64	24.94	24.43	24.83	123065	45159008	0
2010.10.13	25.02	25.55	24.89	25.31	180248	70113587	0
2010.10.14	25.29	25.34	25.00	25.23	128614	45014747	0
2010.10.15	25.36	25.55	25.23	25.54	162258	57099401	0
2010.10.18	25.59	25.95	25.45	25.82	131909	43694567	0
2010.10.19	25.27	25.37	24.95	25.08	173112	61392993	0
2010.10.20	25.26	25.40	25.10	25.30	129425	52867575	0
2010.10.21	25.40	25.54	25.05	25.40	131813	46399272	0
2010.10.22	25.52	25.54	25.27	25.40	76095	23489255	0
2010.10.25	25.24	25.35	25.17	25.19	109268	40862946	0
2010.10.26	25.12	25.97	25.06	25.91	169581	64625386	0
2010.10.27	25.79	26.11	25.62	26.06	159703	59477884	0
2010.10.28	26.21	26.39	25.92	26.27	182612	67008878	0
2010.10.29	27.15	27.20	26.48	26.63	257506	96652611	0
2010.11.01	27.17	27.19	26.70	26.92	114373	41625343	0
2010.11.02	27.16	27.45	26.95	27.44	103324	40854551	0
2010.11.03	27.35	27.37	26.96	27.12	220925	87586073	0
2010.11.04	27.23	27.23	27.01	27.14	125064	50504920	0
2010.11.05	26.70	26.91	26.53	26.79	160894	61592420	0
2010.11.08	26.68	27.05	26.58	26.81	141788	51330595	0
2010.11.09	26.81	27.12	26.71	26.95	152560	53198189	0
2010.11.10	27.01	27.08	26.81	26.96	135970	47599780	0
2010.11.11	26.68	26.72	26.28	26.69	170027	58996201	0
2010.11.12	26.47	26.52	26.10	26.27	161123	61307865	0
2010.11.15	26.33	26.50	26.17	26.24	122952	46781222	0
2010.11.16	26.04	26.04	25.65	25.79	160946	59676240	0
2010.11.17	25.90	25.91	25.55	25.59	138282	53532231	0
2010.11.18	25.71	26.09	25.61	25.83	143114	53314251	0
2010.11.19	25.80	25.83	25.60	25.71	115806	41868486	0
2010.11.22	25.65	25.74	25.44	25.74	141946	49078923	0
2010.11.23	25.57	25.60	25.09	25.12	182451	65211423	0
2010.11.24	25.20	25.46	25.16	25.38	122723	50973554	0
2010.11.26	25.21	25.42	25.17	25.26	54385	18366972	0
2010.11.29	25.19	25.43	24.93	25.31	151507	50154617	0
2010.11.30	25.06	25.47	25.00	25.23	160086	61846295	0
2010.12.01	25.57	26.25	25.56	26.05	193689	68628551	0
2010.12.02	26.24	26.99	26.20	26.90	208770	83554958	0
2010.12.03	26.81	27.07	26.78	27.02	130596	48750698	0
2010.12.06	26.93	26.98	26.76	26.85	97192	32791029	0
2010.12.07	27.07	27.13	26.85	26.89	146773	52633438	0
2010.12.08	26.83	27.25	26.80	27.23	115187	38906954	0
2010.12.09	27.28	27.35	27.00	27.09	122223	43740148	0
2010.12.10	27.18	27.41	27.11	27.34	100346	33918436	0
2010.12.13	27.27	27.45	27.18	27.23	111454	42277643	0
2010.12.14	27.30	27.75	27.26	27.63	152200	59560505	0
2010.12.15	27.56	27.99	27.53	27.86	141106	54338313	0
2010.12.16	27.76	28.00	27.66	27.97	143297	50793504	0
2010.12.17	27.92	28.09	27.75	27.75	129411	51144922	0
2010.12.20	27.95	27.99	27.68	27.81	113823	37832969	0
2010.12.21	27.83	28.15	27.76	28.07	103954	34766924	0
2010.12.22	27.99	28.40	27.98	28.18	124353	37880801	0
2010.12.23	27.97	28.33	27.96	28.31	76019	22959169	0
2010.12.27	28.12	28.20	27.88	28.07	55714	18602534	0
2010.12.28	27.98	28.17	27.96	28.02	64871	20335887	0
2010.12.29	27.93	28.12	27.88	27.97	54611	16849101	0
2010.12.30	27.93	28.00	27.77	27.87	59668	19204110	0
2010.12.31	27.81	27.91	27.63	27.91	59410	20019814	0
2011.01.03	28.04	28.18	27.92	27.97	127729	47565826	0
2011.01.04	27.94	28.18	27.85	28.05	125503	49029112	0
2011.01.05	27.91	28.02	27.77	28.00	143297	54614232	0
2011.01.06	28.04	28.85	27.86	28.81	224573	82105843	0
2011.01.07	28.64	28.74	28.25	28.59	190602	65614692	0
2011.01.10	28.27	28.41	28.04	28.22	138884	50355813	0
2011.01.11	28.20	28.26	28.05	28.11	124464	45071489	0
2011.01.12	28.12	28.60	28.07	28.55	132243	48581127	0
2011.01.13	28.33	28.39	28.01	28.21	166161	60599469	0
2011.01.14	28.08	28.39	27.91	28.30	144240	57241896	0
2011.01.18	28.15	28.74	28.14	28.66	121262	42611452	0
2011.01.19	28.46	28.68	28.27	28.47	135754	43914445	0
2011.01.20	28.50	28.55	28.13	28.37	137455	44875327	0
2011.01.21	28.40	28.41	28.02	28.03	132495	46982055	0
2011.01.24	28.02	28.58	27.99	28.39	137743	47334196	0
2011.01.25	28.14	28.45	28.12	28.45	119540	37999570	0
2011.01.26	28.51	28.99	28.50	28.75	173240	68601404	0
2011.01.27	28.75	29.46	28.49	28.89	346519	137363495	0
2011.01.28	28.89	28.93	27.45	27.76	364266	133174035	0
2011.01.31	27.80	27.90	27.42	27.73	176115	54887930	0
2011.02.01	27.80	28.07	27.61	28.02	178548	59118299	0
2011.02.02	27.93	28.12	27.88	27.94	124418	43603453	0
2011.02.03	27.95	27.97	27.54	27.65	152644	55088476	0
2011.02.04	27.70	27.84	27.51	27.78	121391	37964471	0
2011.02.07	27.80	28.34	27.79	28.19	169106	65013945	0
2011.02.08	28.09	28.34	28.05	28.29	103905	32235685	0
2011.02.09	28.19	28.30	27.91	27.95	136370	48763433	0
2011.02.10	27.94	27.94	27.29	27.48	190057	72941117	0
2011.02.11	27.76	27.81	27.07	27.25	202721	78839682	0
2011.02.14	27.21	27.28	26.95	27.23	145705	52422857	0
2011.02.15	27.03	27.33	26.95	26.96	109023	40152037	0
2011.02.16	27.05	27.07	26.60	27.01	183082	68390298	0
2011.02.17	26.97	27.37	26.91	27.20	139483	53805440	0
2011.02.18	27.13	27.21	26.99	27.10	143379	56563450	0
2011.02.22	26.77	27.11	26.52	26.57	168065	55698720	0
2011.02.23	26.53	26.86	26.43	26.59	160067	49531955	0
2011.02.24	26.64	27.06	26.50	26.76	179437	57570826	0
2011.02.25	26.92	26.95	26.50	26.55	130996	48621548	0
2011.02.28	26.65	26.86	26.51	26.58	123350	42732063	0
2011.03.01	26.61	26.78	26.15	26.17	173783	54760999	0
2011.03.02	26.13	26.37	26.04	26.07	147113	46283411	0
2011.03.03	26.26	26.40	26.18	26.19	166349	65322380	0
2011.03.04	26.21	26.24	25.80	25.97	188024	67291299	0
2011.03.07	26.12	26.27	25.55	25.71	190434	60528562	0
2011.03.08	25.78	26.03	25.65	25.90	155983	47732646	0
2011.03.09	25.80	25.99	25.66	25.89	127851	37195157	0
2011.03.10	25.62	25.71	25.35	25.40	186570	62388326	0
2011.03.11	25.41	25.86	25.36	25.68	153210	46440513	0
2011.03.14	25.44	25.76	25.35	25.70	132313	42205937	0
2011.03.15	25.38	25.47	25.23	25.35	153792	48723202	0
2011.03.16	25.22	25.22	24.68	24.80	219900	76274625	0
2011.03.17	25.14	25.23	24.74	24.76	145785	48995009	0
2011.03.18	24.89	25.11	24.79	24.87	127308	45146600	0
2011.03.21	25.56	25.58	25.17	25.29	92135	30965942	0
2011.03.22	25.45	25.47	25.26	25.34	63421	19218092	0
2011.03.23	25.30	25.61	25.18	25.54	86646	31368569	0
2011.03.24	25.65	25.88	25.58	25.79	90354	29373097	0
2011.03.25	25.72	25.77	25.59	25.61	116190	44100352	0
2011.03.28	25.67	25.72	25.38	25.41	98754	45861012	0
2011.03.29	25.36	25.53	25.30	25.49	102565	37072525	0
2011.03.30	25.57	25.73	25.50	25.58	95988	33948333	0
2011.03.31	25.63	25.68	25.35	25.35	122090	55746893	0
2011.04.01	25.52	25.53	25.31	25.47	153963	58852085	0
2011.04.04	25.45	25.67	25.41	25.55	100632	32926129	0
2011.04.05	25.82	26.18	25.74	25.76	186776	67886026	0
2011.04.06	25.98	26.32	25.86	26.15	168150	61653889	0
2011.04.07	26.19	26.26	25.97	26.20	124297	42538185	0
2011.04.08	26.17	26.28	25.96	26.06	108432	36733122	0
2011.04.11	26.19	26.25	25.80	25.98	102804	31572321	0
2011.04.12	25.83	25.85	25.55	25.64	105721	33528569	0
2011.04.13	25.66	25.87	25.56	25.62	99752	31040172	0
2011.04.14	25.42	25.44	25.09	25.40	144646	51671071	0
2011.04.15	25.46	25.56	25.18	25.37	125679	45136097	0
2011.04.18	25.10	25.29	24.72	25.09	155116	53727059	0
2011.04.19	25.01	25.17	24.87	25.14	116438	36628267	0
2011.04.20	25.56	26.01	25.51	25.74	158232	56808533	0
2011.04.21	25.78	25.89	25.36	25.53	123413	42801834	0
2011.04.25	25.56	25.63	25.34	25.61	85830	30676273	0
2011.04.26	25.74	26.44	25.61	26.20	169955	66034400	0
2011.04.27	26.32	26.39	26.13	26.39	124250	49541041	0
2011.04.28	26.46	26.87	26.40	26.71	176960	68289987	0
2011.04.29	26.55	26.64	25.36	26.02	430066	194300269	0
2011.05.02	25.94	26.00	25.48	25.66	190643	79481609	0
2011.05.03	25.60	25.85	25.49	25.82	172113	67960540	0
2011.05.04	25.85	26.25	25.79	26.04	173406	68180271	0
2011.05.05	26.04	26.09	25.68	25.79	137702	52371125	0
2011.05.06	26.07	26.23	25.75	25.87	150063	53323378	0
2011.05.09	25.81	25.96	25.67	25.82	95735	34229344	0
2011.05.10	25.38	25.86	25.25	25.67	260820	112539697	0
2011.05.11	25.66	25.67	25.21	25.35	175946	73996247	0
2011.05.12	25.35	25.39	25.10	25.32	173416	71029174	0
2011.05.13	25.28	25.33	24.95	25.02	147270	62887958	0
2011.05.16	24.97	25.07	24.50	24.58	181843	76904353	0
2011.05.17	24.39	24.70	24.27	24.53	168927	65445270	0
2011.05.18	24.55	24.74	24.25	24.69	137226	50118120	0
2011.05.19	24.85	24.88	24.50	24.72	97810	34947558	0
2011.05.20	24.71	24.87	24.44	24.49	105706	40300476	0
2011.05.23	24.21	24.26	24.03	24.17	125288	46543663	0
2011.05.24	24.21	24.29	24.04	24.15	117810	42836319	0
2011.05.25	24.15	24.32	24.15	24.20	86970	31385545	0
2011.05.26	24.35	24.89	24.32	24.67	185539	73746093	0
2011.05.27	24.68	24.91	24.65	24.76	122523	46861138	0
2011.05.31	24.97	25.06	24.70	25.02	111757	44097518	0
2011.06.01	24.98	25.10	24.37	24.43	167595	61933733	0
2011.06.02	24.49	24.65	24.19	24.22	137448	48955633	0
2011.06.03	24.05	24.14	23.84	23.89	136548	55896578	0
2011.06.06	23.89	24.25	23.77	23.99	121490	44106760	0
2011.06.07	24.08	24.17	23.90	24.05	101885	36723549	0
2011.06.08	23.89	24.03	23.86	23.96	117686	39473973	0
2011.06.09	24.00	24.04	23.82	23.94	102415	38320933	0
2011.06.10	24.01	24.02	23.69	23.69	122608	43771497	0
2011.06.13	23.79	24.19	23.70	24.03	120918	42943786	0
2011.06.14	24.30	24.45	24.19	24.21	108558	36091724	0
2011.06.15	24.00	24.01	23.67	23.76	137144	45057178	0
2011.06.16	23.79	24.11	23.65	23.99	148424	53595021	0
2011.06.17	24.25	24.30	23.98	24.26	145193	56299425	0
2011.06.20	24.17	24.66	24.16	24.46	143260	50009617	0
2011.06.21	24.53	24.87	24.40	24.77	130342	40854670	0
2011.06.22	24.60	24.81	24.59	24.65	112968	40646217	0
2011.06.23	24.44	24.66	24.20	24.64	156309	55348416	0
2011.06.24	24.51	24.54	24.19	24.29	161141	51155820	0
2011.06.27	24.24	25.46	24.24	25.19	194888	80311383	0
2011.06.28	25.30	25.92	25.16	25.85	162605	66987908	0
2011.06.29	25.70	25.71	25.36	25.62	135041	55060633	0
2011.06.30	25.71	26.01	25.66	25.98	126293	46550930	0
2011.07.01	25.93	26.17	25.84	26.06	134032	44222660	0
2011.07.05	26.10	26.15	25.90	26.05	102959	33488867	0
2011.07.06	25.96	26.38	25.96	26.35	129310	44227062	0
2011.07.07	26.51	26.89	26.36	26.77	135665	48048552	0
2011.07.08	26.52	26.98	26.51	26.94	165879	54822751	0
2011.07.11	26.62	26.80	26.49	26.64	126702	39597990	0
2011.07.12	26.55	26.79	26.34	26.54	137531	43401259	0
2011.07.13	26.62	26.96	26.51	26.64	110138	36615076	0
2011.07.14	26.63	27.03	26.36	26.47	141455	43974532	0
2011.07.15	26.47	26.93	26.47	26.78	128204	40672926	0
2011.07.18	26.63	26.90	26.22	26.59	124730	40945668	0
2011.07.19	26.79	27.64	26.78	27.55	203280	80988990	0
2011.07.20	27.28	27.35	26.98	27.05	129868	45870809	0
2011.07.21	27.03	27.31	26.65	27.10	198280	68834073	0
2011.07.22	26.86	27.55	26.68	27.53	204972	72832497	0
2011.07.25	27.26	28.09	27.19	27.92	233434	102086822	0
2011.07.26	27.82	28.15	27.77	28.07	157684	66728689	0
2011.07.27	27.89	27.99	27.20	27.34	190653	66360563	0
2011.07.28	27.27	28.07	27.21	27.73	205097	76137330	0
2011.07.29	27.51	27.71	27.26	27.42	196573	62918318	0
2011.08.01	27.51	27.69	26.75	27.29	191097	57421717	0
2011.08.02	26.98	27.46	26.76	26.82	189832	58330554	0
2011.08.03	26.83	27.01	26.48	26.90	210606	60920205	0
2011.08.04	26.53	26.87	25.93	25.93	303069	87588961	0
2011.08.05	25.97	26.10	25.23	25.70	362637	103941003	0
2011.08.08	25.04	25.60	24.39	24.48	441636	124160292	0
2011.08.09	24.71	25.63	24.03	25.62	416886	115385928	0
2011.08.10	24.95	25.09	24.10	24.17	403586	116717463	0
2011.08.11	24.48	25.38	24.40	25.12	316500	80354871	0
2011.08.12	25.14	25.34	24.65	25.09	222164	59614803	0
2011.08.15	25.24	25.62	25.15	25.53	169094	51908975	0
2011.08.16	25.22	25.59	25.05	25.37	169328	50199609	0
2011.08.17	25.25	25.71	24.93	25.25	153600	46202159	0
2011.08.18	24.58	25.09	24.03	24.68	338779	98119661	0
2011.08.19	24.42	24.62	23.91	24.05	237242	65746661	0
2011.08.22	24.42	24.49	23.79	23.97	179055	49965500	0
2011.08.23	24.05	24.76	24.04	24.71	188502	49861772	0
2011.08.24	24.60	24.93	24.42	24.90	158850	40930104	0
2011.08.25	25.06	25.16	24.50	24.58	185708	44909591	0
2011.08.26	24.51	25.34	24.42	25.24	181149	51764119	0
2011.08.29	25.53	25.87	25.37	25.85	126393	34557541	0
2011.08.30	25.73	26.43	25.70	26.24	192567	52919784	0
2011.08.31	26.29	26.72	26.26	26.60	175108	51583309	0
2011.09.01	26.46	26.86	26.21	26.23	187893	53258074	0
2011.09.02	25.78	26.00	25.66	25.80	145292	40027226	0
2011.09.06	25.21	25.60	25.11	25.51	183604	47783669	0
2011.09.07	25.69	26.01	25.57	26.00	122381	34476626	0
2011.09.08	25.97	26.67	25.95	26.21	199992	62030088	0
2011.09.09	26.00	26.18	25.50	25.73	195764	58778631	0
2011.09.12	25.44	26.60	25.27	25.88	175181	48427989	0
2011.09.13	25.94	26.19	25.81	26.04	166943	44587583	0
2011.09.14	26.17	26.80	25.89	26.50	206046	61908313	0
2011.09.15	26.73	27.03	26.31	26.96	180148	50984032	0
2011.09.16	27.02	27.28	26.83	27.12	179157	52556721	0
2011.09.19	26.82	27.31	26.60	27.20	155466	48120685	0
2011.09.20	27.30	27.51	26.93	26.97	160737	45642586	0
2011.09.21	27.05	27.06	25.97	25.98	224398	67732069	0
2011.09.22	25.37	25.65	24.60	25.06	292897	89020773	0
2011.09.23	24.90	25.16	24.69	25.06	205934	57091804	0
2011.09.26	25.20	25.52	24.73	25.45	171337	46894567	0
2011.09.27	25.66	25.93	25.45	25.67	184060	51527695	0
2011.09.28	25.91	26.38	25.51	25.55	191599	56051131	0
2011.09.29	25.98	26.18	25.09	25.44	213933	59729866	0
2011.09.30	25.21	25.50	24.88	24.90	170394	44157215	0
2011.10.03	24.71	25.34	24.50	24.53	206143	57410406	0
2011.10.04	24.34	25.39	24.26	25.34	258045	74234677	0
2011.10.05	25.42	26.16	25.16	25.93	310167	89245324	0
2011.10.06	25.90	26.41	25.70	26.35	180347	48420633	0
2011.10.07	26.34	26.51	26.20	26.24	183043	48568219	0
2011.10.10	26.57	26.94	26.47	26.94	131814	36801359	0
2011.10.11	26.85	27.08	26.72	27.00	121504	36168278	0
2011.10.12	27.18	27.31	26.90	26.95	157219	45677932	0
2011.10.13	26.75	27.21	26.62	27.18	145070	40168141	0
2011.10.14	27.27	27.50	27.02	27.27	141566	45238536	0
2011.10.17	27.11	27.43	26.85	26.99	128443	35428251	0
2011.10.18	26.95	27.40	26.80	27.29	170795	48188644	0
2011.10.19	27.39	27.47	27.01	27.13	150434	40047869	0
2011.10.20	27.25	27.34	26.40	27.04	225503	68782261	0
2011.10.21	27.13	27.19	26.80	27.16	195685	61535344	0
2011.10.24	27.12	27.41	27.04	27.19	149866	47059486	0
2011.10.25	27.10	27.23	26.72	26.82	151055	49138359	0
2011.10.26	27.03	27.06	26.10	26.59	192424	57065557	0
2011.10.27	27.15	27.41	26.65	27.26	197414	65382271	0
2011.10.28	27.10	27.19	26.79	26.98	152473	45991266	0
2011.10.31	26.93	27.00	26.60	26.63	113261	34631209	0
2011.11.01	26.26	26.80	25.86	26.08	160051	46364206	0
2011.11.02	25.92	26.14	25.70	26.05	122425	38133136	0
2011.11.03	26.22	26.59	26.18	26.53	137041	47670026	0
2011.11.04	26.08	26.29	26.00	26.25	80777	24138550	0
2011.11.07	26.21	26.82	26.13	26.81	128226	39658019	0
2011.11.08	27.01	27.21	26.68	27.15	137469	42332072	0
2011.11.09	26.59	26.75	26.06	26.20	174923	57583156	0
2011.11.10	26.48	26.50	26.12	26.28	105365	30611015	0
2011.11.11	26.58	27.08	26.57	26.92	112043	34461432	0
2011.11.14	26.88	27.01	26.65	26.77	94333	28544496	0
2011.11.15	26.55	26.95	26.40	26.73	112905	36748429	0
2011.11.16	26.47	26.51	26.04	26.08	127942	43155397	0
2011.11.17	26.01	26.06	25.44	25.57	186322	63326220	0
2011.11.18	25.50	25.50	25.15	25.31	125155	39219160	0
2011.11.21	25.24	25.25	24.90	25.00	170164	55253690	0
2011.11.22	24.90	24.99	24.65	24.79	151461	46406117	0
2011.11.23	24.65	24.79	24.47	24.47	138524	45106781	0
2011.11.25	24.39	24.67	24.27	24.30	74695	21553073	0
2011.11.28	24.94	24.97	24.69	24.90	112896	36573040	0
2011.11.29	24.85	25.05	24.75	24.84	117198	38667752	0
2011.11.30	25.37	25.59	25.14	25.55	179296	62877516	0
2011.12.01	25.56	25.62	25.20	25.27	129421	43335003	0
2011.12.02	25.59	25.62	25.16	25.22	136641	47483025	0
2011.12.05	25.77	25.81	25.50	25.69	148713	52629889	0
2011.12.06	25.81	25.87	25.61	25.66	125217	43304167	0
2011.12.07	25.67	25.77	25.34	25.60	160770	59834936	0
2011.12.08	25.48	25.72	25.37	25.40	165368	55639492	0
2011.12.09	25.52	25.88	25.50	25.70	136898	49156711	0
2011.12.12	25.44	25.58	25.29	25.56	112759	34855778	0
2011.12.13	25.75	26.10	25.66	25.74	145564	49779812	0
2011.12.14	25.72	25.86	25.57	25.58	144355	43734372	0
2011.12.15	25.72	25.88	25.54	25.57	124328	40253898	0
2011.12.16	25.67	26.17	25.63	25.98	158893	59948835	0
2011.12.19	26.00	26.13	25.46	25.52	126451	45568205	0
2011.12.20	25.87	26.10	25.81	26.04	150854	51246867	0
2011.12.21	26.01	26.19	25.44	25.76	165005	57859349	0
2011.12.22	25.82	25.86	25.51	25.82	97752	32552378	0
2011.12.23	25.94	26.04	25.71	26.02	63707	20731453	0
2011.12.27	25.98	26.14	25.93	26.03	59020	17697780	0
2011.12.28	26.11	26.15	25.76	25.82	74096	24655906	0
2011.12.29	25.95	26.06	25.86	26.01	60679	20275350	0
2011.12.30	26.00	26.14	25.91	25.97	62508	21793272	0
2012.01.03	26.55	26.97	26.39	26.84	165022	60045336	0
2012.01.04	26.81	27.48	26.78	27.39	186293	73604618	0
2012.01.05	27.38	27.73	27.29	27.67	141625	52535952	0
2012.01.06	27.55	28.19	27.52	28.12	204611	91063190	0
2012.01.09	28.04	28.11	27.72	27.74	149236	55479227	0
2012.01.10	27.94	28.16	27.75	27.84	138887	51485398	0
2012.01.11	27.43	27.98	27.37	27.72	163449	61330115	0
2012.01.12	27.87	28.02	27.65	28.00	109498	41408833	0
2012.01.13	27.93	28.26	27.79	28.26	133194	53545893	0
2012.01.17	28.40	28.65	28.17	28.26	162437	65632840	0
2012.01.18	28.33	28.41	27.97	28.23	158098	56222476	0
2012.01.19	28.16	28.44	28.03	28.13	163170	64906628	0
2012.01.20	28.81	29.76	28.75	29.71	341130	148433421	0
2012.01.23	29.55	29.95	29.35	29.73	181147	67052579	0
2012.01.24	29.47	29.57	29.18	29.34	132931	47270075	0
2012.01.25	29.10	29.66	29.07	29.57	151579	54839648	0
2012.01.26	29.65	29.71	29.40	29.51	132830	45407176	0
2012.01.27	29.46	29.53	29.17	29.23	119767	40349436	0
2012.01.30	28.97	29.63	28.83	29.62	129448	45669264	0
2012.01.31	29.66	29.70	29.23	29.54	120174	39948738	0
2012.02.01	29.80	30.05	29.76	29.90	141332	60882861	0
2012.02.02	29.90	30.17	29.71	29.94	131232	48791535	0
2012.02.03	30.15	30.41	30.09	30.22	110986	37999068	0
2012.02.06	30.05	30.22	29.97	30.20	76705	25741187	0
2012.02.07	30.11	30.49	30.05	30.36	105677	36366428	0
2012.02.08	30.26	30.68	30.24	30.67	115735	46530841	0
2012.02.09	30.68	30.81	30.48	30.78	116207	43884829	0
2012.02.10	30.63	30.81	30.36	30.48	107152	37861958	0
2012.02.13	30.64	30.78	30.43	30.56	91613	30250244	0
2012.02.14	30.34	30.46	29.85	30.25	130244	50301126	0
2012.02.15	30.35	30.39	30.03	30.05	115182	38964502	0
2012.02.16	30.31	31.56	30.30	31.29	212935	87258188	0
2012.02.17	31.20	31.33	30.95	31.26	150105	56900272	0
2012.02.21	31.20	31.53	31.15	31.44	130088	46149365	0
2012.02.22	31.45	31.68	31.18	31.27	133823	45598915	0
2012.02.23	31.23	31.59	31.00	31.38	103154	31375399	0
2012.02.24	31.46	31.50	31.24	31.49	94745	29175051	0
2012.02.27	31.24	31.50	31.10	31.36	99522	30982319	0
2012.02.28	31.41	31.94	31.38	31.87	116910	41109971	0
2012.02.29	31.88	32.00	31.61	31.74	144783	50837900	0
2012.03.01	31.93	32.43	31.85	32.28	206148	71055925	0
2012.03.02	32.32	32.45	32.00	32.08	134443	43796427	0
2012.03.05	32.01	32.05	31.62	31.80	129497	42387325	0
2012.03.06	31.52	31.98	31.49	31.56	148100	47902156	0
2012.03.07	31.67	31.92	31.53	31.84	103144	30919331	0
2012.03.08	32.05	32.21	31.90	32.02	105107	33564550	0
2012.03.09	32.10	32.16	31.92	32.01	94410	30796596	0
2012.03.12	32.04	32.20	31.96	32.08	79031	24971275	0
2012.03.13	32.26	32.70	32.04	32.67	96951	36822294	0
2012.03.14	32.63	32.88	32.55	32.73	92999	30875484	0
2012.03.15	32.92	32.94	32.77	32.83	95183	37670576	0
2012.03.16	32.80	32.86	32.50	32.60	80370	29405219	0
2012.03.19	32.35	32.60	32.15	32.17	93529	36072112	0
2012.03.20	31.86	32.13	31.74	32.02	86959	29066901	0
2012.03.21	31.92	32.10	31.82	31.91	81568	26019526	0
2012.03.22	31.90	32.05	31.81	31.99	71757	21966665	0
2012.03.23	31.79	32.05	31.74	31.97	73453	25724176	0
2012.03.26	32.19	32.61	32.15	32.59	98427	33193862	0
2012.03.27	32.65	32.71	32.40	32.53	95763	29598786	0
2012.03.28	32.54	32.70	32.04	32.18	112567	35229342	0
2012.03.29	32.06	32.19	31.81	32.13	109587	33739704	0
2012.03.30	32.40	32.41	32.04	32.24	89438	25377780	0
2012.04.02	32.22	32.46	31.14	32.28	100163	31627003	0
2012.04.03	32.16	32.20	31.66	31.94	136052	39523546	0
2012.04.04	31.65	31.69	31.05	31.22	150592	46640922	0
2012.04.05	31.15	31.63	31.05	31.51	107753	32998804	0
2012.04.09	31.26	31.40	30.97	31.10	89794	28164832	0
2012.04.10	31.06	31.19	30.30	30.47	155267	50329672	0
2012.04.11	30.45	30.53	30.23	30.35	125621	38999024	0
2012.04.12	30.49	31.05	30.42	30.99	111048	35505827	0
2012.04.13	30.89	31.16	30.72	30.81	108456	32287449	0
2012.04.16	30.99	31.19	30.77	31.09	109150	31320705	0
2012.04.17	31.27	31.62	31.20	31.44	97461	28499903	0
2012.04.18	31.27	31.31	31.04	31.13	102917	31825743	0
2012.04.19	31.13	31.68	30.94	31.06	172487	48007205	0
2012.04.20	32.16	32.90	32.05	32.42	264233	91267886	0
2012.04.23	32.30	32.50	32.00	32.11	177089	53192066	0
2012.04.24	32.22	32.23	31.83	31.93	125626	37306581	0
2012.04.25	31.96	32.33	31.87	32.20	173297	51930449	0
2012.04.26	32.11	32.23	31.92	32.13	114471	37645201	0
2012.04.27	32.13	32.22	31.88	31.98	107875	34456410	0
2012.04.30	31.99	32.11	31.92	32.02	93496	29570116	0
2012.05.01	32.04	32.34	31.95	32.02	114637	36937667	0
2012.05.02	31.83	31.93	31.64	31.81	108133	33626852	0
2012.05.03	31.86	31.90	31.61	31.76	100476	28823899	0
2012.05.04	31.45	31.57	30.92	30.97	165871	54659940	0
2012.05.07	30.69	30.87	30.57	30.66	125823	36616180	0
2012.05.08	30.48	30.79	30.17	30.49	146929	42722586	0
2012.05.09	30.19	30.83	30.10	30.76	162451	46231185	0
2012.05.10	30.86	31.02	30.45	30.74	136946	40130650	0
2012.05.11	30.69	31.54	30.69	31.17	131698	39633834	0
2012.05.14	30.76	31.16	30.64	30.68	121763	33460186	0
2012.05.15	30.62	30.80	30.15	30.20	162728	47864856	0
2012.05.16	30.33	30.33	29.74	29.90	193294	55537384	0
2012.05.17	29.97	30.21	29.71	29.73	144206	42719477	0
2012.05.18	29.76	29.81	29.17	29.27	157302	44803352	0
2012.05.21	29.10	29.80	29.06	29.75	121495	33916968	0
2012.05.22	29.70	29.88	29.50	29.77	124096	34554162	0
2012.05.23	29.35	29.40	28.64	29.11	192496	58649717	0
2012.05.24	29.12	29.31	28.76	29.08	165552	48386653	0
2012.05.25	29.17	29.36	29.01	29.05	98156	26155009	0
2012.05.29	29.38	29.72	29.22	29.55	120147	34689331	0
2012.05.30	29.32	29.48	29.12	29.34	137733	39182724	0
2012.05.31	29.30	29.42	28.94	29.20	113503	32067383	0
2012.06.01	28.80	28.97	28.44	28.44	161883	47609156	0
2012.06.04	28.63	28.78	28.32	28.54	141779	40434771	0
2012.06.05	28.54	28.76	28.39	28.52	136140	42601727	0
2012.06.06	28.86	29.38	28.81	29.37	135045	42738235	0
2012.06.07	29.64	29.70	29.17	29.23	117564	33375769	0
2012.06.08	29.23	29.69	29.05	29.64	117132	37716662	0
2012.06.11	29.73	29.81	28.82	28.93	123407	41215519	0
2012.06.12	29.11	29.30	28.84	29.30	111623	31649003	0
2012.06.13	29.25	29.44	29.05	29.12	108438	30759869	0
2012.06.14	29.31	29.46	28.88	29.33	126192	35358750	0
2012.06.15	29.59	30.09	29.49	30.02	130276	42492285	0
2012.06.18	29.99	30.03	29.71	29.84	150557	50370498	0
2012.06.19	30.19	31.11	30.05	30.69	202973	70156640	0
2012.06.20	30.94	31.06	30.64	30.93	118442	33265846	0
2012.06.21	30.96	31.15	30.06	30.14	139388	44459666	0
2012.06.22	30.29	30.73	30.03	30.70	112320	34292888	0
2012.06.25	30.30	30.32	29.62	29.84	120309	36908583	0
2012.06.26	30.00	30.27	29.94	30.00	115984	35486551	0
2012.06.27	30.19	30.50	30.03	30.18	107786	31650002	0
2012.06.28	30.00	30.05	29.42	29.90	134396	41965357	0
2012.06.29	30.43	30.69	30.14	30.58	139577	45503132	0
2012.07.02	30.62	30.62	30.21	30.54	86644	25444166	0
2012.07.03	30.23	30.79	30.17	30.75	63914	19044590	0
2012.07.05	30.51	30.78	30.37	30.69	88558	25613394	0
2012.07.06	30.56	30.70	29.95	30.20	118321	35710509	0
2012.07.09	30.12	30.23	29.78	30.02	96687	27800271	0
2012.07.10	30.08	30.22	29.51	29.74	117742	33843458	0
2012.07.11	29.71	29.74	29.11	29.29	122231	35132455	0
2012.07.12	29.18	29.18	28.54	28.63	170877	61244521	0
2012.07.13	28.76	29.49	28.72	29.40	113298	36106819	0
2012.07.16	29.50	29.53	29.04	29.44	88294	25602725	0
2012.07.17	29.65	29.86	29.20	29.66	109369	31562048	0
2012.07.18	29.60	30.45	29.46	30.44	125399	37477726	0
2012.07.19	30.51	30.80	30.38	30.61	125444	38932625	0
2012.07.20	31.00	31.05	30.05	30.08	179364	51164563	0
2012.07.23	29.57	29.58	29.01	29.28	174489	51926842	0
2012.07.24	29.24	29.36	28.90	29.17	148111	44833199	0
2012.07.25	29.24	29.33	28.78	28.84	133036	42319064	0
2012.07.26	29.23	29.50	29.09	29.16	141943	41672299	0
2012.07.27	29.47	29.85	29.18	29.78	129220	38677842	0
2012.07.30	29.75	29.82	29.46	29.64	96660	26579800	0
2012.07.31	29.48	29.71	29.33	29.46	108946	32667481	0
2012.08.01	29.61	29.65	29.21	29.41	101324	29094629	0
2012.08.02	29.21	29.53	28.97	29.16	128175	37540929	0
2012.08.03	29.54	29.95	29.48	29.75	108214	32845279	0
2012.08.06	29.99	30.11	29.81	29.95	82013	24428752	0
2012.08.07	30.09	30.37	29.87	30.25	86042	25645143	0
2012.08.08	30.20	30.48	30.11	30.32	86289	23649769	0
2012.08.09	30.43	30.65	30.30	30.50	69753	21412577	0
2012.08.10	30.50	30.63	30.25	30.41	84550	25479022	0
2012.08.13	30.38	30.46	30.16	30.41	67733	20893038	0
2012.08.14	30.30	30.39	30.01	30.14	101196	32760632	0
2012.08.15	30.11	30.28	30.02	30.19	75432	22812987	0
2012.08.16	30.37	30.95	30.26	30.79	106367	32843719	0
2012.08.17	30.88	30.92	30.59	30.90	76739	24021233	0
2012.08.20	30.83	30.87	30.58	30.74	71190	21665996	0
2012.08.21	30.78	30.97	30.61	30.81	81419	24755704	0
2012.08.22	30.59	30.77	30.46	30.54	103484	30250467	0
2012.08.23	30.39	30.40	30.08	30.25	88548	26046731	0
2012.08.24	30.25	30.63	30.18	30.57	76246	20617238	0
2012.08.27	30.94	30.96	30.59	30.70	98863	30330046	0
2012.08.28	30.72	30.80	30.52	30.62	77910	21475062	0
2012.08.29	30.65	30.75	30.44	30.63	75601	20716572	0
2012.08.30	30.53	30.61	30.22	30.34	76653	20818592	0
2012.08.31	30.60	30.97	30.38	30.81	116274	32103867	0
2012.09.04	30.45	30.67	30.15	30.35	136540	41963684	0
2012.09.05	30.21	30.53	30.21	30.38	111881	31237977	0
2012.09.06	30.50	31.37	30.46	31.37	144803	45173098	0
2012.09.07	31.03	31.07	30.73	30.94	132185	38616606	0
2012.09.10	30.78	30.90	30.51	30.72	110673	35407464	0
2012.09.11	30.69	30.92	30.61	30.79	71563	20744808	0
2012.09.12	30.94	31.18	30.73	30.78	88057	27352078	0
2012.09.13	30.87	31.18	30.40	30.97	138074	40099145	0
2012.09.14	31.01	31.25	30.81	31.20	134940	42384759	0
2012.09.17	31.19	31.26	31.04	31.21	93988	27663697	0
2012.09.18	31.10	31.22	31.03	31.20	88176	24868454	0
2012.09.19	31.07	31.20	31.04	31.06	108196	38779284	0
2012.09.20	30.95	31.49	30.91	31.47	120202	39159897	0
2012.09.21	31.43	31.61	31.09	31.29	161023	56330509	0
2012.09.24	31.00	31.07	30.64	30.75	116149	37510494	0
2012.09.25	30.95	31.00	30.36	30.39	122585	43062769	0
2012.09.26	30.28	30.60	30.03	30.18	138746	47218150	0
2012.09.27	30.19	30.40	29.89	30.20	127473	41984630	0
2012.09.28	30.18	30.26	29.74	29.75	135025	45422520	0
2012.10.01	29.81	29.98	29.42	29.53	156746	48558801	0
2012.10.02	29.67	29.89	29.50	29.67	131364	38857028	0
2012.10.03	29.75	30.00	29.67	29.86	130382	41489584	0
2012.10.04	29.97	30.03	29.57	30.02	116822	39681769	0
2012.10.05	30.23	30.25	29.74	29.84	115292	36024386	0
2012.10.08	29.66	29.92	29.55	29.79	89561	27366502	0
2012.10.09	29.70	29.74	29.18	29.28	136863	41049813	0
2012.10.10	29.14	29.31	28.95	28.99	122930	42439870	0
2012.10.11	29.21	29.25	28.87	28.95	118196	37899543	0
2012.10.12	28.97	29.32	28.80	29.20	123745	40635071	0
2012.10.15	29.39	29.72	29.25	29.50	112777	36074871	0
2012.10.16	29.45	29.75	29.32	29.52	123966	44368814	0
2012.10.17	29.26	29.64	29.09	29.59	119235	37878847	0
2012.10.18	29.67	29.73	29.26	29.54	136028	44305376	0
2012.10.19	29.05	29.08	28.50	28.64	206443	68593588	0
2012.10.22	28.73	28.83	27.83	28.00	210667	78394975	0
2012.10.23	27.77	28.20	27.76	28.04	178275	61578240	0
2012.10.24	28.17	28.20	27.87	27.89	136833	46353960	0
2012.10.25	28.18	28.21	27.86	27.89	144020	47904918	0
2012.10.26	27.86	28.34	27.84	28.20	138756	51131519	0
2012.10.31	28.66	28.71	28.50	28.59	136947	49638933	0
2012.11.01	29.10	29.60	29.08	29.51	144104	50289839	0
2012.11.02	29.35	29.77	29.33	29.49	133069	43541419	0
2012.11.05	29.62	29.74	29.33	29.63	121449	34832088	0
2012.11.06	29.85	30.21	29.61	29.86	127146	38961456	0
2012.11.07	29.53	29.82	29.05	29.08	157384	50507691	0
2012.11.08	29.13	29.38	28.80	28.82	138167	46256695	0
2012.11.09	28.88	29.19	28.81	28.82	130429	39829251	0
2012.11.12	28.94	29.01	28.21	28.24	167353	58235364	0
2012.11.13	27.02	27.31	26.75	27.06	287186	117397405	0
2012.11.14	27.23	27.29	26.80	26.83	168447	67790646	0
2012.11.15	26.88	26.97	26.63	26.67	153679	46479779	0
2012.11.16	26.67	26.70	26.35	26.53	159493	50692145	0
2012.11.19	26.80	26.80	26.47	26.74	143624	49725855	0
2012.11.20	26.76	26.80	26.46	26.71	127427	43562063	0
2012.11.21	26.71	27.03	26.67	26.95	99393	34783366	0
2012.11.23	27.22	27.77	27.20	27.63	87898	29584117	0
2012.11.26	27.54	27.58	27.17	27.40	132145	51486506	0
2012.11.27	27.36	27.38	27.07	27.10	116772	41024938	0
2012.11.28	27.01	27.39	26.77	27.34	145064	46679722	0
2012.11.29	27.11	27.37	26.86	26.94	182853	65597777	0
2012.11.30	27.04	27.13	26.49	26.62	193974	68656384	0
2012.12.03	26.78	26.83	26.40	26.42	142393	48962377	0
2012.12.04	26.48	26.64	26.34	26.34	139749	45207689	0
2012.12.05	26.39	26.93	26.26	26.67	160226	53366766	0
2012.12.06	26.79	26.98	26.61	26.73	106178	35102730	0
2012.12.07	26.82	26.82	26.37	26.46	124202	42025672	0
2012.12.10	26.53	26.98	26.52	26.92	130028	42264048	0
2012.12.11	27.06	27.50	27.05	27.32	146825	47082042	0
2012.12.12	27.52	27.63	27.08	27.24	129390	40866146	0
2012.12.13	27.32	27.52	26.95	27.11	121533	41546170	0
2012.12.14	27.14	27.14	26.70	26.82	113002	35104172	0
2012.12.17	26.79	27.22	26.68	27.11	116773	34926786	0
2012.12.18	27.25	27.64	27.14	27.57	145609	46475301	0
2012.12.19	27.67	27.73	27.25	27.31	128021	43910432	0
2012.12.20	27.39	27.68	27.15	27.67	139569	45269557	0
2012.12.21	27.42	27.49	27.00	27.49	148958	50448085	0
2012.12.24	27.20	27.26	27.00	27.04	54903	17449941	0
2012.12.26	27.04	27.20	26.70	26.89	97418	29918079	0
2012.12.27	26.89	27.09	26.57	26.95	118169	36825473	0
2012.12.28	26.73	26.91	26.55	26.55	83387	25747081	0
2012.12.31	26.59	26.78	26.37	26.72	120807	38127898	0
2013.01.02	27.25	27.73	27.15	27.65	143082	47517285	0
2013.01.03	27.63	27.65	27.16	27.28	118986	41900997	0
2013.01.04	27.27	27.34	26.73	26.76	142391	48031763	0
2013.01.07	26.77	26.88	26.64	26.71	104478	34299514	0
2013.01.08	26.75	26.79	26.46	26.54	122904	39337871	0
2013.01.09	26.72	26.75	26.56	26.70	105925	35861510	0
2013.01.10	26.67	26.98	26.29	26.48	168916	65757977	0
2013.01.11	26.49	26.94	26.28	26.83	139470	50704451	0
2013.01.14	26.87	27.08	26.76	26.90	116970	43128607	0
2013.01.15	26.84	27.30	26.82	27.21	135410	45196150	0
2013.01.16	27.15	27.23	27.01	27.02	103490	35764284	0
2013.01.17	27.19	27.48	27.06	27.23	128029	43628421	0
2013.01.18	27.10	27.33	27.04	27.26	121010	38511395	0
2013.01.22	27.30	27.45	27.00	27.16	152479	50802881	0
2013.01.23	27.22	27.64	27.20	27.61	119479	44129248	0
2013.01.24	27.70	28.08	27.56	27.63	232739	92427005	0
2013.01.25	27.58	28.24	27.39	27.89	220205	75694390	0
2013.01.28	28.01	28.23	27.76	27.91	138533	49515814	0
2013.01.29	27.82	28.13	27.60	28.01	125094	42806130	0
2013.01.30	28.01	28.20	27.76	27.86	117230	39701277	0
2013.01.31	27.79	27.97	27.40	27.47	134410	44462524	0
2013.02.01	27.67	28.05	27.55	27.93	148970	49548163	0
2013.02.04	27.92	28.04	27.42	27.42	120521	44046705	0
2013.02.05	27.62	27.67	27.36	27.49	101177	31975061	0
2013.02.06	27.36	27.55	27.25	27.34	98232	36814724	0
2013.02.07	27.35	27.40	27.10	27.30	99267	33999799	0
2013.02.08	27.36	27.71	27.31	27.55	83748	30015274	0
2013.02.11	27.65	27.93	27.50	27.85	93333	30732943	0
2013.02.12	27.88	28.01	27.75	27.88	88926	33256737	0
2013.02.13	27.93	28.12	27.88	28.02	102727	39199660	0
2013.02.14	27.92	28.07	27.86	28.03	72044	24080874	0
2013.02.15	28.04	28.16	27.87	28.02	101782	39404606	0
2013.02.19	27.88	28.10	27.80	28.05	90248	29743825	0
2013.02.20	28.12	28.21	27.83	27.86	107675	40375833	0
2013.02.21	27.74	27.76	27.23	27.47	120952	45599417	0
2013.02.22	27.68	27.77	27.48	27.75	83034	26861844	0
2013.02.25	27.97	28.05	27.37	27.38	117917	42758359	0
2013.02.26	27.39	27.60	27.34	27.37	117643	45351872	0
2013.02.27	27.40	28.00	27.33	27.80	97704	32968384	0
2013.02.28	27.85	27.97	27.74	27.78	82544	26396975	0
2013.03.01	27.70	27.99	27.52	27.94	106542	31113394	0
2013.03.04	27.85	28.15	27.70	28.14	93716	33574970	0
2013.03.05	28.29	28.55	28.16	28.35	110183	37605494	0
2013.03.06	28.20	28.28	27.78	28.10	136554	48083083	0
2013.03.07	28.11	28.29	28.01	28.14	85614	26407319	0
2013.03.08	28.25	28.33	27.96	27.99	92546	33827046	0
2013.03.11	27.80	27.92	27.67	27.88	74972	25986308	0
2013.03.12	27.78	27.95	27.64	27.92	83649	29569311	0
2013.03.13	27.83	28.03	27.81	27.90	62286	20170553	0
2013.03.14	28.01	28.17	27.99	28.13	88379	35099529	0
2013.03.15	28.09	28.15	28.00	28.07	94233	45504758	0
2013.03.18	28.18	28.30	27.85	28.10	87023	29165300	0
2013.03.19	28.11	28.19	28.03	28.17	106034	43057282	0
2013.03.20	28.32	28.40	28.06	28.17	78183	24657454	0
2013.03.21	28.17	28.22	28.05	28.13	80677	25291222	0
2013.03.22	28.14	28.34	28.10	28.22	63666	21976401	0
2013.03.25	28.15	28.30	27.96	28.22	89511	32881166	0
2013.03.26	28.29	28.31	28.11	28.12	60918	21383701	0
2013.03.27	28.18	28.45	28.18	28.32	76950	26320233	0
2013.03.28	28.42	28.66	28.40	28.61	82395	37584007	0
2013.04.01	28.64	28.67	28.36	28.60	70441	25911183	0
2013.04.02	28.59	28.86	28.52	28.81	83812	25159190	0
2013.04.03	28.74	28.96	28.54	28.56	99589	32591836	0
2013.04.04	28.39	28.61	28.27	28.60	108683	39294723	0
2013.04.05	28.22	28.79	28.11	28.70	122729	43760393	0
2013.04.08	28.73	28.73	28.47	28.59	91206	31185897	0
2013.04.09	28.70	29.82	28.68	29.64	192776	72597340	0
2013.04.10	29.57	30.32	29.52	30.28	187094	64759701	0
2013.04.11	29.10	29.20	28.73	28.98	283591	117656283	0
2013.04.12	28.83	29.03	28.66	28.83	131545	56481642	0
2013.04.15	28.65	28.99	28.51	28.69	150403	51877464	0
2013.04.16	28.90	29.14	28.70	28.98	138144	46178641	0
2013.04.17	28.85	29.04	28.60	28.87	132688	46701179	0
2013.04.18	28.98	28.98	28.50	28.79	151769	48950036	0
2013.04.19	29.62	30.24	29.59	29.76	232424	82953600	0
2013.04.22	30.32	31.19	30.25	30.81	316160	123057056	0
2013.04.23	30.70	30.91	30.38	30.59	163326	55089653	0
2013.04.24	30.60	31.92	30.60	31.76	208605	83393362	0
2013.04.25	31.71	32.84	31.54	31.93	284161	103588620	0
2013.04.26	31.90	31.98	31.45	31.79	128403	39546585	0
2013.04.29	31.80	32.69	31.78	32.62	145706	52676963	0
2013.04.30	32.56	33.12	32.28	33.10	187256	66218365	0
2013.05.01	32.91	33.09	32.00	32.75	171582	51180268	0
2013.05.02	32.64	33.17	32.39	33.16	135744	42438019	0
2013.05.03	33.23	33.52	33.08	33.50	133751	42064799	0
2013.05.06	33.42	33.92	33.25	33.76	119130	35110325	0
2013.05.07	33.65	33.79	33.24	33.30	131621	39990008	0
2013.05.08	33.07	33.25	32.65	33.00	146064	47527564	0
2013.05.09	32.85	33.00	32.59	32.66	139256	42438129	0
2013.05.10	32.67	32.72	32.32	32.69	109854	32496379	0
2013.05.13	32.61	33.07	32.55	33.06	102845	32148825	0
2013.05.14	32.86	33.53	32.80	33.52	141535	45082262	0
2013.05.15	33.45	33.91	33.43	33.86	124043	40025552	0
2013.05.16	33.58	34.15	33.57	34.09	151954	50834456	0
2013.05.17	34.13	34.87	34.10	34.87	141438	50198554	0
2013.05.20	34.73	35.10	34.68	35.09	132925	49350023	0
2013.05.21	35.13	35.27	34.72	34.85	146631	44739154	0
2013.05.22	34.79	34.84	34.36	34.62	182658	57456211	0
2013.05.23	34.23	34.55	33.90	34.15	154067	46597048	0
2013.05.24	34.00	34.28	33.90	34.27	98403	30038224	0
2013.05.28	34.53	35.18	34.41	35.02	148064	41909027	0
2013.05.29	34.74	35.62	34.57	34.89	121327	34344650	0
2013.05.30	34.85	35.27	34.81	35.03	129980	43299040	0
2013.05.31	34.84	35.29	34.79	34.88	132797	38156056	0
2013.06.03	34.93	35.63	34.83	35.59	161844	46839401	0
2013.06.04	35.62	35.74	34.77	34.98	188267	62121202	0
2013.06.05	34.60	34.89	34.26	34.79	164510	42985721	0
2013.06.06	34.84	35.11	34.49	34.95	133321	33394183	0
2013.06.07	35.25	35.78	35.06	35.66	117111	33892104	0
2013.06.10	35.51	35.66	35.14	35.48	126816	32485616	0
2013.06.11	35.03	35.18	34.68	34.85	132803	36260948	0
2013.06.12	35.14	35.27	31.11	34.99	133734	33300812	0
2013.06.13	34.99	35.02	34.59	34.71	126750	41626326	0
2013.06.14	34.55	34.69	34.24	34.41	126138	36648881	0
2013.06.17	34.69	35.16	34.63	34.99	135458	43683632	0
2013.06.18	34.97	35.17	34.89	35.01	90664	23439989	0
2013.06.19	34.96	35.10	34.60	34.60	113682	27265455	0
2013.06.20	34.26	34.33	33.37	33.49	182647	47905057	0
2013.06.21	33.66	33.73	33.05	33.25	179328	51650907	0
2013.06.24	32.94	34.20	32.57	33.71	198571	52176664	0
2013.06.25	34.08	34.38	33.46	33.65	145278	37902797	0
2013.06.26	34.12	34.48	33.89	34.36	132427	37587775	0
2013.06.27	34.52	34.78	34.50	34.61	95635	24888126	0
2013.06.28	34.36	34.80	34.34	34.55	114103	28492151	0
2013.07.01	34.75	34.99	34.33	34.36	105494	26855089	0
2013.07.02	34.41	34.44	33.63	33.95	129885	33368884	0
2013.07.03	33.63	34.37	33.60	34.05	62526	14536067	0
2013.07.05	34.09	34.25	33.58	34.21	99540	21746430	0
2013.07.08	34.35	34.59	33.98	34.33	99625	25073757	0
2013.07.09	34.57	34.60	34.14	34.37	86851	21671564	0
2013.07.10	34.32	34.81	34.32	34.69	104633	26820175	0
2013.07.11	35.00	35.78	34.90	35.68	150876	46039962	0
2013.07.12	35.58	35.73	35.28	35.71	110689	28672782	0
2013.07.15	35.66	36.22	35.58	36.19	106529	29988322	0
2013.07.16	36.01	36.43	35.96	36.25	118767	32469777	0
2013.07.17	36.34	36.39	35.49	35.73	120770	32036628	0
2013.07.18	35.72	35.89	35.22	35.43	144006	39061839	0
2013.07.19	32.40	32.67	31.02	31.40	599344	219908124	0
2013.07.22	31.70	32.00	31.58	32.00	181585	65450641	0
2013.07.23	31.91	32.04	31.71	31.83	160902	61869438	0
2013.07.24	32.07	32.19	31.89	31.97	136828	43790455	0
2013.07.25	31.62	31.67	31.25	31.40	155001	56460320	0
2013.07.26	31.26	31.62	31.20	31.62	111772	34239737	0
2013.07.29	31.47	31.60	31.40	31.56	93440	25392580	0
2013.07.30	31.78	32.12	31.55	31.86	139769	42054842	0
2013.07.31	31.97	32.05	31.71	31.83	135711	37878736	0
2013.08.01	32.06	32.09	31.60	31.68	127909	37874206	0
2013.08.02	31.69	31.91	31.56	31.90	94512	25149628	0
2013.08.05	31.89	32.01	31.64	31.69	93219	25421667	0
2013.08.06	31.55	31.68	31.38	31.59	97343	33606301	0
2013.08.07	31.54	32.11	31.25	32.07	126059	35676994	0
2013.08.08	32.24	33.07	32.05	32.90	196158	56136837	0
2013.08.09	32.77	32.91	32.47	32.70	99039	24505477	0
2013.08.12	32.46	32.98	32.46	32.88	89022	23120111	0
2013.08.13	32.51	32.56	32.21	32.22	123775	35155090	0
2013.08.14	32.14	33.36	31.70	32.34	138638	44589471	0
2013.08.15	32.00	32.18	30.84	31.78	119381	30656648	0
2013.08.16	31.79	31.99	31.66	31.79	86968	24435040	0
2013.08.19	31.76	31.97	31.38	31.40	99176	24955530	0
2013.08.20	31.44	31.91	31.37	31.63	81161	20508149	0
2013.08.21	31.61	32.02	31.54	31.61	118126	32417012	0
2013.08.22	32.19	32.49	32.10	32.39	92955	26145565	0
2013.08.23	35.17	35.22	34.00	34.77	502993	189165411	0
2013.08.26	34.41	34.65	34.03	34.16	195660	64671456	0
2013.08.27	33.53	34.10	33.15	33.23	188360	53395123	0
2013.08.28	33.39	33.60	33.00	33.02	130709	39794541	0
2013.08.29	32.93	33.60	32.80	33.55	148341	41957374	0
2013.08.30	33.37	33.48	33.09	33.40	113565	33053676	0
2013.09.03	31.75	32.28	31.29	31.88	388737	136259516	0
2013.09.04	31.39	31.47	31.11	31.19	325117	132515958	0
2013.09.05	31.10	31.45	30.95	31.23	176475	65820306	0
2013.09.06	31.30	31.40	31.13	31.16	194109	69361946	0
2013.09.09	31.22	31.80	31.20	31.65	138522	45671450	0
2013.09.10	31.90	32.40	31.79	32.38	157089	48968122	0
2013.09.11	32.57	32.93	32.53	32.76	118250	33213127	0
2013.09.12	32.72	32.78	32.59	32.72	95232	29231353	0
2013.09.13	32.77	33.08	32.50	33.03	122293	37095800	0
2013.09.16	33.38	33.51	32.73	32.80	158866	48697696	0
2013.09.17	33.42	33.47	32.90	32.94	188226	67543484	0
2013.09.18	32.99	33.40	32.83	33.33	193195	57315441	0
2013.09.19	33.48	33.69	33.31	33.64	118242	33827361	0
2013.09.20	33.41	33.46	32.68	32.76	226449	64144665	0
2013.09.23	32.54	32.97	32.51	32.73	117419	32946237	0
2013.09.24	32.73	32.87	32.15	32.46	124897	33656700	0
2013.09.25	32.49	32.81	32.40	32.50	94111	23728606	0
2013.09.26	32.64	33.01	32.59	32.77	83933	23893317	0
2013.09.27	32.88	33.75	32.87	33.29	150979	48445972	0
2013.09.30	33.00	33.31	32.70	33.31	109118	31006452	0
2013.10.01	33.35	33.62	33.30	33.58	109963	31250796	0
2013.10.02	33.36	34.03	33.29	33.90	139418	42229990	0
2013.10.03	33.88	34.00	33.42	33.86	131291	36033451	0
2013.10.04	33.69	34.00	33.62	33.87	106449	28716018	0
2013.10.07	33.60	33.71	33.20	33.32	107986	31976474	0
2013.10.08	33.31	33.33	32.80	33.00	130480	36355215	0
2013.10.09	33.07	33.35	32.96	33.08	131061	33070560	0
2013.10.10	33.31	33.90	33.26	33.75	123272	38287887	0
2013.10.11	33.68	34.14	33.68	34.13	96362	25830371	0
2013.10.14	33.90	34.51	33.78	34.46	84413	24859869	0
2013.10.15	34.67	35.00	34.47	34.49	158370	44290631	0
2013.10.16	34.60	34.90	34.56	34.65	117273	31553725	0
2013.10.17	34.45	35.00	34.37	34.92	100279	27501769	0
2013.10.18	34.74	34.99	34.33	34.99	113215	30933526	0
2013.10.21	34.98	35.21	34.91	34.99	92673	24967595	0
2013.10.22	35.02	35.10	34.52	34.57	120064	34107225	0
2013.10.23	34.35	34.49	33.68	33.77	162624	53209627	0
2013.10.24	33.79	34.11	33.57	33.72	143408	41916646	0
2013.10.25	35.88	36.30	35.47	35.73	295775	101672929	0
2013.10.28	35.33	35.62	35.29	35.50	87419	24829521	0
2013.10.29	35.34	35.70	35.30	35.52	71320	20112072	0
2013.10.30	35.64	35.80	35.43	35.54	90503	26235820	0
2013.10.31	35.60	35.69	35.35	35.40	84676	26480196	0
2013.11.01	35.58	35.63	35.39	35.47	101504	30097147	0
2013.11.04	35.59	35.99	35.55	35.94	82549	25426404	0
2013.11.05	35.79	36.71	35.77	36.63	152687	48260124	0
2013.11.06	37.24	38.23	37.06	38.17	247040	81392370	0
2013.11.07	37.96	38.01	37.43	37.52	163278	56442670	0
2013.11.08	37.67	37.78	37.34	37.78	109886	32918467	0
2013.11.11	37.69	37.78	37.35	37.58	91561	25013944	0
2013.11.12	37.38	37.60	37.20	37.35	102826	27683228	0
2013.11.13	36.98	38.16	36.90	38.15	123665	38893005	0
2013.11.14	37.87	38.13	37.72	38.02	132270	39954674	0
2013.11.15	37.95	38.02	37.72	37.88	113745	41471757	0
2013.11.18	37.35	37.58	37.07	37.20	149326	47773096	0
2013.11.19	36.85	37.23	36.67	36.74	144195	41138716	0
2013.11.20	36.87	37.41	36.86	37.08	109202	28553514	0
2013.11.21	37.27	37.54	37.26	37.40	80488	20428211	0
2013.11.22	37.53	37.68	37.33	37.57	82393	23519409	0
2013.11.25	37.93	37.95	37.57	37.65	83340	25356835	0
2013.11.26	37.57	37.65	37.35	37.36	76623	22532442	0
2013.11.27	37.57	37.76	37.49	37.61	81075	21322613	0
2013.11.29	37.81	38.29	37.80	38.12	53953	17693049	0
2013.12.02	38.09	38.78	38.04	38.46	119065	38021520	0
2013.12.03	38.14	38.50	38.08	38.32	143208	43108331	0
2013.12.04	38.21	38.99	38.12	38.98	133286	45153737	0
2013.12.05	38.85	38.88	37.18	38.01	346706	108238845	0
2013.12.06	38.40	38.55	37.99	38.35	105468	29454753	0
2013.12.09	38.56	38.88	38.37	38.68	92784	24802316	0
2013.12.10	38.61	38.90	38.02	38.12	113920	32151510	0
2013.12.11	38.06	38.30	37.39	37.60	113118	32929553	0
2013.12.12	37.60	37.64	37.18	37.24	87652	31409258	0
2013.12.13	37.42	37.45	36.62	36.70	116965	32028779	0
2013.12.16	36.73	37.00	36.54	36.88	95998	25447948	0
2013.12.17	36.94	37.11	36.33	36.53	141752	37949048	0
2013.12.18	36.37	36.60	35.53	36.57	158139	49555337	0
2013.12.19	36.51	36.55	36.08	36.26	110814	29520529	0
2013.12.20	36.26	36.93	36.18	36.78	127925	37363376	0
2013.12.23	36.81	36.91	36.55	36.64	73618	20962204	0
2013.12.24	36.72	37.17	36.64	37.15	48695	12897837	0
2013.12.26	37.20	37.50	37.17	37.43	54474	13760156	0
2013.12.27	37.58	37.62	37.17	37.30	47186	12178224	0
2013.12.30	37.22	37.39	36.91	37.28	49496	14462627	0
2013.12.31	37.37	37.58	37.22	37.42	47984	13162391	0
2014.01.02	37.35	37.40	37.10	37.14	83728	27069395	0
2014.01.03	37.20	37.22	35.78	36.92	83737	25354424	0
2014.01.06	36.85	36.89	36.11	36.13	120960	32748299	0
2014.01.07	36.33	36.50	36.21	36.40	103750	28926354	0
2014.01.08	36.00	36.14	35.58	35.75	145923	53100961	0
2014.01.09	35.88	35.91	35.40	35.53	104829	32359953	0
2014.01.10	35.90	36.15	35.75	36.04	114516	34666307	0
2014.01.13	35.99	36.03	34.83	34.99	139463	40355263	0
2014.01.14	34.73	35.89	34.63	35.78	125546	34954267	0
2014.01.15	35.90	36.80	35.85	36.77	123509	37728353	0
2014.01.16	36.76	37.01	36.31	36.89	112803	31311206	0
2014.01.17	36.83	36.83	36.15	36.36	103832	27134344	0
2014.01.21	36.82	36.87	36.06	36.16	93078	26246862	0
2014.01.22	36.27	36.32	35.75	35.94	72666	18149976	0
2014.01.23	36.09	36.13	35.52	36.06	132123	32677016	0
2014.01.24	37.45	37.55	36.53	36.81	229808	65714655	0
2014.01.27	36.87	36.89	35.98	36.03	141215	37853273	0
2014.01.28	36.12	36.39	35.75	36.27	114251	31783254	0
2014.01.29	36.01	36.88	35.90	36.65	163821	45646363	0
2014.01.30	36.75	36.88	36.23	36.86	108434	30687971	0
2014.01.31	36.95	37.89	36.56	37.85	224349	77000274	0
2014.02.03	37.74	37.99	36.43	36.48	191662	49303561	0
2014.02.04	36.97	37.19	36.25	36.34	170925	49111793	0
2014.02.05	36.29	36.47	35.80	35.83	153630	46591791	0
2014.02.06	35.81	36.26	35.69	36.18	110472	30969524	0
2014.02.07	36.30	36.60	36.01	36.59	103093	26486010	0
2014.02.10	36.63	36.81	36.29	36.79	72512	20173349	0
2014.02.11	36.88	37.27	36.86	37.21	92442	25982208	0
2014.02.12	37.35	37.61	37.30	37.46	80956	22459603	0
2014.02.13	37.35	37.87	37.33	37.60	99442	32018360	0
2014.02.14	37.39	37.79	37.33	37.61	91728	24912006	0
2014.02.18	37.63	37.83	37.41	37.43	93128	27873462	0
2014.02.19	37.24	37.76	37.21	37.51	94523	26845226	0
2014.02.20	37.57	37.88	37.40	37.74	87187	23735541	0
2014.02.21	37.94	38.36	37.86	37.98	99049	29442416	0
2014.02.24	37.69	37.98	37.54	37.69	92758	26417165	0
2014.02.25	37.65	37.85	37.35	37.55	90980	27253804	0
2014.02.26	37.62	37.74	37.19	37.47	107837	36033243	0
2014.02.27	37.45	37.89	37.23	37.87	94168	29066632	0
2014.02.28	37.99	38.46	37.82	38.31	120837	30977350	0
2014.03.03	37.92	38.13	37.50	37.78	96940	25664141	0
2014.03.04	38.20	38.48	38.07	38.41	88349	22537792	0
2014.03.05	38.25	38.27	37.93	38.11	71555	17023995	0
2014.03.06	38.14	38.25	37.89	38.15	76207	19884604	0
2014.03.07	38.28	38.35	37.69	37.91	77184	22659107	0
2014.03.10	37.79	37.94	37.72	37.94	44346	13324771	0
2014.03.11	38.03	38.23	37.86	38.02	54887	17278701	0
2014.03.12	38.11	38.44	38.06	38.21	61148	22315388	0
2014.03.13	38.34	38.36	37.64	37.90	87597	25408804	0
2014.03.14	38.00	38.14	37.65	37.69	64989	17241975	0
2014.03.17	38.25	38.30	37.94	38.05	54632	12978294	0
2014.03.18	39.41	39.90	39.36	39.47	136037	39677946	0
2014.03.19	39.26	39.48	38.91	39.27	88553	22589237	0
2014.03.20	39.80	40.70	39.78	40.45	138738	44469498	0
2014.03.21	40.14	40.44	40.00	40.19	109007	32201274	0
2014.03.24	40.22	40.65	39.86	40.49	111177	31582244	0
2014.03.25	40.54	40.55	39.96	40.30	114023	31711298	0
2014.03.26	40.06	40.08	39.60	39.79	110070	30401010	0
2014.03.27	39.80	39.82	39.30	39.30	97908	25078510	0
2014.03.28	40.47	40.57	40.07	40.30	86277	25040754	0
2014.03.31	40.43	41.51	40.40	41.00	148167	40336804	0
2014.04.01	41.15	41.59	41.07	41.41	110800	29034990	0
2014.04.02	41.44	41.66	41.17	41.35	96410	24571796	0
2014.04.03	41.29	41.29	40.71	41.01	96178	25076466	0
2014.04.04	41.25	41.39	39.64	39.87	188323	45408078	0
2014.04.07	39.97	40.27	39.74	39.81	138145	31309728	0
2014.04.08	39.75	39.93	39.19	39.82	122081	31439779	0
2014.04.09	39.93	40.55	39.88	40.47	106874	23346102	0
2014.04.10	40.44	40.69	39.09	39.38	177217	41679939	0
2014.04.11	39.00	39.79	39.00	39.20	131503	29715919	0
2014.04.14	39.11	39.42	38.90	39.18	124447	28419244	0
2014.04.15	39.34	39.97	39.05	39.74	126991	29615527	0
2014.04.16	40.04	40.42	39.90	40.39	105510	27042868	0
2014.04.17	40.01	40.20	39.51	40.01	106729	26698368	0
2014.04.21	40.13	40.15	39.79	39.92	79266	19305403	0
2014.04.22	39.96	40.14	39.40	39.99	85063	19721306	0
2014.04.23	39.99	39.99	39.47	39.68	88418	20238608	0
2014.04.24	39.74	39.97	39.30	39.85	137107	33989166	0
2014.04.25	40.29	40.68	39.75	39.91	200547	50722549	0
2014.04.28	40.14	41.31	40.09	40.86	177448	46466543	0
2014.04.29	41.10	41.19	40.39	40.50	102177	26418817	0
2014.04.30	40.40	40.50	40.17	40.40	112294	28660581	0
2014.05.01	40.24	40.36	39.95	39.99	92715	26043828	0
2014.05.02	40.32	40.34	39.66	39.69	128216	38823685	0
2014.05.05	39.52	39.64	39.30	39.44	79192	20164813	0
2014.05.06	39.29	39.35	38.95	39.08	93856	23080691	0
2014.05.07	39.22	39.51	38.51	39.40	136317	37661024	0
2014.05.08	39.34	39.91	38.97	39.65	109704	25643885	0
2014.05.09	39.54	39.85	39.37	39.55	99110	26030666	0
2014.05.12	39.71	40.03	39.65	39.95	74212	18284266	0
2014.05.13	39.92	40.50	39.85	40.42	97234	24252457	0
2014.05.14	40.30	40.46	40.05	40.24	70104	16130920	0
2014.05.15	40.09	40.41	39.51	39.61	127234	34398995	0
2014.05.16	39.67	39.84	39.27	39.82	92058	21558165	0
2014.05.19	39.78	39.83	39.46	39.74	69652	16646229	0
2014.05.20	39.68	39.94	39.46	39.69	80507	18163121	0
2014.05.21	39.74	40.36	39.74	40.36	80008	19059397	0
2014.05.22	40.29	40.35	39.85	40.11	69552	17416520	0
2014.05.23	40.30	40.32	40.00	40.13	59316	14449855	0
2014.05.27	40.26	40.26	39.81	40.18	72428	19639708	0
2014.05.28	40.14	40.19	39.82	40.00	75513	20309714	0
2014.05.29	40.15	40.36	39.91	40.34	62877	17483762	0
2014.05.30	40.45	40.97	40.25	40.93	98812	26475826	0
2014.06.02	40.95	41.09	40.68	40.79	64838	15308570	0
2014.06.03	40.60	40.68	40.25	40.28	60477	14377478	0
2014.06.04	40.21	40.37	39.86	40.32	73382	20594588	0
2014.06.05	40.59	41.26	40.40	41.20	108621	26842296	0
2014.06.06	41.48	41.66	41.24	41.49	79882	18345695	0
2014.06.09	41.43	41.48	41.02	41.27	52932	12671626	0
2014.06.10	41.00	41.16	40.86	41.11	47623	11112045	0
2014.06.11	40.93	41.07	40.76	40.85	57177	13808578	0
2014.06.12	40.81	40.88	40.29	40.59	89849	23579778	0
2014.06.13	41.10	41.57	40.86	41.23	100507	22750270	0
2014.06.16	41.04	41.61	41.04	41.49	85318	19099540	0
2014.06.17	41.37	41.91	40.33	41.68	85724	19070395	0
2014.06.18	41.61	41.75	41.18	41.65	82601	23670454	0
2014.06.19	41.57	41.77	41.34	41.51	69458	15617409	0
2014.06.20	41.47	41.84	41.38	41.67	92258	23217067	0
2014.06.23	41.71	42.00	41.69	41.98	65464	16326047	0
2014.06.24	41.83	41.94	41.56	41.75	80201	20507785	0
2014.06.25	41.70	42.05	41.46	42.02	67736	15442821	0
2014.06.26	41.93	41.94	41.43	41.74	87689	20950384	0
2014.06.27	41.61	42.30	41.51	42.25	80543	20901549	0
2014.06.30	42.17	42.21	41.70	41.70	88641	23565232	0
2014.07.01	41.86	42.16	41.69	41.86	92222	22745689	0
2014.07.02	41.76	41.91	41.53	41.91	69319	16807631	0
2014.07.03	41.91	41.99	41.56	41.78	42157	12157124	0
2014.07.07	41.74	42.13	41.71	41.99	70150	18461045	0
2014.07.08	41.87	42.01	41.61	41.79	106345	24878303	0
2014.07.09	41.98	41.99	41.53	41.67	68400	15019421	0
2014.07.10	41.37	42.00	41.05	41.68	82755	19403148	0
2014.07.11	41.70	42.09	41.48	42.08	76079	19758475	0
2014.07.14	42.22	42.45	42.04	42.14	77785	18853996	0
2014.07.15	42.32	42.47	42.03	42.46	95339	23636180	0
2014.07.16	42.51	44.31	42.48	44.08	194160	56333657	0
2014.07.17	45.45	45.71	44.25	44.54	256565	69776626	0
2014.07.18	44.65	44.84	44.25	44.72	121096	34333713	0
2014.07.21	44.56	45.16	44.22	44.83	129322	32180614	0
2014.07.22	45.04	45.15	44.59	44.83	133919	36350371	0
2014.07.23	45.45	45.46	44.62	44.89	173049	47599194	0
2014.07.24	44.93	45.00	44.32	44.38	104714	26311319	0
2014.07.25	44.30	44.66	44.30	44.50	89695	23002161	0
2014.07.28	44.38	44.52	43.93	43.96	102362	26959132	0
2014.07.29	43.91	44.10	43.64	43.89	99211	23727788	0
2014.07.30	44.09	44.10	43.29	43.58	105572	28093896	0
2014.07.31	43.35	43.69	43.08	43.17	115378	25620692	0
2014.08.01	43.21	43.25	42.60	42.87	119462	27161554	0
2014.08.04	42.97	43.48	42.81	43.35	114609	27739555	0
2014.08.05	43.31	43.46	42.83	43.08	103792	21309524	0
2014.08.06	42.75	43.17	42.21	42.76	96153	21212456	0
2014.08.07	42.84	43.45	42.65	43.24	118146	27237146	0
2014.08.08	43.25	43.32	42.91	43.20	99821	24844488	0
2014.08.11	43.26	43.45	43.02	43.20	79866	17233227	0
2014.08.12	43.04	43.59	43.00	43.52	80922	17548672	0
2014.08.13	43.68	44.19	43.52	44.08	89837	20286413	0
2014.08.14	44.08	44.42	44.01	44.28	72398	16816469	0
2014.08.15	44.58	44.90	44.39	44.79	129431	31564301	0
2014.08.18	44.94	45.13	44.68	45.11	82558	20351427	0
2014.08.19	44.97	45.35	44.83	45.34	87876	23536936	0
2014.08.20	45.34	45.40	44.90	44.95	84759	21099719	0
2014.08.21	44.84	45.26	44.83	45.23	68505	17499216	0
2014.08.22	45.35	45.47	45.07	45.16	66310	14282757	0
2014.08.25	45.40	45.44	45.04	45.18	53362	13269582	0
2014.08.26	45.30	45.40	44.94	45.01	56567	12132596	0
2014.08.27	44.90	45.00	44.76	44.86	58253	15148500	0
2014.08.28	44.74	44.98	44.61	44.88	64900	14832822	0
2014.08.29	45.03	45.44	44.85	45.42	63975	15156045	0
2014.09.02	45.43	45.47	44.85	45.09	78643	17639888	0
2014.09.03	44.53	45.12	44.53	44.95	104994	28291432	0
2014.09.04	44.74	45.27	44.73	45.26	90078	22111233	0
2014.09.05	45.11	45.94	45.11	45.90	114656	31239353	0
2014.09.08	46.02	46.80	45.99	46.47	153924	39599096	0
2014.09.09	46.45	46.98	46.42	46.76	128252	35343244	0
2014.09.10	46.82	46.94	46.28	46.83	91635	23189352	0
2014.09.11	46.74	47.01	46.47	47.01	101454	25005939	0
2014.09.12	46.93	47.02	46.60	46.70	119554	31715974	0
2014.09.15	46.56	46.71	46.10	46.25	116324	31917484	0
2014.09.16	46.39	46.85	46.29	46.75	103788	23479479	0
2014.09.17	46.27	46.69	46.23	46.51	128491	33507157	0
2014.09.18	46.60	46.83	46.46	46.68	111152	29380634	0
2014.09.19	46.77	47.57	46.60	47.53	184367	57061267	0
2014.09.22	47.30	47.38	46.98	47.06	135972	33001041	0
2014.09.23	46.85	46.98	46.47	46.55	113678	29864018	0
2014.09.24	46.63	47.11	46.34	47.08	91678	21157357	0
2014.09.25	46.88	47.09	46.03	46.04	109980	28371220	0
2014.09.26	45.93	46.62	45.76	46.40	92255	21918497	0
2014.09.29	45.98	46.56	45.76	46.44	88935	22310781	0
2014.09.30	46.37	46.48	46.01	46.36	103403	26572669	0
2014.10.01	46.27	46.53	45.85	45.91	132667	30962305	0
2014.10.02	45.83	46.10	45.64	45.75	104433	22870701	0
2014.10.03	45.98	46.30	45.61	46.07	105494	27160898	0
2014.10.06	46.11	46.31	45.92	46.10	86842	18446565	0
2014.10.07	45.88	45.93	45.42	45.51	98124	22261258	0
2014.10.08	45.48	46.90	45.34	46.74	119702	28437342	0
2014.10.09	46.49	46.80	45.74	45.85	139511	29234927	0
2014.10.10	45.60	46.12	43.95	44.03	198424	44907519	0
2014.10.13	43.83	44.56	43.49	43.66	167965	31712792	0
2014.10.14	43.89	44.38	43.56	43.74	166087	33092132	0
2014.10.15	43.00	43.39	42.10	43.23	250269	52545451	0
2014.10.16	42.53	43.09	42.22	42.71	218899	42561209	0
2014.10.17	43.20	43.94	42.79	43.63	157998	32249783	0
2014.10.20	43.07	44.15	42.81	44.09	126208	28392083	0
2014.10.21	44.36	44.98	44.19	44.89	125246	29702051	0
2014.10.22	44.97	45.07	44.22	44.39	121899	29443212	0
2014.10.23	44.62	45.45	44.53	44.99	151483	34868950	0
2014.10.24	46.83	46.90	45.18	46.13	216778	54241118	0
2014.10.27	45.81	46.05	45.75	45.92	79966	21893710	0
2014.10.28	45.92	46.53	45.88	46.49	79281	19783547	0
2014.10.29	46.53	46.70	46.34	46.62	103825	22813914	0
2014.10.30	45.98	46.27	45.77	46.00	93994	21600574	0
2014.10.31	46.82	46.96	46.63	46.94	86825	21781298	0
2014.11.03	46.75	47.47	46.73	47.43	89115	19168250	0
2014.11.04	47.30	47.74	47.25	47.55	89714	17854688	0
2014.11.05	47.80	47.91	47.26	47.86	92299	18716900	0
2014.11.06	47.86	48.86	47.77	48.69	136396	28866159	0
2014.11.07	48.92	48.92	48.29	48.68	96560	22803667	0
2014.11.10	48.65	49.15	48.55	48.89	112493	32962034	0
2014.11.11	48.85	48.94	48.64	48.86	84720	19583516	0
2014.11.12	48.56	48.93	48.52	48.77	73438	19019483	0
2014.11.13	48.81	49.65	48.71	49.60	101013	23352862	0
2014.11.14	49.74	50.05	49.39	49.58	97974	24091219	0
2014.11.17	49.41	49.71	49.14	49.48	108221	24859477	0
2014.11.18	49.13	49.33	48.70	48.75	86518	20008385	0
2014.11.19	48.65	48.75	47.93	48.23	105396	21817823	0
2014.11.20	48.00	48.70	47.87	48.69	81360	17445335	0
2014.11.21	49.02	49.05	47.57	47.96	122341	30057798	0
2014.11.24	47.99	48.00	47.39	47.60	112184	28993806	0
2014.11.25	47.66	47.97	47.45	47.48	90941	20458986	0
2014.11.26	47.49	47.99	47.28	47.75	84303	21390227	0
2014.11.28	47.96	48.20	47.61	47.82	58233	14408696	0
2014.12.01	47.88	48.79	47.71	48.64	123190	24070526	0
2014.12.02	48.84	49.05	48.20	48.46	100698	21818546	0
2014.12.03	48.44	48.56	47.80	48.08	81991	17220620	0
2014.12.04	48.39	49.07	48.20	48.85	116911	26024584	0
2014.12.05	48.88	48.97	48.38	48.41	82005	18803246	0
2014.12.08	48.26	48.40	47.44	47.69	94839	20575878	0
2014.12.09	47.11	47.92	47.05	47.60	97682	18487434	0
2014.12.10	47.55	47.66	46.70	46.92	128115	24808995	0
2014.12.11	47.08	47.75	46.68	47.18	130832	23854739	0
2014.12.12	46.78	47.73	46.67	46.94	144061	27572399	0
2014.12.15	47.20	47.68	46.55	46.66	119984	22235206	0
2014.12.16	45.90	46.34	45.13	45.16	191303	41479331	0
2014.12.17	45.05	45.95	44.90	45.74	138514	26849985	0
2014.12.18	46.58	47.52	46.34	47.52	151219	31942967	0
2014.12.19	47.62	48.11	47.17	47.62	131847	25978749	0
2014.12.22	47.82	48.12	47.71	48.00	85449	16647668	0
2014.12.23	48.37	48.81	48.13	48.44	91422	18947399	0
2014.12.24	48.64	48.64	48.08	48.15	35386	7448311	0
2014.12.26	48.41	48.41	47.82	47.87	41009	8863093	0
2014.12.29	47.70	47.78	47.26	47.44	57631	11599017	0
2014.12.30	47.41	47.62	46.84	47.02	59774	12909916	0
2014.12.31	46.73	47.45	46.46	46.46	71112	15675336	0
2015.01.02	46.66	47.42	46.54	46.75	95809	23568969	0
2015.01.05	46.39	46.73	46.25	46.33	132764	30285691	0
2015.01.06	46.38	46.75	45.54	45.60	146072	30725910	0
2015.01.07	45.98	46.46	45.49	46.24	118245	24583445	0
2015.01.08	46.75	47.75	46.72	47.59	121941	24360566	0
2015.01.09	47.60	47.82	46.90	47.19	93454	19981253	0
2015.01.12	47.40	47.54	46.36	46.61	94328	19372333	0
2015.01.13	46.97	47.91	46.06	46.36	148386	31048676	0
2015.01.14	45.96	46.24	45.62	45.95	114207	24152569	0
2015.01.15	46.23	46.38	45.41	45.48	123204	25506788	0
2015.01.16	45.31	46.28	45.17	46.23	133919	26793600	0
2015.01.20	46.30	46.66	45.57	46.39	126790	27025725	0
2015.01.21	45.94	46.14	45.48	45.91	142225	31978556	0
2015.01.22	46.38	47.14	46.08	47.12	129450	28360988	0
2015.01.23	47.36	47.39	46.80	47.18	92336	19506569	0
2015.01.26	47.00	47.13	46.24	47.05	127027	30156706	0
2015.01.27	42.95	43.17	42.10	42.67	529426	146256042	0
2015.01.28	42.72	42.79	41.16	41.20	279952	74416217	0
2015.01.29	40.93	42.13	40.79	42.02	220089	47736180	0
2015.01.30	41.49	41.58	40.35	40.42	256665	66622296	0
2015.02.02	40.59	41.37	40.23	41.28	201220	43595439	0
2015.02.03	41.63	41.93	41.04	41.59	192213	46832124	0
2015.02.04	41.94	42.21	41.36	41.83	138693	34566875	0
2015.02.05	42.22	42.64	41.86	42.46	141081	31972632	0
2015.02.06	42.68	42.79	42.15	42.42	129371	30389790	0
2015.02.09	42.24	42.74	42.21	42.35	104050	24172726	0
2015.02.10	42.74	42.77	42.18	42.61	100886	22984485	0
2015.02.11	42.65	42.65	42.21	42.38	112399	29666922	0
2015.02.12	42.62	43.09	42.51	43.08	103209	24762445	0
2015.02.13	43.38	43.87	43.15	43.86	138525	34433507	0
2015.02.17	43.97	44.03	43.17	43.58	111637	25333261	0
2015.02.18	43.59	43.70	43.39	43.54	88759	22188432	0
2015.02.19	43.26	43.53	43.05	43.52	95347	21902216	0
2015.02.20	43.50	43.88	43.29	43.86	94782	22613948	0
2015.02.23	43.70	44.20	43.65	44.16	106004	27468452	0
2015.02.24	44.15	44.30	43.92	44.10	87836	21136462	0
2015.02.25	43.96	44.09	43.80	43.98	102286	24617418	0
2015.02.26	43.99	44.24	43.89	44.05	88641	21881167	0
2015.02.27	44.13	44.20	43.66	43.84	96225	24334770	0
2015.03.02	43.67	44.19	43.55	43.87	97888	23070045	0
2015.03.03	43.56	43.83	43.09	43.27	107120	27202905	0
2015.03.04	43.01	43.21	42.88	43.06	92515	21129308	0
2015.03.05	43.07	43.25	42.82	43.09	81798	18397941	0
2015.03.06	43.00	43.11	42.15	42.37	118595	28519419	0
2015.03.09	42.37	43.13	42.24	42.85	95199	22999301	0
2015.03.10	42.41	42.57	42.03	42.11	104518	25003730	0
2015.03.11	42.14	42.16	41.84	42.05	82929	19972303	0
2015.03.12	41.43	41.57	40.86	41.01	145375	37851248	0
2015.03.13	40.84	41.47	40.75	41.35	144315	34732917	0
2015.03.16	41.33	41.64	41.28	41.46	95752	23070091	0
2015.03.17	41.22	41.83	41.15	41.63	91272	21473146	0
2015.03.18	41.73	42.83	41.64	42.45	144448	32401564	0
2015.03.19	42.55	42.60	42.28	42.35	86657	22337125	0
2015.03.20	42.85	42.98	42.63	42.83	85637	24585452	0
2015.03.23	43.03	43.09	42.78	42.88	72949	17642369	0
2015.03.24	43.04	43.18	42.88	42.92	80522	17705146	0
2015.03.25	42.30	42.32	41.44	41.83	144405	31673693	0
2015.03.26	41.04	41.61	40.98	41.21	106630	25234048	0
2015.03.27	40.99	41.12	40.83	40.97	85885	23529436	0
2015.03.30	41.10	41.54	40.91	40.94	121511	30490664	0
2015.03.31	40.78	41.03	40.54	40.65	124820	27401029	0
2015.04.01	40.60	40.76	40.31	40.71	136381	32078774	0
2015.04.02	40.66	40.74	40.12	40.29	120433	31745302	0
2015.04.06	40.34	41.79	40.18	41.55	126111	33133126	0
2015.04.07	41.61	41.92	41.31	41.53	100660	25687240	0
2015.04.08	41.48	41.69	41.04	41.42	92410	21359625	0
2015.04.09	41.25	41.63	41.25	41.48	105837	22259034	0
2015.04.10	41.62	41.95	41.41	41.72	91795	24447065	0
2015.04.13	41.39	42.07	41.25	41.77	92278	23285126	0
2015.04.14	41.80	42.04	41.39	41.66	92368	20522926	0
2015.04.15	41.76	42.47	41.68	42.26	90821	22747261	0
2015.04.16	41.95	42.34	41.82	42.17	72637	17472130	0
2015.04.17	41.67	41.74	41.16	41.63	143112	35011014	0
2015.04.20	41.73	43.18	41.68	42.90	136024	37496902	0
2015.04.21	43.00	43.15	42.53	42.64	91556	22489188	0
2015.04.22	42.67	43.13	42.55	42.98	81696	20935354	0
2015.04.23	42.84	43.62	42.76	43.36	132468	36492322	0
2015.04.24	45.66	48.14	45.65	47.87	411009	112951632	0
2015.04.27	47.23	48.13	47.21	48.03	197208	51660700	0
2015.04.28	47.78	49.21	47.70	49.17	195680	53327524	0
2015.04.29	48.72	49.31	48.50	49.05	174075	42713077	0
2015.04.30	48.72	49.54	48.60	48.66	234826	56238730	0
2015.05.01	48.65	48.88	48.40	48.66	132133	31877202	0
2015.05.04	48.44	48.87	48.18	48.25	116318	30169714	0
2015.05.05	47.82	48.16	47.31	47.61	195795	45517719	0
2015.05.06	47.57	47.77	46.02	46.29	187138	46939048	0
2015.05.07	46.27	47.09	46.16	46.70	123578	26836128	0
2015.05.08	47.55	47.99	47.52	47.72	124395	27175979	0
2015.05.11	47.70	47.91	47.37	47.37	82048	16916502	0
2015.05.12	46.85	47.68	46.42	47.35	109266	23644402	0
2015.05.13	48.16	48.32	47.57	47.63	120549	27818006	0
2015.05.14	48.03	48.83	47.98	48.72	115679	26599592	0
2015.05.15	48.92	48.92	48.05	48.30	85923	20848864	0
2015.05.18	47.98	48.23	47.61	48.00	88803	20004891	0
2015.05.19	47.57	47.82	47.18	47.57	102041	24511105	0
2015.05.20	47.40	47.93	47.27	47.58	85136	18145242	0
2015.05.21	47.31	47.60	47.00	47.42	79201	18404534	0
2015.05.22	47.30	47.35	46.82	46.90	85311	21157148	0
2015.05.26	46.85	46.88	46.19	46.60	116040	24982068	0
2015.05.27	46.76	47.77	46.62	47.62	97933	21964011	0
2015.05.28	47.50	48.02	47.39	47.45	73686	16218080	0
2015.05.29	47.43	47.57	46.59	46.86	101463	24771739	0
2015.06.01	47.06	47.77	46.62	47.24	112268	23893300	0
2015.06.02	46.95	47.36	46.62	46.92	82203	17369038	0
2015.06.03	47.37	47.74	46.82	46.87	96689	24279431	0
2015.06.04	46.79	47.16	46.20	46.39	126436	22976057	0
2015.06.05	46.31	46.52	45.84	46.15	104513	22041124	0
2015.06.08	46.30	46.43	45.67	45.74	84863	18063546	0
2015.06.09	45.76	45.94	45.46	45.64	91579	18721362	0
2015.06.10	45.79	46.83	45.69	46.59	104472	21748578	0
2015.06.11	46.66	46.92	46.13	46.44	87795	21354243	0
2015.06.12	46.20	46.47	45.90	45.97	89942	18831767	0
2015.06.15	45.48	45.65	45.02	45.48	116557	24581863	0
2015.06.16	45.44	46.24	45.30	45.82	101844	22527150	0
2015.06.17	45.73	46.07	45.36	45.97	111811	23723989	0
2015.06.18	46.22	46.80	46.17	46.71	125030	27410535	0
2015.06.19	46.79	46.83	45.99	46.02	103352	22774994	0
2015.06.22	46.26	46.72	46.16	46.25	69297	14509089	0
2015.06.23	46.13	46.28	45.62	45.90	87568	19861857	0
2015.06.24	45.68	46.25	45.55	45.63	94197	20572410	0
2015.06.25	46.04	46.06	45.50	45.65	80623	17479643	0
2015.06.26	45.70	46.28	45.03	45.27	122894	27197567	0
2015.06.29	45.04	45.23	44.36	44.39	125795	29799646	0
2015.06.30	44.69	44.72	43.94	44.15	128323	28013838	0
2015.07.01	44.49	45.23	44.10	44.45	115697	24765637	0
2015.07.02	44.48	44.75	44.06	44.39	76392	16962406	0
2015.07.06	43.98	44.48	43.95	44.40	100492	20302619	0
2015.07.07	44.38	44.49	43.32	44.30	149664	32145655	0
2015.07.08	44.44	44.90	44.03	44.25	162525	36067500	0
2015.07.09	44.76	45.22	44.50	44.51	125389	29415026	0
2015.07.10	45.09	45.14	44.57	44.59	102333	22026952	0
2015.07.13	44.99	45.62	44.95	45.53	99773	21924745	0
2015.07.14	45.45	45.96	45.31	45.62	85091	18655668	0
2015.07.15	45.68	45.90	45.43	45.77	86160	19154461	0
2015.07.16	46.04	46.71	45.96	46.65	99187	22646123	0
2015.07.17	46.55	46.79	46.26	46.62	106672	22476692	0
2015.07.20	46.65	47.13	46.44	46.92	106005	24949694	0
2015.07.21	46.79	47.33	46.48	47.27	152359	36716881	0
2015.07.22	45.40	46.93	45.20	45.54	232051	52015369	0
2015.07.23	45.27	46.23	45.10	46.12	128995	28919310	0
2015.07.24	45.91	46.32	45.80	45.94	110097	24784827	0
2015.07.27	45.96	46.01	45.25	45.36	140839	33124528	0
2015.07.28	45.59	45.64	44.79	45.36	118007	29955039	0
2015.07.29	45.37	46.78	45.26	46.28	146771	36580905	0
2015.07.30	46.26	47.40	45.93	46.89	132556	35329287	0
2015.07.31	47.29	47.34	44.61	46.70	109165	25286898	0
2015.08.03	46.98	47.00	46.45	46.82	104973	21087424	0
2015.08.04	46.75	47.72	46.68	47.55	124003	27323882	0
2015.08.05	47.87	48.42	47.54	47.59	118198	22318309	0
2015.08.06	47.72	47.77	46.33	46.61	119244	23482290	0
2015.08.07	46.42	46.78	46.26	46.76	88643	15404600	0
2015.08.10	46.95	47.50	46.84	47.33	77278	17973738	0
2015.08.11	46.82	46.94	45.90	46.42	105437	23313358	0
2015.08.12	46.23	46.90	45.70	46.75	116432	25766332	0
2015.08.13	47.06	47.10	46.49	46.74	87828	19012536	0
2015.08.14	46.55	47.11	46.52	47.00	75712	15835876	0
2015.08.17	46.82	47.45	46.17	47.32	69491	16536018	0
2015.08.18	46.86	47.43	46.70	47.27	77729	19175951	0
2015.08.19	46.78	47.08	46.30	46.62	132015	27356310	0
2015.08.20	46.07	46.47	45.67	45.77	141746	30330367	0
2015.08.21	45.30	45.48	43.07	43.08	262748	55248462	0
2015.08.24	40.45	43.31	39.72	41.72	374733	75231068	0
2015.08.25	42.60	46.72	40.39	40.47	312148	61647334	0
2015.08.26	42.01	42.85	41.06	42.73	282009	55542182	0
2015.08.27	43.23	47.32	42.92	43.91	210779	42301512	0
2015.08.28	43.40	44.15	43.39	43.92	122959	22929385	0
2015.08.31	43.56	43.93	43.10	43.51	124918	24015867	0
2015.09.01	42.17	42.59	41.66	41.83	218898	42174926	0
2015.09.02	42.26	43.38	41.88	43.34	170582	31713224	0
2015.09.03	43.41	43.99	43.28	43.50	135583	24297079	0
2015.09.04	42.81	43.04	42.19	42.60	168459	31374006	0
2015.09.08	43.30	44.01	43.20	43.89	129462	26412112	0
2015.09.09	44.21	44.40	42.91	43.07	121793	23373693	0
2015.09.10	43.12	43.79	42.74	43.30	133244	23720172	0
2015.09.11	43.15	43.59	42.94	43.48	103846	19563794	0
2015.09.14	43.42	43.44	42.86	43.03	90022	18844543	0
2015.09.15	43.19	44.29	43.08	43.98	128724	24915945	0
2015.09.16	43.97	44.38	43.84	44.30	103145	20239023	0
2015.09.17	44.27	45.00	44.08	44.26	133348	23414660	0
2015.09.18	43.50	43.99	43.33	43.48	140596	25638996	0
2015.09.21	43.62	44.47	43.60	44.13	113816	20904690	0
2015.09.22	43.38	44.05	43.31	43.90	131573	23681049	0
2015.09.23	43.93	44.17	43.51	43.88	88077	14783822	0
2015.09.24	43.45	44.13	43.27	43.91	118974	21868653	0
2015.09.25	44.48	44.73	43.76	43.96	135700	24190619	0
2015.09.28	43.83	44.09	43.21	43.30	130257	23649896	0
2015.09.29	43.39	43.57	43.05	43.44	135554	25466935	0
2015.09.30	43.88	47.09	43.66	44.22	129285	25094111	0
2015.10.01	44.75	44.76	43.75	44.62	131521	24215391	0
2015.10.02	44.27	45.57	43.92	45.57	176538	34885369	0
2015.10.05	45.79	46.89	45.70	46.63	138588	28183687	0
2015.10.06	46.33	47.18	46.22	46.76	116152	22237387	0
2015.10.07	47.10	47.35	45.95	46.79	134926	24283169	0
2015.10.08	46.57	47.52	46.50	47.45	147950	28492822	0
2015.10.09	47.45	47.54	46.92	47.11	113119	21707949	0
2015.10.12	46.98	47.12	46.50	47.00	74990	14879680	0
2015.10.13	46.56	47.13	46.56	46.88	83388	15590659	0
2015.10.14	46.65	47.10	46.53	46.68	100441	20749034	0
2015.10.15	47.00	47.03	46.53	47.03	111299	23243012	0
2015.10.16	47.02	47.55	46.90	47.51	85658	17596191	0
2015.10.19	47.42	47.88	47.02	47.62	100317	22986154	0
2015.10.20	47.45	47.81	47.02	47.77	116039	24986963	0
2015.10.21	47.95	48.00	47.11	47.20	106331	21641958	0
2015.10.22	47.52	48.96	47.09	48.03	222151	47398755	0
2015.10.23	52.30	54.07	52.25	53.24	450080	113246251	0
2015.10.26	53.16	54.32	53.13	54.26	188419	47519813	0
2015.10.27	54.05	54.37	53.58	53.70	132936	33597171	0
2015.10.28	52.99	54.00	52.86	53.88	150016	35196564	0
2015.10.29	53.49	53.71	53.22	53.40	92133	21189050	0
2015.10.30	53.87	53.99	52.62	52.75	146635	33601967	0
2015.11.02	52.85	53.36	52.62	53.23	117094	24720722	0
2015.11.03	52.93	54.39	52.90	54.17	146698	31708026	0
2015.11.04	54.18	54.88	54.06	54.41	166913	33010879	0
2015.11.05	54.49	54.70	54.00	54.40	115582	23252962	0
2015.11.06	53.97	54.98	53.24	54.92	133190	26226904	0
2015.11.09	54.55	54.87	53.56	54.16	130439	25120876	0
2015.11.10	53.94	54.13	53.27	53.54	144319	48955256	0
2015.11.11	53.70	54.20	53.46	53.65	132785	30374775	0
2015.11.12	53.46	53.98	53.19	53.32	149337	29021007	0
2015.11.13	53.07	53.29	52.53	52.84	161397	31054131	0
2015.11.16	53.05	53.90	52.85	53.76	134466	24877006	0
2015.11.17	53.17	53.53	52.85	52.97	126495	24109815	0
2015.11.18	53.00	53.98	52.98	53.84	121305	24634033	0
2015.11.19	53.99	54.66	53.78	53.94	114131	24363199	0
2015.11.20	54.25	54.30	53.26	54.19	137773	28667943	0
2015.11.23	54.25	54.46	53.75	54.18	107916	23448307	0
2015.11.24	53.92	54.44	53.58	54.26	109256	20813446	0
2015.11.25	54.16	54.23	53.69	53.70	83817	17323754	0
2015.11.27	53.80	54.09	53.71	54.00	37968	7309978	0
2015.11.30	54.54	54.97	53.97	54.36	196068	42471915	0
2015.12.01	54.37	55.24	54.30	55.22	162111	33622782	0
2015.12.02	55.32	55.96	53.48	55.23	187720	37328753	0
2015.12.03	55.49	55.77	53.93	54.20	177474	32676750	0
2015.12.04	54.16	56.23	54.10	55.91	188088	35192108	0
2015.12.07	55.79	55.97	54.20	55.82	149238	25969203	0
2015.12.08	55.47	56.10	54.99	55.79	153734	27826152	0
2015.12.09	55.37	55.87	54.51	54.98	176175	30502707	0
2015.12.10	55.38	55.66	55.01	55.28	138755	25522506	0
2015.12.11	54.39	55.11	54.01	54.08	188498	32153657	0
2015.12.14	54.33	55.21	53.68	55.16	216918	37725822	0
2015.12.15	55.63	55.90	55.09	55.20	191034	34306103	0
2015.12.16	55.54	56.25	54.76	56.12	182198	31612662	0
2015.12.17	56.36	56.79	55.53	55.70	183702	35108411	0
2015.12.18	55.83	56.00	54.03	54.18	221729	43997209	0
2015.12.21	54.88	55.35	54.23	54.82	143077	31297024	0
2015.12.22	54.92	55.48	54.50	55.35	131088	23877193	0
2015.12.23	55.70	55.88	55.44	55.83	110940	20997807	0
2015.12.24	55.89	55.96	55.43	55.50	44521	7863197	0
2015.12.28	55.33	55.96	54.98	55.96	92060	19022956	0
2015.12.29	56.18	56.85	56.06	56.55	109547	22544926	0
2015.12.30	56.48	56.78	56.29	56.31	79317	15503613	0
2015.12.31	56.05	56.19	55.42	55.45	99206	20677533	0
2016.01.04	54.37	54.80	53.39	54.79	217348	43581084	0
2016.01.05	54.93	55.40	54.54	55.05	142146	28025567	0
2016.01.06	54.27	56.47	53.64	54.08	179318	34337387	0
2016.01.07	52.70	53.49	52.07	52.19	251553	46493443	0
2016.01.08	52.37	53.28	52.15	52.33	218006	41581303	0
2016.01.11	52.51	52.85	51.46	52.30	185524	31337404	0
2016.01.12	52.76	53.10	52.06	52.77	174922	29781473	0
2016.01.13	53.80	54.08	51.30	51.66	312670	58062588	0
2016.01.14	52.03	53.42	51.57	53.06	232950	42347192	0
2016.01.15	51.31	51.97	50.34	50.98	293622	54119356	0
2016.01.19	51.48	51.68	50.06	50.56	206126	36846366	0
2016.01.20	49.98	51.38	49.10	50.78	311153	54387307	0
2016.01.21	51.00	51.58	50.30	50.45	217103	34640350	0
2016.01.22	51.42	52.33	51.26	52.29	166730	30217002	0
2016.01.25	51.94	52.66	47.43	51.77	158630	28637837	0
2016.01.26	51.79	52.44	51.55	52.18	134921	23906490	0
2016.01.27	52.00	52.20	51.03	51.22	175773	30787813	0
2016.01.28	51.86	52.21	51.25	52.06	249435	46669662	0
2016.01.29	54.73	55.06	54.00	55.05	302666	65333009	0
2016.02.01	54.87	55.09	51.54	54.67	184905	37147709	0
2016.02.02	54.16	54.26	52.65	53.00	235955	47457839	0
2016.02.03	53.29	53.40	51.26	52.17	265567	51058867	0
2016.02.04	52.03	52.82	51.37	52.01	221620	39454070	0
2016.02.05	51.95	52.00	49.56	50.16	285446	52426993	0
2016.02.08	49.55	49.57	48.19	49.40	297146	51915960	0
2016.02.09	49.01	50.24	48.67	49.28	243824	40038606	0
2016.02.10	49.90	50.39	49.52	49.69	201002	33251233	0
2016.02.11	48.68	50.11	48.51	49.64	242693	42896880	0
2016.02.12	50.25	50.68	49.75	50.51	149855	26249091	0
2016.02.16	50.90	51.09	50.13	51.09	130994	25846371	0
2016.02.17	51.49	52.77	51.45	52.42	159550	31920555	0
2016.02.18	52.32	52.96	52.10	52.19	130181	22058221	0
2016.02.19	51.95	52.28	51.53	51.82	129927	21757484	0
2016.02.22	52.28	53.00	52.28	52.64	113000	19952495	0
2016.02.23	52.26	52.37	50.98	51.18	118841	23047529	0
2016.02.24	50.70	51.50	50.20	51.36	158936	28047290	0
2016.02.25	51.78	52.10	50.61	52.10	125148	23178605	0
2016.02.26	52.60	52.68	51.10	51.28	136849	30647770	0
2016.02.29	51.31	51.65	50.66	50.77	104869	20655641	0
2016.03.01	50.97	52.60	50.92	52.59	148813	27402500	0
2016.03.02	52.36	52.97	52.15	52.96	122002	22184820	0
2016.03.03	52.95	52.96	51.78	52.35	110061	20511399	0
2016.03.04	52.40	55.48	51.71	52.03	126900	26287482	0
2016.03.07	51.69	51.80	50.58	51.02	166244	32686986	0
2016.03.08	50.84	52.13	50.59	51.65	154042	27899892	0
2016.03.09	51.89	52.85	51.85	52.83	125223	23164910	0
2016.03.10	52.93	52.94	51.16	52.05	174074	33393815	0
2016.03.11	53.00	53.07	52.38	53.07	125308	26054544	0
2016.03.14	52.84	53.59	52.78	53.17	82935	15473338	0
2016.03.15	53.25	53.60	52.97	53.59	76117	14375707	0
2016.03.16	53.61	54.61	53.52	54.36	124006	23061692	0
2016.03.17	54.45	55.00	54.31	54.69	96868	17983643	0
2016.03.18	53.88	54.36	52.77	53.41	126149	26348423	0
2016.03.21	53.31	53.93	53.15	53.89	81552	15108886	0
2016.03.22	53.68	54.25	53.61	54.07	70842	13528120	0
2016.03.23	54.08	54.17	53.74	53.92	67556	12687106	0
2016.03.24	54.09	54.34	53.93	54.29	56680	10928663	0
2016.03.28	54.23	54.29	53.33	53.54	70969	13481263	0
2016.03.29	53.66	54.86	53.45	54.72	105770	19013454	0
2016.03.30	54.91	55.64	54.90	55.06	100028	19138489	0
2016.03.31	54.83	55.59	54.83	55.23	92533	19319471	0
2016.04.01	55.05	55.61	54.57	55.57	93455	17876593	0
2016.04.04	55.43	55.66	51.28	55.43	76315	14198174	0
2016.04.05	55.19	55.30	54.46	54.57	90874	15681944	0
2016.04.06	54.37	55.21	54.21	55.13	99087	17345393	0
2016.04.07	54.87	54.91	54.23	54.45	83738	14930218	0
2016.04.08	54.68	55.28	54.32	54.42	103285	18467934	0
2016.04.11	54.49	55.31	54.30	54.31	92453	17598281	0
2016.04.12	54.36	54.86	53.76	54.66	116435	20997875	0
2016.04.13	55.12	55.44	54.89	55.35	91205	16409362	0
2016.04.14	55.22	55.58	55.07	55.36	89400	16745723	0
2016.04.15	55.28	55.92	55.11	55.64	98157	19043599	0
2016.04.18	55.49	56.60	55.21	56.45	95591	19280297	0
2016.04.19	56.63	56.77	55.68	56.40	118112	22342896	0
2016.04.20	56.29	56.50	55.48	55.60	140040	30470644	0
2016.04.21	55.57	56.23	55.42	55.79	156714	30723694	0
2016.04.22	51.96	52.43	50.77	51.78	472500	108260095	0
2016.04.25	51.78	52.13	51.63	52.12	142291	28682246	0
2016.04.26	52.26	52.35	51.09	51.45	135470	28932402	0
2016.04.27	51.48	51.50	50.55	50.94	179976	36646128	0
2016.04.28	50.70	50.77	49.56	49.89	176494	36714210	0
2016.04.29	49.35	50.25	49.35	49.89	217053	40394899	0
2016.05.02	50.00	50.76	49.78	50.61	141794	29753394	0
2016.05.03	50.34	50.41	49.60	49.78	118955	22229608	0
2016.05.04	49.92	50.07	49.46	49.87	107527	19447439	0
2016.05.05	49.89	50.30	49.73	49.95	105077	20421741	0
2016.05.06	49.92	50.40	49.66	50.40	104143	21138224	0
2016.05.09	50.47	50.59	50.00	50.07	80120	14289494	0
2016.05.10	50.38	51.10	50.19	51.02	98513	19123353	0
2016.05.11	51.13	51.78	51.00	51.05	97286	18469871	0
2016.05.12	51.20	51.81	50.92	51.52	113147	20500134	0
2016.05.13	51.44	51.90	51.04	51.08	102431	18199239	0
2016.05.16	50.80	51.96	50.75	51.83	76771	14240433	0
2016.05.17	51.70	51.73	50.36	50.51	119703	21601670	0
2016.05.18	50.49	51.14	50.30	50.82	102945	16802658	0
2016.05.19	50.55	50.62	49.82	50.32	113189	20412474	0
2016.05.20	50.49	51.23	50.40	50.63	90535	16370906	0
2016.05.23	50.62	50.68	49.98	50.03	93637	19189716	0
2016.05.24	50.69	51.72	50.40	51.59	147697	28955094	0
2016.05.25	51.92	52.50	51.79	52.14	118833	20387529	0
2016.05.26	51.94	51.98	51.36	51.89	98751	20328404	0
2016.05.27	51.92	52.31	51.77	52.31	75018	13289320	0
2016.05.31	52.21	53.00	52.08	53.00	110399	21700102	0
2016.06.01	52.44	52.96	52.44	52.85	108631	20497925	0
2016.06.02	52.64	52.74	50.39	52.48	104551	18801239	0
2016.06.03	52.38	52.42	51.60	51.79	107848	18104437	0
2016.06.06	51.97	52.36	51.89	52.14	81211	14215150	0
2016.06.07	52.25	52.73	51.79	52.10	83182	15767532	0
2016.06.08	52.01	52.44	51.87	52.04	89811	16563819	0
2016.06.09	52.00	52.00	51.49	51.62	88453	15087409	0
2016.06.10	51.05	52.05	51.04	51.49	121210	21548042	0
2016.06.13	49.58	50.72	49.06	50.15	310949	71222855	0
2016.06.14	49.90	50.10	49.57	49.82	183536	37884174	0
2016.06.15	49.78	50.12	49.69	49.70	127852	27124634	0
2016.06.16	49.52	50.48	49.51	50.39	127755	27472833	0
2016.06.17	50.41	50.43	49.82	50.12	122222	26996136	0
2016.06.20	50.64	50.83	50.03	50.07	144212	30212498	0
2016.06.21	50.24	51.44	49.98	51.19	144320	29274785	0
2016.06.22	51.05	51.46	50.96	51.00	120079	23682491	0
2016.06.23	51.26	52.06	50.39	51.90	110858	23190019	0
2016.06.24	49.81	51.78	49.52	49.76	296893	57835056	0
2016.06.27	49.10	51.79	48.04	48.44	236184	43612607	0
2016.06.28	48.89	49.47	48.67	49.44	145508	30485664	0
2016.06.29	49.91	50.73	49.80	50.54	132577	24263759	0
2016.06.30	50.72	51.31	50.50	51.17	109080	20751468	0
2016.07.01	51.13	51.72	51.07	51.16	98912	17515231	0
2016.07.05	50.83	51.28	50.74	51.16	110573	19691718	0
2016.07.06	50.78	51.54	50.39	51.38	133498	24491588	0
2016.07.07	51.45	51.61	51.07	51.38	92713	16526726	0
2016.07.08	51.74	52.36	51.55	52.30	120610	23215134	0
2016.07.11	52.50	52.83	52.47	52.59	97041	17124711	0
2016.07.12	52.94	53.41	52.78	53.21	120744	22722497	0
2016.07.13	53.56	53.87	53.18	53.52	105615	20856689	0
2016.07.14	53.85	53.99	53.58	53.73	100041	19936961	0
2016.07.15	53.95	53.98	53.21	53.69	117078	22263390	0
2016.07.18	53.67	54.35	53.55	53.98	117000	24045072	0
2016.07.19	53.72	53.91	52.93	53.06	181561	40997873	0
2016.07.20	56.15	56.85	55.53	55.90	320493	75105580	0
2016.07.21	55.99	56.35	55.76	55.82	130346	28438867	0
2016.07.22	56.07	56.63	55.78	56.57	112223	26421651	0
2016.07.25	56.41	56.75	56.25	56.74	87057	19829302	0
2016.07.26	56.52	57.29	56.51	56.76	118574	22975162	0
2016.07.27	56.61	56.81	56.11	56.19	137767	26893442	0
2016.07.28	55.98	56.37	55.72	56.21	124390	31785207	0
2016.07.29	56.16	56.76	56.05	56.69	104823	23704854	0
2016.08.01	56.69	56.75	56.14	56.58	108560	21520336	0
2016.08.02	56.84	56.90	56.31	56.58	144168	30866722	0
2016.08.03	56.69	57.11	56.49	56.96	94592	18659622	0
2016.08.04	56.80	57.52	56.67	57.39	103809	22299962	0
2016.08.05	57.65	58.21	57.45	57.95	98113	20934130	0
2016.08.08	58.05	58.09	57.78	58.06	69548	15579094	0
2016.08.09	58.17	58.50	58.02	58.20	69796	14248023	0
2016.08.10	58.13	58.32	57.82	58.02	66569	13454800	0
2016.08.11	58.03	58.45	58.03	58.30	64856	13656059	0
2016.08.12	58.03	58.19	57.62	57.94	84843	17939742	0
2016.08.15	58.01	58.51	57.96	58.13	69993	15590712	0
2016.08.16	57.61	57.62	57.27	57.43	79537	15812532	0
2016.08.17	57.55	57.68	57.23	57.56	85372	15755017	0
2016.08.18	57.41	57.70	57.27	57.60	56991	10437524	0
2016.08.19	57.50	57.74	57.20	57.63	57552	11451172	0
2016.08.22	57.57	57.76	57.26	57.66	65303	12455846	0
2016.08.23	57.90	58.18	57.85	57.90	70382	14609814	0
2016.08.24	57.82	58.04	57.71	57.97	66733	13364023	0
2016.08.25	57.82	58.30	57.78	58.19	72221	13980529	0
2016.08.26	58.28	58.70	57.69	58.04	99689	17841510	0
2016.08.29	58.16	58.60	58.10	58.10	66502	11382833	0
2016.08.30	57.98	58.19	57.61	57.89	75960	13285039	0
2016.08.31	57.65	58.04	57.30	57.47	82443	14728936	0
2016.09.01	57.02	57.82	57.01	57.59	113659	21605488	0
2016.09.02	57.67	58.19	57.42	57.67	82859	15039827	0
2016.09.06	57.58	57.80	57.21	57.60	65278	11521308	0
2016.09.07	57.47	57.84	57.40	57.66	78767	14322571	0
2016.09.08	57.62	57.79	57.18	57.42	81741	15192960	0
2016.09.09	56.83	57.53	56.21	56.22	141089	25781168	0
2016.09.12	55.85	57.21	55.61	57.05	133697	22885900	0
2016.09.13	56.50	56.65	56.05	56.54	144987	24285435	0
2016.09.14	56.39	56.64	56.03	56.27	106017	19341544	0
2016.09.15	56.15	57.35	55.98	57.19	114877	20759447	0
2016.09.16	57.44	57.63	56.75	57.25	109631	20421118	0
2016.09.19	57.27	57.75	56.85	56.93	86816	15968108	0
2016.09.20	57.35	57.35	56.39	56.82	80602	13938429	0
2016.09.21	57.51	57.86	57.08	57.75	146667	27793234	0
2016.09.22	57.95	58.01	57.63	57.79	80801	16821847	0
2016.09.23	57.90	57.93	57.38	57.44	89243	15365992	0
2016.09.26	57.10	57.15	56.83	56.92	88412	16396565	0
2016.09.27	56.91	58.07	56.68	57.97	122822	22799586	0
2016.09.28	57.87	58.06	57.67	58.01	90930	16303596	0
2016.09.29	57.83	58.17	57.21	57.40	124435	21538576	0
2016.09.30	57.57	57.77	57.34	57.59	107100	19274388	0
2016.10.03	57.41	57.56	57.06	57.41	91999	16015108	0
2016.10.04	57.32	57.60	56.97	57.25	96066	16637046	0
2016.10.05	57.32	57.97	57.26	57.64	77470	13499650	0
2016.10.06	57.74	57.86	57.28	57.74	73730	13028617	0
2016.10.07	57.85	57.99	57.42	57.79	90818	16417423	0
2016.10.10	57.91	58.40	57.87	58.05	85096	15732992	0
2016.10.11	57.89	58.02	56.89	57.18	118524	21150041	0
2016.10.12	57.12	57.69	56.40	57.11	104537	19436927	0
2016.10.13	56.67	57.30	56.31	56.93	115750	20569916	0
2016.10.14	57.12	57.74	57.12	57.43	120764	22492664	0
2016.10.17	57.36	57.46	56.87	57.21	96545	17974562	0
2016.10.18	57.53	57.95	57.41	57.65	88008	15587427	0
2016.10.19	57.47	57.84	57.39	57.56	91769	17055431	0
2016.10.20	57.50	57.52	56.66	57.24	187531	37477041	0
2016.10.21	60.30	60.45	59.49	59.68	290558	64219118	0
2016.10.24	59.95	61.00	59.93	60.99	138956	30030255	0
2016.10.25	60.86	61.37	60.80	61.02	108815	21721003	0
2016.10.26	60.80	61.20	60.47	60.63	77302	14998819	0
2016.10.27	60.62	60.83	60.09	60.11	76954	15268650	0
2016.10.28	60.02	60.53	59.58	59.88	79198	14168005	0
2016.10.31	60.29	60.42	59.92	60.00	47147	10692074	0
2016.11.01	59.91	60.02	59.25	59.75	49839	9613772	0
2016.11.02	59.73	59.82	59.18	59.46	46134	9089481	0
2016.11.03	59.31	59.37	59.11	59.25	40485	8306834	0
2016.11.04	59.06	59.28	58.70	58.79	41857	9422692	0
2016.11.07	59.80	60.53	59.78	60.42	78274	15537498	0
2016.11.08	60.41	60.78	60.15	60.47	59975	10957147	0
2016.11.09	60.00	60.59	59.20	60.17	117039	21505335	0
2016.11.10	60.48	60.48	57.63	58.71	162529	30564435	0
2016.11.11	58.27	59.12	58.01	59.01	104818	20199901	0
2016.11.14	59.10	59.10	57.28	58.12	114070	22303397	0
2016.11.15	58.34	59.49	58.31	58.87	85558	17293014	0
2016.11.16	58.94	59.66	58.81	59.64	68350	13197767	0
2016.11.17	60.40	60.95	59.96	60.64	81036	17383555	0
2016.11.18	60.72	61.14	60.30	60.37	60652	12097147	0
2016.11.21	60.54	60.97	60.42	60.87	49943	9636076	0
2016.11.22	60.98	61.27	60.80	61.11	49932	9729506	0
2016.11.23	61.00	61.10	60.25	60.41	48161	9502327	0
2016.11.25	60.30	60.54	60.13	60.35	21143	4252215	0
2016.11.28	60.35	61.02	60.21	60.61	39669	8147494	0
2016.11.29	60.66	61.42	60.52	61.10	45984	12569840	0
2016.11.30	61.01	61.18	60.21	60.26	65823	12929778	0
2016.12.01	60.07	60.15	58.94	59.20	83091	15829785	0
2016.12.02	59.07	59.47	58.80	59.26	63664	13066219	0
2016.12.05	59.69	60.59	59.56	60.21	49858	10105559	0
2016.12.06	60.43	60.46	59.80	59.96	58615	10188504	0
2016.12.07	60.02	61.38	59.80	61.38	79483	14582456	0
2016.12.08	61.30	61.58	60.84	61.01	55660	11018080	0
2016.12.09	61.19	61.99	61.12	61.99	66228	13517240	0
2016.12.12	61.87	62.30	61.72	62.17	52439	9725894	0
2016.12.13	62.50	63.43	62.24	62.98	87219	16351391	0
2016.12.14	63.00	63.46	62.53	62.69	73630	13658324	0
2016.12.15	62.70	63.15	62.30	62.57	72659	13885246	0
2016.12.16	62.91	62.95	62.11	62.30	66167	12822628	0
2016.12.19	62.55	63.77	62.42	63.62	81417	16255969	0
2016.12.20	63.69	63.80	63.02	63.55	56259	11864019	0
2016.12.21	63.49	63.70	63.12	63.56	48709	9481222	0
2016.12.22	63.87	64.11	63.41	63.55	54907	11812920	0
2016.12.23	63.50	63.54	62.80	63.24	33323	6659634	0
2016.12.27	63.21	64.07	63.21	63.28	30783	6342009	0
2016.12.28	63.40	63.40	62.83	62.99	39293	7276828	0
2016.12.29	62.91	63.20	62.73	62.90	28232	5326695	0
2016.12.30	62.98	62.99	62.03	62.15	50808	9438740	0
2017.01.03	62.79	62.85	62.12	62.57	50743	9862272	0
2017.01.04	62.48	62.75	62.12	62.29	47726	9328638	0
2017.01.05	62.19	62.66	62.03	62.31	49422	10202987	0
2017.01.06	62.38	63.16	62.04	62.84	47963	10242205	0
2017.01.09	62.79	63.08	62.54	62.65	48930	9463425	0
2017.01.10	62.73	63.07	62.28	62.62	43717	8222768	0
2017.01.11	62.61	63.23	62.43	63.16	56867	10400921	0
2017.01.12	63.09	63.18	61.95	62.61	56773	12030860	0
2017.01.13	62.62	62.87	62.35	62.70	41271	9144552	0
2017.01.17	62.66	62.70	62.03	62.52	48428	9994035	0
2017.01.18	62.70	62.70	62.12	62.50	48892	9079525	0
2017.01.19	62.31	62.98	62.19	62.29	47845	9608513	0
2017.01.20	62.67	62.82	62.37	62.74	57774	13394660	0
2017.01.23	62.70	63.12	62.57	62.98	61931	12232194	0
2017.01.24	63.19	63.74	62.94	63.52	66311	14081468	0
2017.01.25	64.03	64.10	63.45	63.67	62931	13425395	0
2017.01.26	64.10	64.54	63.55	64.27	107933	22678104	0
2017.01.27	65.40	65.92	64.89	65.77	113756	26730418	0
2017.01.30	65.69	65.79	64.80	65.12	81964	17599155	0
2017.01.31	64.87	65.15	64.26	64.65	69741	14185157	0
2017.02.01	64.36	64.61	63.47	63.57	105212	21273149	0
2017.02.02	63.25	63.41	62.75	63.13	101449	25243743	0
2017.02.03	63.42	63.70	63.07	63.67	72014	16981722	0
2017.02.06	63.50	63.65	63.14	63.63	44975	9356165	0
2017.02.07	63.65	63.80	63.23	63.43	49932	9874260	0
2017.02.08	63.56	63.80	63.22	63.33	46588	9739433	0
2017.02.09	63.48	64.44	63.32	64.06	60272	12164667	0
2017.02.10	64.23	64.30	63.97	64.00	47184	10023700	0
2017.02.13	64.25	64.87	64.13	64.73	51551	11509965	0
2017.02.14	64.55	64.71	64.02	64.57	47079	9780388	0
2017.02.15	64.48	64.57	64.16	64.54	40362	8185752	0
2017.02.16	64.74	65.24	64.44	64.52	51072	11085710	0
2017.02.17	64.46	64.70	64.30	64.62	38298	8272450	0
2017.02.21	64.62	64.95	64.45	64.45	42622	9267458	0
2017.02.22	64.35	64.39	64.05	64.37	44974	10142227	0
2017.02.23	64.42	64.73	64.19	64.62	52955	10306559	0
2017.02.24	64.49	64.80	64.13	64.61	53415	10806580	0
2017.02.27	64.54	64.54	64.05	64.22	44522	9361604	0
2017.02.28	64.20	64.20	63.76	63.98	53878	11203015	0
2017.03.01	64.16	65.00	64.03	64.92	60414	12515964	0
2017.03.02	64.69	64.75	63.88	64.01	58202	14187038	0
2017.03.03	63.91	64.29	63.62	64.23	44046	9434248	0
2017.03.06	64.00	64.56	63.81	64.28	45267	9345253	0
2017.03.07	64.20	64.78	64.19	64.39	47211	9308697	0
2017.03.08	64.28	65.08	64.25	64.99	54116	10887480	0
2017.03.09	65.19	65.20	64.48	64.75	55422	10734737	0
2017.03.10	65.10	65.26	64.75	64.94	47636	10064405	0
2017.03.13	64.79	64.84	64.57	64.79	28499	10343765	0
2017.03.14	64.22	64.52	64.15	64.48	25435	6140466	0
2017.03.15	64.41	64.92	64.34	64.77	33669	9100082	0
2017.03.16	64.54	64.68	64.30	64.64	37237	9167806	0
2017.03.17	64.93	65.24	64.82	64.85	45492	11651523	0
2017.03.20	65.09	65.10	64.72	64.93	27685	6159715	0
2017.03.21	65.06	65.17	64.07	64.15	59007	10403356	0
2017.03.22	64.51	65.14	64.39	65.00	38779	8585644	0
2017.03.23	64.83	65.20	64.76	64.87	41450	8004430	0
2017.03.24	65.20	65.45	64.76	65.01	47671	9328340	0
2017.03.27	64.63	65.22	64.35	65.09	42592	8348174	0
2017.03.28	64.98	65.48	64.65	65.31	48971	9689505	0
2017.03.29	65.13	65.51	64.94	65.48	38380	7228588	0
2017.03.30	65.42	65.99	65.36	65.71	40933	8206642	0
2017.03.31	65.65	66.19	65.45	65.87	47682	9906174	0
2017.04.03	65.84	65.94	65.19	65.55	48603	9158356	0
2017.04.04	65.38	65.82	65.28	65.73	36649	6610577	0
2017.04.05	65.86	66.36	65.45	65.56	53875	10358835	0
2017.04.06	65.64	66.06	65.48	65.74	47861	9360636	0
2017.04.07	65.80	65.96	65.44	65.69	33901	6698555	0
2017.04.10	65.75	65.82	65.36	65.55	35360	6827597	0
2017.04.11	65.60	65.62	64.85	65.49	51210	9440042	0
2017.04.12	65.43	65.51	65.11	65.22	42994	8120302	0
2017.04.13	65.29	65.86	64.95	64.96	44169	8705285	0
2017.04.17	65.05	65.49	65.05	65.47	37942	7481801	0
2017.04.18	65.33	65.72	65.16	65.39	43996	8333467	0
2017.04.19	65.59	65.75	64.89	65.04	58405	11560008	0
2017.04.20	65.36	65.76	65.14	65.51	56860	11360791	0
2017.04.21	65.56	66.70	65.45	66.41	70877	15801822	0
2017.04.24	67.47	67.66	67.10	67.53	66959	16611896	0
2017.04.25	67.94	68.04	67.60	67.93	57548	14890993	0
2017.04.26	68.07	68.31	67.62	67.83	59660	12377401	0
2017.04.27	68.16	68.38	67.58	68.28	84290	18094569	0
2017.04.28	68.91	69.14	67.69	68.46	92616	20805966	0
2017.05.01	68.68	69.55	68.50	69.42	81145	17760031	0
2017.05.02	69.70	69.71	69.13	69.30	58526	12516251	0
2017.05.03	69.26	69.31	68.71	69.08	64915	15180218	0
2017.05.04	69.05	69.08	68.64	68.79	53786	13124270	0
2017.05.05	68.90	69.03	68.49	69.01	42389	10356155	0
2017.05.08	69.00	69.05	68.42	68.95	41476	8593767	0
2017.05.09	68.88	69.29	68.68	69.04	53543	10751933	0
2017.05.10	68.98	69.57	68.93	69.32	49343	9844605	0
2017.05.11	68.36	68.73	68.12	68.47	63513	14336444	0
2017.05.12	68.57	68.57	68.04	68.39	44366	9268850	0
2017.05.15	68.16	68.49	67.57	68.43	66446	15737249	0
2017.05.16	68.23	69.44	68.16	69.42	85118	19105830	0
2017.05.17	68.88	69.10	67.43	67.45	76248	14423180	0
2017.05.18	67.36	68.14	67.14	67.73	68548	12519649	0
2017.05.19	67.50	68.10	67.43	67.69	53067	11280911	0
2017.05.22	67.89	68.48	67.50	68.46	39468	7588641	0
2017.05.23	68.63	68.75	68.38	68.69	45539	9000586	0
2017.05.24	68.87	68.87	68.45	68.78	40381	7673352	0
2017.05.25	68.99	69.88	68.91	69.63	52383	11857961	0
2017.05.26	69.80	70.23	69.52	69.98	49861	11861394	0
2017.05.30	69.78	70.41	69.78	70.41	43575	9222191	0
2017.05.31	70.53	70.73	69.81	69.86	64395	12486380	0
2017.06.01	70.24	70.61	69.45	70.12	54049	11821519	0
2017.06.02	70.42	71.87	70.24	71.75	68608	19295188	0
2017.06.05	71.96	72.90	71.81	72.28	72073	17984495	0
2017.06.06	72.30	72.62	72.27	72.51	69857	18399811	0
2017.06.07	72.64	72.77	71.96	72.40	57476	11718168	0
2017.06.08	72.51	72.52	71.50	71.96	62004	11660998	0
2017.06.09	72.04	72.08	68.59	70.31	122994	24218096	0
2017.06.12	69.28	69.94	68.13	69.77	135624	26152432	0
2017.06.13	70.12	70.83	69.96	70.65	64637	12955762	0
2017.06.14	70.91	71.10	69.43	70.27	67109	12722784	0
2017.06.15	69.42	70.22	68.80	69.90	73064	14032236	0
2017.06.16	69.78	70.03	69.22	69.99	55559	10321837	0
2017.06.19	70.50	70.95	70.35	70.88	51715	11220057	0
2017.06.20	70.74	70.87	69.87	69.90	48319	9097345	0
2017.06.21	70.26	70.62	69.94	70.27	49514	9186317	0
2017.06.22	70.54	70.59	69.71	70.26	55263	11863965	0
2017.06.23	70.09	71.24	69.92	71.23	48447	9835528	0
2017.06.26	71.38	71.71	70.45	70.52	51012	9035747	0
2017.06.27	70.10	70.18	69.20	69.21	63311	11138790	0
2017.06.28	69.20	69.85	68.79	69.81	67996	13353097	0
2017.06.29	69.44	69.50	68.09	68.50	75341	14198461	0
2017.06.30	69.13	69.38	68.74	68.93	46963	9411201	0
2017.07.03	69.38	69.60	68.02	68.18	40018	7670450	0
2017.07.05	68.26	69.44	68.22	69.08	47238	9766489	0
2017.07.06	68.29	68.79	68.12	68.58	54896	11073734	0
2017.07.07	68.70	69.84	68.70	69.46	36356	7613209	0
2017.07.10	69.46	70.25	69.20	69.98	41153	8216332	0
2017.07.11	70.00	70.68	69.75	69.99	41241	8523677	0
2017.07.12	70.65	71.28	70.55	71.15	42839	8405051	0
2017.07.13	71.46	72.04	71.31	71.77	54061	10418140	0
2017.07.14	72.23	73.27	71.96	72.77	66612	14895788	0
2017.07.17	72.81	73.45	72.72	73.35	56573	12075049	0
2017.07.18	73.09	73.39	72.67	73.30	66762	14238965	0
2017.07.19	73.50	74.04	73.45	73.84	57973	13096151	0
2017.07.20	74.17	74.30	73.28	74.25	84698	19678505	0
2017.07.21	73.45	74.29	73.17	73.80	91280	22004178	0
2017.07.24	73.53	73.75	73.13	73.61	51416	11098761	0
2017.07.25	73.80	74.31	73.50	74.20	48139	11316552	0
2017.07.26	74.34	74.38	73.82	74.06	41756	8236027	0
2017.07.27	73.68	74.43	72.33	73.15	74380	15213450	0
2017.07.28	72.71	73.31	72.54	73.03	41651	8079792	0
2017.07.31	73.39	73.44	72.41	72.72	53505	10686458	0
2017.08.01	73.04	73.42	72.49	72.56	48843	10666449	0
2017.08.02	72.52	72.56	71.44	72.24	54295	12818915	0
2017.08.03	72.19	72.45	71.84	72.15	42836	9195771	0
2017.08.04	72.40	73.04	72.24	72.65	59473	12037752	0
2017.08.07	72.80	72.91	72.26	72.40	44507	9985685	0
2017.08.08	72.09	73.14	71.75	72.79	49017	10083575	0
2017.08.09	72.25	72.52	72.05	72.45	52077	10118807	0
2017.08.10	71.95	72.19	71.37	71.43	59340	10349954	0
2017.08.11	71.57	72.70	71.28	72.51	54107	10375519	0
2017.08.14	73.06	73.73	72.95	73.59	47012	9352823	0
2017.08.15	73.59	73.59	73.04	73.23	34361	6812163	0
2017.08.16	73.34	74.11	73.17	73.67	46676	9386442	0
2017.08.17	73.58	73.87	72.40	72.41	50657	9935227	0
2017.08.18	72.27	72.85	71.93	72.50	40097	7316636	0
2017.08.21	72.47	72.48	71.70	72.15	42719	8520722	0
2017.08.22	72.38	73.24	72.37	73.15	35211	7415239	0
2017.08.23	72.91	73.15	72.53	72.73	32673	5981327	0
2017.08.24	72.74	72.86	72.08	72.72	31564	5997712	0
2017.08.25	72.84	73.34	72.48	72.84	30901	6153196	0
2017.08.28	73.06	73.09	72.55	72.84	27327	5148866	0
2017.08.29	72.21	73.16	72.05	73.07	28057	5007839	0
2017.08.30	72.97	74.21	72.83	74.00	36535	7460026	0
2017.08.31	74.03	74.97	73.80	74.78	54119	11544295	0
2017.09.01	74.64	74.74	73.64	73.92	47813	10597249	0
2017.09.05	73.34	73.89	72.98	73.61	50983	9894320	0
2017.09.06	73.77	74.04	73.35	73.41	34898	7082696	0
2017.09.07	73.68	74.61	73.60	74.37	42842	8855734	0
2017.09.08	74.25	74.44	73.84	74.00	33753	6422576	0
2017.09.11	74.45	74.95	74.40	74.76	37249	7359528	0
2017.09.12	74.72	75.24	74.37	74.68	36686	6815052	0
2017.09.13	74.93	75.24	74.55	75.20	33028	6850071	0
2017.09.14	74.99	75.49	74.52	74.78	31927	6859825	0
2017.09.15	74.78	75.39	74.07	75.29	54514	11440509	0
2017.09.18	75.23	75.96	75.04	75.17	43618	8504924	0
2017.09.19	75.30	75.72	75.01	75.44	39664	7465889	0
2017.09.20	75.35	75.55	74.31	74.94	43982	8677610	0
2017.09.21	75.11	75.24	74.11	74.23	42727	7825806	0
2017.09.22	73.99	74.51	73.85	74.36	35076	6692414	0
2017.09.25	74.09	74.25	72.92	73.28	60862	11052311	0
2017.09.26	73.66	73.82	72.99	73.30	36379	7308837	0
2017.09.27	73.55	74.17	73.17	73.86	49915	8973130	0
2017.09.28	73.49	73.98	73.31	73.85	25808	4800438	0
2017.09.29	73.96	74.54	73.89	74.45	32235	6588796	0
2017.10.02	74.73	75.02	74.29	74.59	36953	7115052	0
2017.10.03	74.67	74.88	74.19	74.27	31482	6580177	0
2017.10.04	74.00	74.72	73.71	74.68	35295	6983384	0
2017.10.05	75.28	76.12	74.96	75.97	47364	10754411	0
2017.10.06	75.66	76.02	75.54	75.99	31663	6277819	0
2017.10.09	75.97	76.56	75.86	76.30	31062	5929011	0
2017.10.10	76.35	76.64	76.14	76.32	38023	7021484	0
2017.10.11	76.35	76.47	75.95	76.41	32198	6440555	0
2017.10.12	76.43	77.29	76.37	77.13	39996	8385530	0
2017.10.13	77.59	77.87	77.29	77.50	39061	7220181	0
2017.10.16	77.42	77.82	77.35	77.66	32976	6486270	0
2017.10.17	77.48	77.61	77.25	77.57	32726	6942261	0
2017.10.18	77.65	77.86	77.37	77.63	34035	7151992	0
2017.10.19	77.44	77.94	77.35	77.91	40799	7344855	0
2017.10.20	78.30	78.97	78.22	78.81	48451	10144683	0
2017.10.23	78.99	79.34	78.76	78.85	52062	10866016	0
2017.10.24	78.91	79.21	78.46	78.86	43239	8854222	0
2017.10.25	78.55	79.11	78.01	78.64	52660	9837768	0
2017.10.26	79.19	79.42	78.75	78.75	75238	16202625	0
2017.10.27	84.37	86.20	83.61	83.82	180723	38278530	0
2017.10.30	84.25	84.27	83.34	83.88	55731	13055779	0
2017.10.31	83.74	83.85	83.11	83.30	56396	12311492	0
2017.11.01	83.54	83.62	82.88	83.24	53860	10270386	0
2017.11.02	83.61	84.46	83.33	84.20	53571	10747395	0
2017.11.03	83.78	84.55	83.77	84.00	34304	6628702	0
2017.11.06	84.21	84.70	84.08	84.48	51781	8980744	0
2017.11.07	84.76	84.90	83.93	84.27	46649	8588358	0
2017.11.08	84.16	84.61	83.83	84.56	38562	7341347	0
2017.11.09	84.11	84.27	82.90	84.09	54950	10174877	0
2017.11.10	83.82	84.10	83.23	83.86	41650	9649184	0
2017.11.13	83.67	83.94	83.46	83.93	32575	5868294	0
2017.11.14	83.50	84.11	82.98	84.06	52307	9921935	0
2017.11.15	83.48	83.69	82.69	82.98	41169	8482968	0
2017.11.16	83.10	83.42	82.94	83.19	48715	9621408	0
2017.11.17	83.10	83.10	82.24	82.37	45156	9829488	0
2017.11.20	82.48	82.59	82.25	82.54	38089	7904626	0
2017.11.21	82.99	83.84	82.86	83.73	35385	9373351	0
2017.11.22	83.83	83.90	83.04	83.10	37452	8208486	0
2017.11.24	83.01	83.43	82.78	83.25	17058	3268724	0
2017.11.27	83.30	83.99	83.30	83.86	43954	9325957	0
2017.11.28	84.06	85.07	84.02	84.89	49880	9823136	0
2017.11.29	84.82	84.92	83.17	83.34	66841	12422321	0
2017.11.30	83.61	84.53	83.34	84.10	57612	10995451	0
2017.12.01	83.55	84.81	83.22	84.26	63175	11473562	0
2017.12.04	84.36	84.42	80.70	81.07	102550	20063595	0
2017.12.05	81.36	82.69	80.98	81.59	65639	11975889	0
2017.12.06	81.67	83.14	81.43	82.80	56388	10431726	0
2017.12.07	82.57	82.80	82.00	82.48	54383	10246243	0
2017.12.08	83.36	84.59	83.35	84.18	63093	13174221	0
2017.12.11	84.29	85.37	84.12	85.21	50646	9768942	0
2017.12.12	85.31	86.05	85.08	85.65	60492	11066947	0
2017.12.13	85.75	86.00	85.18	85.36	52789	9773717	0
2017.12.14	85.60	85.87	84.54	84.68	42965	7678928	0
2017.12.15	85.16	87.09	84.90	86.82	72833	14339868	0
2017.12.18	87.44	87.50	86.29	86.44	54567	10749850	0
2017.12.19	86.32	86.35	85.27	85.83	47533	10731578	0
2017.12.20	86.20	86.25	84.71	85.60	54418	10336908	0
2017.12.21	86.08	86.10	85.41	85.57	38237	7470982	0
2017.12.22	85.34	85.64	84.92	85.58	32379	6854457	0
2017.12.26	85.33	85.53	85.03	85.40	25474	5511690	0
2017.12.27	85.69	85.98	85.21	85.70	32499	6343416	0
2017.12.28	85.90	85.93	85.55	85.70	26568	5297278	0
2017.12.29	85.62	86.05	85.51	85.60	33590	6868194	0
2018.01.02	86.23	86.27	85.50	85.93	46986	10286746	0
2018.01.03	86.06	86.52	85.97	86.34	52864	11716659	0
2018.01.04	86.59	87.67	86.57	87.12	53418	11169681	0
2018.01.05	87.62	88.41	87.52	88.13	48888	10222026	0
2018.01.08	88.16	88.59	87.60	88.22	43951	8954655	0
2018.01.09	88.65	88.73	87.86	88.23	51937	9896156	0
2018.01.10	87.86	88.19	87.41	87.82	46091	8874972	0
2018.01.11	87.85	88.10	87.25	88.08	38913	8326964	0
2018.01.12	88.67	89.77	88.45	89.59	54336	11323243	0
2018.01.16	90.10	90.80	88.01	88.33	84556	17465954	0
2018.01.17	89.13	90.28	88.78	90.16	57674	12255386	0
2018.01.18	89.77	90.67	89.73	90.12	54669	11092427	0
2018.01.19	90.14	90.61	89.66	90.00	54815	10831338	0
2018.01.22	89.92	91.62	89.74	91.62	45703	9420443	0
2018.01.23	91.90	92.30	91.54	91.89	54469	10496104	0
2018.01.24	92.55	93.43	91.58	91.84	71305	14485095	0
2018.01.25	92.45	93.24	91.94	92.33	64409	12636798	0
2018.01.26	93.12	94.07	92.58	94.05	56233	10672726	0
2018.01.29	95.15	95.27	93.75	93.85	75638	14439416	0
2018.01.30	93.65	93.66	92.10	92.76	77667	15690851	0
2018.01.31	93.75	95.40	91.96	95.20	116201	24804404	0
2018.02.01	94.60	96.06	93.58	94.25	112305	24617657	0
2018.02.02	93.74	93.86	91.65	91.76	102898	22524691	0
2018.02.05	90.60	93.23	88.00	88.00	123378	22955368	0
2018.02.06	86.92	91.48	85.25	91.34	184462	32965249	0
2018.02.07	90.42	91.76	89.20	89.58	102679	19720902	0
2018.02.08	89.71	89.88	84.76	84.99	139062	23388646	0
2018.02.09	86.24	88.90	83.83	88.16	155044	28387456	0
2018.02.12	88.66	89.78	87.15	89.15	81403	15041321	0
2018.02.13	88.38	90.00	87.80	89.78	68827	11822869	0
2018.02.14	88.60	90.98	88.44	90.83	83149	15573641	0
2018.02.15	91.15	92.71	90.62	92.71	65646	13251895	0
2018.02.16	92.54	93.49	91.81	91.93	62013	13252150	0
2018.02.20	91.40	93.07	91.01	92.71	62078	11258723	0
2018.02.21	93.00	93.36	91.50	91.50	70533	12282186	0
2018.02.22	92.05	92.73	91.36	91.74	51299	9612008	0
2018.02.23	92.70	94.07	92.36	94.07	57331	10843639	0
2018.02.26	94.26	95.45	94.26	95.44	68019	14451145	0
2018.02.27	95.74	95.83	94.21	94.21	58589	10656870	0
2018.02.28	94.84	95.71	93.70	93.77	71099	12654460	0
2018.03.02	91.58	93.12	90.86	93.04	74134	13957060	0
2018.03.05	92.44	94.27	92.26	93.64	58318	10151044	0
2018.03.06	94.35	94.45	92.94	93.32	56847	9756573	0
2018.03.07	93.13	93.95	92.43	93.86	80866	14014377	0
2018.03.08	94.21	95.11	93.76	94.43	78819	13947364	0
2018.03.09	95.28	96.54	95.00	96.54	73590	19469334	0
2018.03.12	96.61	97.21	96.06	96.70	40126	8548114	0
2018.03.13	96.51	96.53	93.97	94.29	71623	14031331	0
2018.03.14	94.66	94.98	93.70	93.70	57855	13157920	0
2018.03.15	93.97	94.58	93.82	94.46	51956	11299344	0
2018.03.16	95.16	95.38	93.93	94.61	47369	11396478	0
2018.03.19	93.46	93.56	92.11	93.24	66605	11747121	0
2018.03.20	93.42	93.65	93.06	93.15	46777	9066847	0
2018.03.21	92.96	94.04	92.21	92.48	48272	9350182	0
2018.03.22	91.50	91.51	89.66	89.71	83381	15238037	0
2018.03.23	89.82	90.44	86.93	87.00	73830	15772694	0
2018.03.26	90.61	94.01	90.40	93.72	130695	27076664	0
2018.03.27	94.93	95.14	88.51	89.48	127356	25454467	0
2018.03.28	89.80	91.22	88.88	89.38	142613	25461418	0
2018.03.29	90.18	92.29	88.40	91.25	106100	21108294	0
2018.04.02	90.47	90.88	87.51	88.69	117713	21173847	0
2018.04.03	89.58	90.05	87.89	89.72	82390	16432303	0
2018.04.04	87.91	92.76	87.73	92.27	86801	16692390	0
2018.04.05	92.56	93.07	91.40	92.38	74955	13697277	0
2018.04.06	91.50	92.46	89.48	90.23	79665	14561962	0
2018.04.09	91.04	93.17	90.62	90.78	78664	13968003	0
2018.04.10	92.36	93.28	91.65	92.90	67472	11973923	0
2018.04.11	92.03	93.29	91.48	91.87	64057	11831793	0
2018.04.12	92.54	94.16	92.43	93.59	63916	11965590	0
2018.04.13	94.06	94.18	92.44	93.08	56910	9971447	0
2018.04.16	94.07	94.65	93.42	94.17	57865	10060266	0
2018.04.17	94.95	96.55	94.89	96.06	68715	13498879	0
2018.04.18	96.20	96.73	95.52	96.43	57389	11422672	0
2018.04.19	96.40	97.07	95.34	96.10	55752	10707188	0
2018.04.20	95.90	96.11	94.05	95.01	69301	13563336	0
2018.04.23	95.74	96.27	94.63	95.35	51565	9715508	0
2018.04.24	96.24	96.47	92.42	93.07	86670	15840704	0
2018.04.25	93.30	93.30	90.28	92.44	81672	16498932	0
2018.04.26	93.55	95.15	93.10	94.25	81060	17420056	0
2018.04.27	97.56	97.90	93.91	95.82	115221	25278911	0
2018.04.30	96.27	96.40	93.16	93.52	92776	17214563	0
2018.05.01	93.27	95.17	92.79	94.98	77862	15786477	0
2018.05.02	94.97	95.17	93.22	93.51	61988	12303465	0
2018.05.03	92.97	94.93	92.46	94.09	86260	14222468	0
2018.05.04	93.36	95.37	92.92	95.16	60700	10682033	0
2018.05.07	95.30	96.71	95.10	96.25	66368	12557517	0
2018.05.08	95.87	96.15	95.06	95.84	55167	10284746	0
2018.05.09	96.00	96.97	95.05	96.95	57255	11227095	0
2018.05.10	97.38	97.95	97.05	97.88	45501	9158016	0
2018.05.11	97.69	97.86	97.04	97.73	39551	7305030	0
2018.05.14	97.79	98.70	97.31	98.02	47602	9457992	0
2018.05.15	97.42	97.85	96.34	97.32	48836	9991548	0
2018.05.16	97.35	97.41	96.61	97.15	40271	8306698	0
2018.05.17	96.76	97.54	95.83	96.16	35653	7184445	0
2018.05.18	96.01	96.93	96.01	96.36	33831	6438207	0
2018.05.21	96.96	98.02	96.80	97.65	40454	8198353	0
2018.05.22	97.71	98.17	97.20	97.57	33111	6431311	0
2018.05.23	96.63	98.73	96.32	98.72	45110	8181416	0
2018.05.24	98.71	98.94	96.81	98.34	54864	10327728	0
2018.05.25	98.31	98.98	97.86	98.38	43653	8362287	0
2018.05.29	97.84	98.88	97.23	98.00	67079	12429130	0
2018.05.30	98.51	99.26	97.91	98.96	59791	11321578	0
2018.05.31	99.29	99.99	98.61	98.85	66039	11518497	0
2018.06.01	99.24	100.86	99.19	100.78	66275	13000240	0
2018.06.04	101.26	101.86	100.85	101.68	62903	14576988	0
2018.06.05	101.98	102.34	101.53	102.20	59811	11441235	0
2018.06.06	102.55	102.60	101.90	102.57	46926	8891716	0
2018.06.07	102.65	102.69	100.38	100.92	61583	11888078	0
2018.06.08	101.00	101.94	100.54	101.62	49255	9160584	0
2018.06.11	101.41	101.59	100.67	101.07	46292	8898679	0
2018.06.12	101.15	101.45	100.75	101.30	49260	9187132	0
2018.06.13	101.68	102.01	100.58	100.89	65737	11178821	0
2018.06.14	101.65	102.03	101.00	101.42	63209	11634718	0
2018.06.15	101.49	101.53	100.11	100.24	68359	12471934	0
2018.06.18	100.05	101.11	99.42	100.90	58992	11270365	0
2018.06.19	99.59	101.01	99.50	100.88	61045	12074716	0
2018.06.20	101.24	102.52	101.12	101.93	65842	12947967	0
2018.06.21	102.08	102.46	100.88	101.12	56593	9919811	0
2018.06.22	100.43	100.78	99.62	100.30	62159	11999028	0
2018.06.25	99.98	100.10	97.30	98.39	92810	16447476	0
2018.06.26	98.84	100.08	98.75	99.07	62362	12084221	0
2018.06.27	99.33	100.02	97.43	97.54	68262	12563353	0
2018.06.28	97.40	99.11	97.29	98.63	70686	12184024	0
2018.06.29	98.86	99.91	98.60	98.61	50316	9012274	0
2018.07.02	98.10	100.06	98.00	100.02	44520	8147978	0
2018.07.03	100.49	100.63	98.78	98.97	31469	6181574	0
2018.07.05	99.55	99.93	99.03	99.75	45092	8677850	0
2018.07.06	99.97	101.43	99.69	101.17	40531	7646970	0
2018.07.09	101.57	102.24	101.25	101.89	40984	7944287	0
2018.07.10	102.00	102.51	101.86	102.06	45290	8245230	0
2018.07.11	101.16	102.34	101.10	102.01	41145	7700968	0
2018.07.12	102.76	104.42	102.75	104.16	58262	12001417	0
2018.07.13	104.33	105.60	104.09	105.45	61052	12667858	0
2018.07.16	105.40	105.81	104.51	104.90	49659	9628779	0
2018.07.17	104.65	106.51	104.32	105.95	62559	12590709	0
2018.07.18	105.89	106.05	104.71	105.09	71920	14579572	0
2018.07.19	104.93	105.31	103.89	104.67	83683	16615800	0
2018.07.20	108.15	108.20	106.08	106.27	124717	30724838	0
2018.07.23	106.28	108.14	106.13	107.97	76493	14928075	0
2018.07.24	108.47	108.83	107.26	107.64	70760	13306779	0
2018.07.25	107.96	111.08	107.60	110.82	80132	14650094	0
2018.07.26	110.56	111.00	109.50	109.61	72810	14141581	0
2018.07.27	110.18	110.18	106.14	107.66	91993	19370908	0
2018.07.30	107.16	107.54	104.76	105.38	84339	17462057	0
2018.07.31	106.52	106.72	105.38	106.10	64774	11553107	0
2018.08.01	105.81	106.45	105.42	106.30	59702	10434855	0
2018.08.02	105.40	108.10	104.84	107.56	62216	11600895	0
2018.08.03	107.73	108.05	106.82	108.03	41645	7689827	0
2018.08.06	107.91	108.43	107.56	108.14	35231	6695078	0
2018.08.07	108.54	109.10	108.17	108.87	42249	7947373	0
2018.08.08	109.34	109.72	108.76	109.48	36748	7388897	0
2018.08.09	109.84	110.16	109.60	109.67	37492	7101887	0
2018.08.10	109.42	109.70	108.46	109.01	38632	7079599	0
2018.08.13	109.26	109.58	108.10	108.22	43821	8422370	0
2018.08.14	108.60	109.75	108.04	109.57	43698	8428137	0
2018.08.15	108.45	108.99	106.82	107.68	69068	13674158	0
2018.08.16	108.30	108.86	107.30	107.64	52927	9643253	0
2018.08.17	107.37	107.90	106.69	107.56	45255	8306268	0
2018.08.20	107.52	107.90	106.48	106.88	42948	8046175	0
2018.08.21	106.95	107.35	105.86	106.00	49870	10979084	0
2018.08.22	105.88	107.35	105.78	107.07	41664	9150079	0
2018.08.23	106.87	108.19	106.87	107.56	45599	8617190	0
2018.08.24	107.67	108.56	107.60	108.41	41914	7575200	0
2018.08.27	109.27	109.64	108.51	109.60	44126	8413443	0
2018.08.28	109.94	110.50	109.79	110.32	46308	8987107	0
2018.08.29	110.28	112.03	110.28	112.02	49582	9751851	0
2018.08.30	111.89	112.61	111.44	111.96	61081	11450481	0
2018.08.31	111.69	112.78	111.51	112.33	52635	9641819	0
2018.09.04	110.85	111.96	110.22	111.74	54131	10456431	0
2018.09.05	111.14	111.42	108.10	108.51	79561	15447528	0
2018.09.06	108.48	109.00	107.51	108.74	54441	9994411	0
2018.09.07	108.10	108.72	107.23	108.29	48936	8965030	0
2018.09.10	108.85	109.64	108.36	109.44	43786	7827221	0
2018.09.11	108.95	111.59	108.89	111.27	55380	10712173	0
2018.09.12	111.44	111.81	110.51	111.65	41395	8131959	0
2018.09.13	112.13	113.73	112.12	112.91	59971	11757891	0
2018.09.14	113.40	113.73	112.44	113.35	44919	8162169	0
2018.09.17	113.70	113.70	111.86	112.18	44767	8328757	0
2018.09.18	112.07	113.70	111.72	113.22	48751	8906844	0
2018.09.19	113.05	113.32	111.03	111.71	56174	10135858	0
2018.09.20	112.28	113.81	111.93	113.57	60663	10530842	0
2018.09.21	114.01	114.92	113.52	114.82	74886	14154778	0
2018.09.24	113.03	114.87	112.22	114.67	59460	11962524	0
2018.09.25	114.80	115.10	113.75	114.46	44302	8867232	0
2018.09.26	114.50	115.06	113.75	114.13	45867	8020728	0
2018.09.27	114.78	114.91	114.20	114.42	39023	6919039	0
2018.09.28	114.19	114.57	113.68	114.49	40410	7463473	0
2018.10.01	114.74	115.68	114.74	115.59	46073	8529528	0
2018.10.02	115.34	115.84	114.44	115.13	43307	7727959	0
2018.10.03	115.42	116.18	114.94	115.15	42866	7754339	0
2018.10.04	114.68	114.76	111.63	112.83	89680	15917620	0
2018.10.05	112.63	113.17	110.64	112.16	69855	12593348	0
2018.10.08	111.73	112.03	109.34	110.86	70371	12587465	0
2018.10.09	111.09	113.08	110.80	112.26	70163	11629467	0
2018.10.10	111.20	111.30	105.79	106.27	137993	26463592	0
2018.10.11	105.35	108.93	104.20	105.91	156325	26498939	0
2018.10.12	109.01	110.01	107.13	109.54	111710	18351891	0
2018.10.15	108.91	109.48	106.95	107.54	79342	13716414	0
2018.10.16	109.54	111.40	108.95	110.89	75741	13202246	0
2018.10.17	111.69	111.81	109.55	110.70	60836	10739708	0
2018.10.18	110.13	110.53	107.83	108.51	75014	12817656	0
2018.10.19	109.51	110.82	108.23	108.56	66844	11775838	0
2018.10.22	109.45	110.54	108.24	109.63	62684	12016328	0
2018.10.23	107.50	108.97	105.11	108.12	114250	21559862	0
2018.10.24	108.40	108.49	101.59	102.36	144090	28651561	0
2018.10.25	106.57	109.26	106.15	108.56	165134	31431418	0
2018.10.26	105.55	108.74	104.76	106.89	134112	23617343	0
2018.10.29	107.73	107.82	101.63	103.55	113814	21095325	0
2018.10.30	103.32	104.00	100.11	103.86	126362	25464159	0
2018.10.31	107.76	108.11	106.30	106.81	85103	14634247	0
2018.11.01	106.13	106.73	105.00	105.68	63658	11838851	0
2018.11.02	106.02	106.64	104.97	106.17	73771	13744005	0
2018.11.05	106.38	107.74	105.90	107.48	77495	13800226	0
2018.11.06	107.23	108.84	106.28	107.77	65947	11261453	0
2018.11.07	109.44	112.24	109.40	111.96	106674	19012375	0
2018.11.08	111.79	112.21	110.91	111.79	65136	11815484	0
2018.11.09	110.86	111.45	108.77	109.54	76036	13737209	0
2018.11.12	109.39	109.95	106.10	106.93	99310	15857402	0
2018.11.13	107.55	108.74	106.65	106.96	87750	14962331	0
2018.11.14	108.10	108.26	104.47	104.97	104112	17149584	0
2018.11.15	104.96	107.79	103.91	107.28	89306	14705646	0
2018.11.16	107.08	108.87	106.80	108.32	72669	12137031	0
2018.11.19	108.27	108.56	103.55	104.62	107601	20187415	0
2018.11.20	101.76	102.97	99.35	101.72	144873	28038983	0
2018.11.21	103.63	104.42	102.24	103.08	70434	13325626	0
2018.11.23	102.19	103.81	102.00	102.87	32723	6307140	0
2018.11.26	104.77	106.63	104.58	106.47	87592	15432446	0
2018.11.27	106.28	107.33	105.36	107.20	81290	13963128	0
2018.11.28	107.87	111.31	107.87	111.12	126104	23285136	0
2018.11.29	110.33	111.12	109.03	110.19	72491	13607465	0
2018.11.30	110.70	110.98	109.36	110.93	68321	12730065	0
2018.12.03	112.97	113.42	110.73	112.09	86980	16368544	0
2018.12.04	111.81	112.64	108.21	108.52	106256	18565841	0
2018.12.06	105.91	109.23	105.00	109.17	137934	22158728	0
2018.12.07	108.43	109.45	104.30	104.79	118706	20510168	0
2018.12.10	104.82	107.99	103.90	107.54	114624	19513902	0
2018.12.11	109.84	110.92	107.49	108.60	110217	20434355	0
2018.12.12	110.92	111.27	109.07	109.08	82758	15151830	0
2018.12.13	109.55	110.87	108.63	109.41	74258	12801907	0
2018.12.14	108.25	109.26	105.50	106.02	119224	20549714	0
2018.12.17	105.57	105.80	101.71	102.98	126044	22221480	0
2018.12.18	103.77	104.51	102.52	103.93	102966	18936948	0
2018.12.19	103.64	106.85	101.38	103.69	149623	27446166	0
2018.12.20	103.06	104.31	98.78	101.68	159026	30620922	0
2018.12.21	102.38	103.00	97.46	98.17	164789	29290838	0
2018.12.24	97.68	97.97	93.76	93.88	91785	20168160	0
2018.12.26	95.19	100.69	94.67	100.69	109980	21625298	0
2018.12.27	99.30	101.18	96.40	101.18	105555	20664668	0
2018.12.28	102.06	102.40	99.52	100.36	86427	17292896	0
2018.12.31	101.45	102.41	100.48	101.65	63611	12578137	0
2019.01.02	99.55	101.74	98.94	101.13	69247	13277448	0
2019.01.03	100.07	100.19	97.20	97.36	86775	17412858	0
2019.01.04	99.69	102.52	98.93	101.93	95102	18866997	0
2019.01.07	101.63	103.27	100.98	102.06	68153	13727812	0
2019.01.08	103.09	103.97	101.71	102.81	63373	12731857	0
2019.01.09	103.65	104.87	103.24	104.31	69017	13181700	0
2019.01.10	103.22	103.75	102.38	103.65	58901	12379434	0
2019.01.11	102.94	103.44	101.65	102.77	66190	13696072	0
2019.01.14	101.93	102.45	101.26	102.05	54800	11712760	0
2019.01.15	102.59	105.04	101.90	105.01	72504	15266900	0
2019.01.16	105.26	106.26	104.96	105.38	63641	12690344	0
2019.01.17	105.00	106.62	104.76	106.15	59656	12032110	0
2019.01.18	107.45	107.90	105.92	107.71	72685	14734312	0
2019.01.22	106.91	107.09	104.89	105.82	59529	12472854	0
2019.01.23	106.13	107.04	105.34	106.79	56740	11149096	0
2019.01.24	106.96	106.99	105.34	106.18	57532	11063521	0
2019.01.25	107.24	107.88	106.59	107.17	68623	14055879	0
2019.01.28	106.35	106.45	104.66	105.10	70333	14173642	0
2019.01.29	104.88	104.97	102.17	102.95	77427	16399333	0
2019.01.30	104.61	106.38	104.33	106.34	103486	21911916	0
2019.01.31	103.83	105.22	103.18	104.43	127218	28333044	0
2019.02.01	103.71	104.10	102.35	102.82	77508	15585207	0
2019.02.04	103.16	105.80	102.77	105.80	73372	14851757	0
2019.02.05	106.10	107.24	105.96	107.23	57999	12164608	0
2019.02.06	106.95	107.00	105.53	106.09	46500	8929093	0
2019.02.07	105.19	105.59	104.30	105.33	64155	11651372	0
2019.02.08	104.39	105.78	104.26	105.75	45510	9639910	0
2019.02.11	106.06	106.58	104.96	105.23	46315	8340397	0
2019.02.12	106.07	107.14	105.48	106.89	59583	12245443	0
2019.02.13	107.39	107.79	106.71	106.80	45737	8606031	0
2019.02.14	106.35	107.29	105.68	106.87	46855	9212571	0
2019.02.15	107.82	108.29	107.36	108.21	57092	10989077	0
2019.02.19	107.79	108.66	107.79	108.22	40201	8757647	0
2019.02.20	107.87	107.94	106.29	107.17	48399	9224849	0
2019.02.21	106.97	109.48	106.87	109.44	74884	15189188	0
2019.02.22	110.05	111.21	109.82	110.96	64893	13097888	0
2019.02.25	111.76	112.18	111.27	111.58	53517	11225319	0
2019.02.26	111.23	113.23	111.18	112.36	52265	10449452	0
2019.02.27	111.68	112.37	110.88	112.19	45471	10945912	0
2019.02.28	112.04	112.89	111.73	112.05	44872	11958800	0
2019.03.01	112.89	113.02	111.67	112.51	45092	9269711	0
2019.03.04	113.00	113.25	110.80	112.29	59892	11895862	0
2019.03.05	112.25	112.39	111.23	111.68	41272	7403528	0
2019.03.06	111.89	112.66	111.43	111.74	43221	8095617	0
2019.03.07	111.39	111.55	109.87	110.38	51975	9111049	0
2019.03.08	109.16	110.71	108.80	110.52	52193	9443192	0
2019.03.11	112.18	112.95	112.04	112.87	43581	9480921	0
2019.03.12	113.32	113.99	113.32	113.73	44226	10456061	0
2019.03.13	114.21	115.00	114.15	114.73	46289	10952971	0
2019.03.14	114.75	115.20	114.53	114.65	41550	9977479	0
2019.03.15	116.21	117.23	114.59	116.04	65575	15700819	0
2019.03.18	117.02	117.67	116.20	117.64	50254	10341056	0
2019.03.19	117.58	118.05	116.94	117.10	47770	11838749	0
2019.03.20	117.44	118.73	116.97	117.43	48845	9677831	0
2019.03.21	118.33	120.82	118.23	120.05	51435	10400935	0
2019.03.22	118.94	119.07	116.94	117.08	57607	11086115	0
2019.03.25	117.03	118.01	116.78	117.70	48195	8818396	0
2019.03.26	118.00	118.23	116.85	117.85	48730	9290141	0
2019.03.27	117.47	117.61	115.52	116.73	40684	8308562	0
2019.03.28	117.20	117.45	116.13	117.00	36367	6698128	0
2019.03.29	117.84	118.03	116.97	118.00	37584	8305324	0
2019.04.01	118.56	119.11	118.10	119.00	47001	8608211	0
2019.04.02	119.07	119.48	118.52	119.21	38840	7468783	0
2019.04.03	119.99	120.43	119.15	119.97	49262	10331495	0
2019.04.04	120.01	120.23	118.38	119.33	50240	8956091	0
2019.04.05	119.42	120.23	119.37	119.88	37860	7138253	0
2019.04.08	119.85	120.02	118.64	119.91	38843	7308726	0
2019.04.09	118.91	119.54	118.62	119.31	46175	8016541	0
2019.04.10	119.76	120.35	119.54	120.23	39478	6995714	0
2019.04.11	120.58	120.85	119.92	120.33	40511	7057860	0
2019.04.12	120.76	120.98	120.37	120.97	44457	8276553	0
2019.04.15	120.94	121.58	120.57	121.06	37654	7372507	0
2019.04.16	121.64	121.65	120.10	120.78	35379	6991464	0
2019.04.17	121.19	121.84	120.54	121.75	47173	8813448	0
2019.04.18	122.16	123.50	121.30	123.37	59374	12220719	0
2019.04.22	122.62	124.01	122.57	123.76	40277	8212246	0
2019.04.23	124.10	125.52	123.84	125.44	60474	11636487	0
2019.04.24	125.79	125.85	124.53	125.08	66413	13521236	0
2019.04.25	130.06	131.37	128.83	129.08	104689	20432254	0
2019.04.26	129.74	130.52	129.02	129.89	59603	11149618	0
2019.04.29	129.94	130.17	129.35	129.74	41399	8108919	0
2019.04.30	129.83	130.70	129.39	130.59	56304	11093330	0
2019.05.01	130.55	130.65	127.70	127.88	63422	12515074	0
2019.05.02	127.98	128.00	125.52	126.20	78330	14497740	0
2019.05.03	127.31	129.41	127.25	128.89	58539	14122972	0
2019.05.06	126.42	128.56	126.11	128.16	59434	10124891	0
2019.05.07	126.57	127.18	124.22	125.59	89785	15549796	0
2019.05.08	125.47	126.38	124.75	125.45	55861	10569554	0
2019.05.09	124.29	125.78	123.57	125.51	66771	11597234	0
2019.05.10	124.90	127.93	123.82	127.22	67558	12641491	0
2019.05.13	124.14	125.55	123.05	123.31	87858	14734828	0
2019.05.14	123.90	125.87	123.70	124.72	61923	10990882	0
2019.05.15	123.95	126.71	123.70	126.05	57053	10162091	0
2019.05.16	126.73	129.38	126.47	128.97	74281	13542279	0
2019.05.17	128.28	130.46	127.92	128.05	64346	11577416	0
2019.05.20	126.51	127.59	125.76	126.19	51364	9777402	0
2019.05.21	127.45	127.53	126.59	126.90	36662	6293156	0
2019.05.22	126.55	128.23	126.52	127.66	37507	6771343	0
2019.05.23	126.24	126.29	124.74	126.19	55651	9990919	0
2019.05.24	126.93	127.42	125.97	126.23	34926	6457776	0
2019.05.28	126.96	128.00	126.05	126.05	43366	7972699	0
2019.05.29	125.38	125.39	124.04	124.98	51938	9178799	0
2019.05.30	125.26	125.75	124.78	125.73	39979	7462997	0
2019.05.31	124.30	124.61	123.32	123.61	51409	9911609	0
2019.06.03	123.85	124.35	119.05	119.90	91891	16874008	0
2019.06.04	121.29	123.27	120.65	123.20	65044	12451163	0
2019.06.05	124.96	125.86	124.21	125.82	58059	10774842	0
2019.06.06	126.32	127.97	125.60	127.90	49221	9167233	0
2019.06.07	129.20	132.25	128.26	131.41	86820	17206813	0
2019.06.10	132.59	134.08	132.00	132.58	70336	13696715	0
2019.06.11	133.89	134.24	131.28	132.11	57358	10714071	0
2019.06.12	131.40	131.97	130.71	131.48	44896	7875677	0
2019.06.13	131.97	132.67	131.56	132.32	45821	8376829	0
2019.06.14	132.26	133.71	131.64	132.42	42969	7672647	0
2019.06.17	132.60	133.73	132.53	132.89	35029	6328194	0
2019.06.18	134.11	135.23	133.57	135.18	67121	11680909	0
2019.06.19	135.11	135.93	133.82	135.59	50434	9050592	0
2019.06.20	137.45	137.66	135.72	136.89	65346	11850324	0
2019.06.21	136.56	137.72	136.46	136.97	60696	10154076	0
2019.06.24	137.20	138.40	137.02	137.80	46090	8787444	0
2019.06.25	137.25	137.57	132.73	133.44	89979	16418672	0
2019.06.26	134.44	135.74	133.60	133.90	56867	9958936	0
2019.06.27	134.27	134.71	133.51	134.14	41980	7510355	0
2019.06.28	134.57	134.58	133.16	133.93	46119	8519316	0
2019.07.01	136.70	136.70	134.97	135.69	54609	10259678	0
2019.07.02	136.03	136.59	135.34	136.59	37549	6860758	0
2019.07.03	136.80	137.75	136.29	137.46	33830	7104933	0
2019.07.05	135.95	137.33	135.72	137.07	44060	8300317	0
2019.07.08	136.19	137.09	135.37	136.97	40841	7746765	0
2019.07.09	136.04	136.97	135.80	136.43	47832	9096577	0
2019.07.10	137.21	138.59	137.02	137.87	51821	10330345	0
2019.07.11	138.21	139.22	137.87	138.40	56609	11514678	0
2019.07.12	138.86	139.13	138.01	138.90	46237	8684926	0
2019.07.15	139.44	139.54	138.46	138.94	44957	8055263	0
2019.07.16	138.88	139.05	136.52	137.08	65477	12053787	0
2019.07.17	137.72	137.93	136.22	136.23	48732	9419767	0
2019.07.18	135.55	136.45	134.67	136.29	70355	13718766	0
2019.07.19	140.21	140.65	136.50	136.62	110691	24545781	0
2019.07.22	137.40	139.20	137.33	138.43	60250	12616529	0
2019.07.23	139.77	139.99	138.03	139.28	45305	9304950	0
2019.07.24	138.88	140.74	138.85	140.72	45564	8952561	0
2019.07.25	140.43	140.61	139.32	140.19	43863	8628011	0
2019.07.26	140.37	141.68	140.31	141.32	42985	8342098	0
2019.07.29	141.47	141.51	139.37	141.03	39362	7876070	0
2019.07.30	140.11	141.22	139.80	140.37	36121	8011962	0
2019.07.31	140.18	140.33	135.08	136.21	86240	18205975	0
2019.08.01	136.97	140.94	136.94	138.06	106384	20369708	0
2019.08.02	138.06	138.40	135.26	136.89	69552	13478620	0
2019.08.05	133.24	133.93	130.78	132.19	95651	18602224	0
2019.08.06	133.82	135.68	133.22	134.66	72374	13448915	0
2019.08.07	133.80	135.65	131.83	135.28	66309	12915546	0
2019.08.08	136.60	138.99	135.93	138.91	62120	11783207	0
2019.08.09	138.67	139.39	136.46	137.69	52060	10215223	0
2019.08.12	137.07	137.87	135.25	135.81	42232	8086794	0
2019.08.13	135.94	138.80	135.00	138.60	62389	11580474	0
2019.08.14	136.37	136.92	133.67	133.98	64744	12480794	0
2019.08.15	134.13	134.50	132.25	133.69	68055	11923532	0
2019.08.16	134.88	136.44	134.72	136.13	51260	10483851	0
2019.08.19	137.86	138.54	136.88	138.41	56824	11325543	0
2019.08.20	138.20	138.71	137.24	137.24	39111	7871634	0
2019.08.21	138.51	139.49	138.00	138.78	34792	6777382	0
2019.08.22	138.71	139.20	136.29	137.85	44144	8703370	0
2019.08.23	137.03	138.35	132.83	133.41	83201	15447929	0
2019.08.26	135.00	135.55	133.90	135.55	42521	8368863	0
2019.08.27	136.38	136.72	134.66	135.73	42864	8362314	0
2019.08.28	134.91	135.77	133.55	135.55	43296	7563823	0
2019.08.29	137.25	138.43	136.91	138.16	47080	8761094	0
2019.08.30	139.15	139.16	136.27	137.92	46179	8736103	0
2019.09.03	136.51	137.20	135.70	136.12	43232	7567843	0
2019.09.04	137.30	137.68	136.48	137.68	41098	7841562	0
2019.09.05	139.09	140.38	138.76	140.05	57372	10980436	0
2019.09.06	140.01	140.17	138.20	139.14	54325	9493606	0
2019.09.09	139.65	139.75	136.46	137.58	62339	11464898	0
2019.09.10	136.80	136.89	134.52	136.15	74316	13599942	0
2019.09.11	135.90	136.25	135.09	136.15	57104	10548561	0
2019.09.12	137.85	138.42	136.87	137.54	60584	11397725	0
2019.09.13	137.79	138.06	136.57	137.21	50116	8367758	0
2019.09.16	135.82	136.70	135.66	136.26	30418	5677753	0
2019.09.17	136.96	137.52	136.42	137.39	41132	7327009	0
2019.09.18	137.43	138.66	136.53	138.50	51997	9659449	0
2019.09.19	140.30	142.38	140.07	141.09	89561	19293163	0
2019.09.20	141.00	141.65	138.25	139.28	61029	12188863	0
2019.09.23	139.26	139.63	138.44	139.09	38699	7041277	0
2019.09.24	140.35	140.69	136.88	137.40	68082	12337638	0
2019.09.25	137.56	139.96	136.05	139.36	49518	9304970	0
2019.09.26	139.43	140.18	138.44	139.58	38809	6981257	0
2019.09.27	140.11	140.42	136.64	137.75	45128	9672740	0
2019.09.30	138.07	139.22	137.78	139.03	34492	6659486	0
2019.10.01	139.66	140.24	137.00	137.09	46698	9172427	0
2019.10.02	136.26	136.37	133.58	134.65	72480	14178080	0
2019.10.03	134.73	136.75	133.22	136.30	58908	11417347	0
2019.10.04	136.76	138.25	136.42	138.11	47144	10002540	0
2019.10.07	137.22	138.16	137.02	137.04	34733	6667018	0
2019.10.08	137.10	137.76	135.62	135.66	63645	11985178	0
2019.10.09	137.43	138.68	136.97	138.21	48628	9380279	0
2019.10.10	138.47	139.67	138.25	139.13	46678	8561191	0
2019.10.11	140.12	141.00	139.51	139.61	61256	11722604	0
2019.10.14	139.66	140.29	139.52	139.54	31302	6175322	0
2019.10.15	140.06	141.79	139.81	141.57	49374	10331232	0
2019.10.16	140.74	140.99	139.53	140.46	55959	10654547	0
2019.10.17	140.95	141.42	139.03	139.72	55974	11573710	0
2019.10.18	139.78	140.00	136.56	137.34	72567	14988429	0
2019.10.21	138.49	138.50	137.01	138.43	50442	9983253	0
2019.10.22	138.96	140.01	136.28	136.39	71610	15387525	0
2019.10.23	136.70	137.45	135.61	137.27	84490	16648242	0
2019.10.24	139.19	140.42	138.67	139.94	94910	22096838	0
2019.10.25	139.35	141.13	139.20	140.73	60087	12393192	0
2019.10.28	144.33	144.40	143.51	144.17	52428	11841749	0
2019.10.29	143.79	144.00	142.66	142.83	39650	7761756	0
2019.10.30	143.54	144.95	143.20	144.59	36922	7388845	0
2019.10.31	143.99	144.52	143.03	143.54	42632	9043407	0
2019.11.01	143.60	143.76	142.96	143.70	45521	11750811	0
2019.11.04	144.83	145.00	144.17	144.54	40058	8265663	0
2019.11.05	144.99	145.00	143.90	144.46	39712	7835279	0
2019.11.06	144.34	144.52	143.20	144.06	39403	7201045	0
2019.11.07	143.72	144.89	143.67	144.29	39782	7651059	0
2019.11.08	144.00	146.00	143.76	145.97	38208	8089223	0
2019.11.11	145.34	146.42	144.73	146.13	38357	7814859	0
2019.11.12	146.28	147.57	146.06	147.08	40562	8731243	0
2019.11.13	146.84	147.47	146.28	147.32	39111	7969722	0
2019.11.14	147.04	148.42	147.00	148.06	35819	7137364	0
2019.11.15	148.88	149.98	148.28	149.95	43625	9055873	0
2019.11.18	150.06	150.55	148.98	150.34	46001	9778239	0
2019.11.19	150.88	151.33	150.20	150.39	47775	9791529	0
2019.11.20	150.23	150.85	148.46	149.62	53358	10257065	0
2019.11.21	149.46	149.80	148.50	149.49	34607	6457609	0
2019.11.22	150.07	150.30	148.83	149.63	33671	6940162	0
2019.11.25	150.02	151.33	149.92	151.22	40043	8702423	0
2019.11.26	151.37	152.42	151.32	152.00	38696	7566808	0
2019.11.27	152.35	152.49	151.53	152.34	37224	7166518	0
2019.11.29	152.03	152.30	151.28	151.69	20468	4677502	0
2019.12.02	151.80	151.83	148.33	149.56	55335	11416806	0
2019.12.03	147.48	149.43	146.65	149.34	50102	10469271	0
2019.12.04	150.06	150.18	149.20	149.84	38574	8517294	0
2019.12.05	150.08	150.32	149.55	149.94	33212	6962252	0
2019.12.06	151.01	151.87	150.27	151.75	37623	7343528	0
2019.12.09	151.12	152.21	150.91	151.36	33283	6406688	0
2019.12.10	151.15	151.89	150.77	151.17	37424	7119147	0
2019.12.11	151.57	151.86	150.33	151.68	38962	8585853	0
2019.12.12	151.75	153.44	151.02	153.23	50473	10141295	0
2019.12.13	153.12	154.89	152.84	154.55	50063	9685406	0
2019.12.16	155.13	155.90	154.83	155.53	42415	8539607	0
2019.12.17	155.72	155.72	154.47	154.79	42923	8517602	0
2019.12.18	154.32	155.49	154.19	154.37	37543	7765882	0
2019.12.19	154.22	155.77	153.75	155.73	41874	10339831	0
2019.12.20	157.36	157.53	156.29	157.39	51079	10421035	0
2019.12.23	158.00	158.00	157.29	157.41	40000	7335098	0
2019.12.24	157.48	157.71	157.12	157.26	13459	2934072	0
2019.12.26	157.55	158.72	157.40	158.67	23813	4781125	0
2019.12.27	159.38	159.54	158.22	158.96	31551	6563397	0
2019.12.30	158.83	159.02	156.73	157.68	37226	7395957	0
2019.12.31	156.85	157.75	156.45	157.51	32682	6309187	0
2020.01.02	158.65	160.72	158.33	160.71	54309	10406817	0
2020.01.03	158.32	159.95	158.14	158.59	45456	8873375	0
2020.01.06	157.05	159.10	156.51	159.02	39905	8008813	0
2020.01.07	159.32	159.67	157.33	157.61	45422	8979852	0
2020.01.08	158.94	160.78	157.95	160.15	59202	12283359	0
2020.01.09	161.83	162.22	161.04	162.10	44821	9208010	0
2020.01.10	162.74	163.23	161.21	161.32	45974	9194349	0
2020.01.13	161.89	163.32	161.26	163.30	45253	8444203	0
2020.01.14	163.22	163.60	161.72	162.18	51225	9465581	0
2020.01.15	162.60	163.94	162.59	163.29	44398	8696824	0
2020.01.16	164.35	166.25	164.03	166.22	53378	10442952	0
2020.01.17	167.40	167.47	165.43	167.05	58466	11475856	0
2020.01.21	166.65	168.19	166.43	166.49	50051	10688263	0
2020.01.22	167.26	167.49	165.68	165.69	49874	10614545	0
2020.01.23	166.20	166.78	165.27	166.73	38172	7175362	0
2020.01.24	167.46	167.53	164.45	165.03	56711	11782375	0
2020.01.27	161.23	163.37	160.21	162.26	62470	11596911	0
2020.01.28	163.78	165.76	163.07	165.46	49617	10164666	0
2020.01.29	167.88	168.74	165.69	168.18	73909	15191455	0
2020.01.30	174.02	174.03	170.79	172.74	135185	28495677	0
2020.01.31	172.19	172.40	169.60	170.19	84375	16659557	0
2020.02.03	170.55	174.51	170.40	174.38	63969	13469929	0
2020.02.04	177.13	180.64	176.31	180.13	82470	17518760	0
2020.02.05	184.03	184.20	178.41	179.94	90740	19921816	0
2020.02.06	180.97	183.82	180.06	183.64	64687	13630590	0
2020.02.07	182.87	185.63	182.49	183.95	72056	15788408	0
2020.02.10	183.51	188.84	183.25	188.75	80030	17876435	0
2020.02.11	190.53	190.70	183.50	184.44	146089	30778488	0
2020.02.12	185.60	185.84	181.85	184.72	116628	25780286	0
2020.02.13	183.10	186.23	182.87	183.76	89005	19793077	0
2020.02.14	183.19	185.41	182.65	185.32	55105	12151849	0
2020.02.18	185.79	187.70	185.50	187.23	64446	14490467	0
2020.02.19	188.04	188.12	186.47	187.28	51647	11197797	0
2020.02.20	186.98	187.25	181.10	184.33	86560	18635393	0
2020.02.21	183.17	183.50	177.25	178.56	112731	25377903	0
2020.02.24	167.94	174.55	164.00	170.92	163984	33118745	0
2020.02.25	174.19	174.84	167.65	168.05	159227	32944829	0
2020.02.26	169.71	173.26	168.21	170.16	126996	25343040	0
2020.02.27	163.37	167.02	157.99	158.01	227210	43695643	0
2020.02.28	152.42	163.71	152.00	162.11	214304	43215966	0
2020.03.02	164.85	172.84	162.31	172.83	169915	33169065	0
2020.03.03	173.71	175.00	162.26	164.38	170899	35120289	0
2020.03.04	168.48	170.70	165.62	170.54	110407	22044522	0
2020.03.05	166.02	170.87	165.69	166.25	103435	20511412	0
2020.03.06	162.61	163.12	156.01	161.55	161171	33410674	0
2020.03.09	154.29	157.41	150.01	150.12	125865	24631381	0
2020.03.10	157.90	161.19	152.58	160.25	127197	26295557	0
2020.03.11	155.37	156.71	151.16	153.70	105033	21266732	0
2020.03.12	145.42	153.43	137.34	137.40	177264	35912950	0
2020.03.13	146.76	159.00	140.73	154.95	157289	32907662	0
2020.03.16	143.69	149.35	135.00	137.13	175678	36237908	0
2020.03.17	139.00	147.50	138.71	144.45	162900	35396565	0
2020.03.18	143.82	145.65	135.02	141.89	175918	36345410	0
2020.03.19	145.84	150.15	141.16	142.70	161654	34377703	0
2020.03.20	146.12	147.07	135.87	137.36	160286	32682043	0
2020.03.23	137.72	140.01	132.52	135.39	147455	32262485	0
2020.03.24	144.43	149.60	143.00	148.29	149644	35786596	0
2020.03.25	146.07	154.33	145.99	147.19	140135	31541312	0
2020.03.26	152.68	156.66	151.67	155.50	116589	26144225	0
2020.03.27	149.96	154.89	149.00	149.37	94065	22122562	0
2020.03.30	152.44	160.60	150.11	160.30	167661	36271300	0
2020.03.31	159.53	164.78	156.58	157.72	170826	40847799	0
2020.04.01	152.99	157.75	150.82	152.03	140289	31591651	0
2020.04.02	151.86	155.47	150.36	155.26	123712	28034558	0
2020.04.03	155.20	157.37	152.19	153.82	95340	23093661	0
2020.04.06	160.28	166.50	157.59	165.27	136862	31309600	0
2020.04.07	169.65	170.00	163.30	163.49	152431	34622325	0
2020.04.08	165.50	166.67	163.71	165.11	112280	25666133	0
2020.04.09	166.36	167.37	163.33	165.20	125126	26598605	0
2020.04.13	164.35	165.52	162.30	165.52	94281	23938308	0
2020.04.14	169.00	173.75	168.00	173.70	126597	28275421	0
2020.04.15	170.89	173.56	169.24	171.94	100159	22338148	0
2020.04.16	174.30	177.29	172.91	177.07	117757	27115572	0
2020.04.17	179.39	180.00	175.88	178.70	124379	26839298	0
2020.04.20	176.63	178.75	175.00	175.00	90212	20838628	0
2020.04.21	173.41	173.67	166.12	167.68	138341	31181958	0
2020.04.22	171.40	174.00	170.82	173.50	84724	18000767	0
2020.04.23	174.26	175.06	170.91	171.32	83207	18244055	0
2020.04.24	172.05	174.54	170.71	174.50	85231	19590806	0
2020.04.27	176.66	176.90	173.37	174.03	88517	18738832	0
2020.04.28	175.50	175.67	169.39	169.79	87943	18583651	0
2020.04.29	173.22	177.68	171.88	177.22	109870	24643622	0
2020.04.30	180.00	180.41	176.23	179.20	135147	29858694	0
2020.05.01	175.79	178.65	174.02	174.50	92156	22151090	0
2020.05.04	174.49	179.01	173.80	178.84	79535	17410519	0
2020.05.05	180.62	183.66	179.90	180.76	96437	21330228	0
2020.05.06	182.19	184.20	181.63	182.49	82131	19929612	0
2020.05.07	184.20	184.55	182.58	183.61	66992	15125003	0
2020.05.08	184.86	184.98	183.36	184.74	66207	16012410	0
2020.05.11	183.11	187.51	182.85	186.65	64022	14266289	0
2020.05.12	186.89	187.01	182.31	182.33	69733	15827753	0
2020.05.13	182.42	184.05	176.54	179.71	112231	23893750	0
2020.05.14	177.57	180.66	175.68	180.46	92326	20305823	0
2020.05.15	179.11	183.44	177.00	183.40	99329	21160002	0
2020.05.18	185.73	186.20	183.96	184.90	85467	18601168	0
2020.05.19	185.00	186.59	183.49	183.49	63175	14035542	0
2020.05.20	184.81	185.83	183.94	185.66	69603	15408730	0
2020.05.21	185.39	186.67	183.29	183.43	73809	15668224	0
2020.05.22	183.24	184.46	182.54	183.55	55642	11478524	0
2020.05.26	186.34	186.50	181.10	181.65	83629	16789627	0
2020.05.27	180.12	181.99	176.60	181.79	96857	19007015	0
2020.05.28	180.80	184.15	180.38	181.31	80305	15470756	0
2020.05.29	182.74	184.27	180.41	183.21	77780	16656125	0
2020.06.01	182.48	183.00	181.46	182.86	55172	11779400	0
2020.06.02	184.21	185.00	181.35	184.93	67207	14316973	0
2020.06.03	184.83	185.88	183.58	185.33	65377	13423274	0
2020.06.04	184.38	185.84	182.30	182.92	64247	14970113	0
2020.06.05	182.57	187.73	182.01	187.28	93925	19554474	0
2020.06.08	185.79	188.55	184.45	188.38	71937	15962518	0
2020.06.09	188.02	190.70	187.26	189.78	72203	15606677	0
2020.06.10	191.10	198.52	191.01	196.84	111784	24816808	0
2020.06.11	193.26	195.76	186.12	186.23	122542	26954549	0
2020.06.12	190.54	191.72	185.20	187.72	104210	20123484	0
2020.06.15	184.65	190.82	184.01	189.25	71543	14237180	0
2020.06.16	192.90	195.58	191.46	193.67	97909	19212050	0
2020.06.17	195.09	196.33	193.69	194.20	61872	12961678	0
2020.06.18	194.18	196.49	194.00	196.36	55404	11386270	0
2020.06.19	198.29	199.29	194.37	195.03	77838	16583012	0
2020.06.22	195.54	200.73	195.23	200.58	77710	16979087	0
2020.06.23	202.06	203.95	201.42	201.89	72719	16786297	0
2020.06.24	201.79	203.23	196.56	197.83	80884	17703402	0
2020.06.25	197.78	200.60	195.47	200.34	65896	13806567	0
2020.06.26	199.76	199.89	194.88	196.33	93616	20603111	0
2020.06.29	195.77	198.51	193.55	198.50	65596	13207054	0
2020.06.30	197.88	204.38	197.75	203.50	72618	16060511	0
2020.07.01	203.00	206.35	201.77	204.68	81443	15960933	0
2020.07.02	205.69	208.02	205.00	206.21	72521	15115208	0
2020.07.06	208.83	211.13	208.09	210.70	76645	16609117	0
2020.07.07	210.65	214.67	207.99	208.23	81305	17680171	0
2020.07.08	210.07	213.26	208.69	212.84	75086	17992107	0
2020.07.09	216.33	216.39	211.47	214.44	81451	17999893	0
2020.07.10	213.50	214.07	211.08	213.73	68110	14028150	0
2020.07.13	214.47	215.80	206.50	207.10	90608	19199939	0
2020.07.14	206.61	208.85	202.03	208.39	88356	18068785	0
2020.07.15	209.77	211.33	205.03	208.05	77700	15408260	0
2020.07.16	205.32	205.65	202.31	203.93	78318	15427508	0
2020.07.17	204.46	205.04	201.39	202.87	70976	15314027	0
2020.07.20	205.00	212.29	203.01	211.62	92269	19478521	0
2020.07.21	213.79	213.94	208.05	208.75	87905	20411887	0
2020.07.22	209.13	212.30	208.39	211.75	97414	24416394	0
2020.07.23	207.19	210.92	202.21	202.60	172629	37993727	0
2020.07.24	200.42	202.86	197.51	201.31	99027	22097411	0
2020.07.27	201.50	203.97	200.88	203.85	70685	15335733	0
2020.07.28	203.47	204.70	201.74	201.88	54929	12300000	0
2020.07.29	202.49	204.65	202.01	204.05	52138	10500409	0
2020.07.30	200.97	204.46	199.57	203.89	61946	13302626	0
2020.07.31	204.40	205.10	199.01	205.10	117553	26090954	0
2020.08.03	211.55	217.64	210.44	216.56	181973	45058233	0
2020.08.04	214.24	214.77	210.31	213.32	111023	25184814	0
2020.08.05	214.89	215.00	211.57	212.94	68223	14687158	0
2020.08.06	212.39	216.38	211.55	216.35	84441	17952821	0
2020.08.07	214.82	215.71	210.93	212.45	68565	14196432	0
2020.08.10	211.67	211.88	206.35	208.33	84189	18696612	0
2020.08.11	207.16	207.65	203.14	203.33	83586	16829767	0
2020.08.12	205.29	210.27	204.75	209.30	70041	14590837	0
2020.08.13	209.41	211.35	208.15	208.72	59907	12610875	0
2020.08.14	208.71	209.59	207.51	208.88	42053	8766341	0
2020.08.17	209.59	211.19	208.91	210.25	45092	8532493	0
2020.08.18	210.49	212.36	209.23	211.48	49786	9842919	0
2020.08.19	211.64	212.10	209.32	209.74	54812	11394428	0
2020.08.20	209.55	215.00	208.91	214.55	70177	13872003	0
2020.08.21	213.50	216.25	212.88	213.04	70919	14635766	0
2020.08.24	214.81	215.53	212.48	213.71	61735	13064557	0
2020.08.25	213.30	216.55	213.10	216.46	55939	10810517	0
2020.08.26	217.91	222.09	217.36	221.15	88705	19820201	0
2020.08.27	223.05	231.15	219.40	226.59	148794	35364968	0
2020.08.28	228.07	230.64	226.58	228.94	68689	14304569	0
2020.08.31	227.10	228.70	224.33	225.19	65464	13376613	0
2020.09.01	225.51	227.44	224.45	227.32	63663	12761759	0
2020.09.02	227.97	232.86	227.36	231.67	86830	17706760	0
2020.09.03	229.27	229.31	214.96	217.30	130445	26727025	0
2020.09.04	215.55	218.36	205.19	214.15	143724	28632162	0
2020.09.08	206.50	210.04	202.22	202.65	122249	24168770	0
2020.09.09	207.65	214.84	206.70	211.18	105623	21975866	0
2020.09.10	213.40	214.71	204.11	205.35	78780	16271647	0
2020.09.11	207.40	208.63	201.24	204.04	80279	16076908	0
2020.09.14	204.23	209.20	204.03	205.35	71432	14056859	0
2020.09.15	208.42	209.78	206.94	208.84	50318	9753699	0
2020.09.16	210.50	210.65	204.67	204.93	63177	12288045	0
2020.09.17	200.05	204.33	199.97	202.96	82017	15704456	0
2020.09.18	202.80	203.65	196.25	200.29	98314	19452669	0
2020.09.21	196.81	202.71	196.38	202.59	107956	20543159	0
2020.09.22	205.26	208.10	202.07	207.38	84591	16505566	0
2020.09.23	207.90	208.10	200.03	200.78	74266	14333894	0
2020.09.24	200.09	205.57	199.20	203.18	81788	16773656	0
2020.09.25	203.50	209.04	202.54	207.81	74491	14166803	0
2020.09.28	210.79	212.57	208.06	209.61	78396	15378663	0
2020.09.29	209.49	210.07	206.81	207.16	62490	11683678	0
2020.09.30	207.63	211.97	206.54	210.33	71091	14484368	0
2020.10.01	213.49	213.99	211.36	212.46	62797	11683933	0
2020.10.02	208.01	210.99	205.55	206.18	82395	15551755	0
2020.10.05	207.30	210.41	206.98	210.37	50247	10424681	0
2020.10.06	208.83	210.19	204.82	205.79	71672	14277880	0
2020.10.07	207.11	209.99	206.72	209.81	61248	11851788	0
2020.10.08	210.50	211.20	208.32	210.62	56547	11151090	0
2020.10.09	211.23	215.86	211.23	215.82	70259	14165999	0
2020.10.12	218.68	223.85	216.81	221.41	102662	20385380	0
2020.10.13	222.47	225.11	220.43	222.82	75728	14562102	0
2020.10.14	223.00	224.23	219.13	220.91	61263	12413365	0
2020.10.15	217.10	220.35	216.01	219.66	61348	11667080	0
2020.10.16	220.15	222.29	219.32	219.65	58594	11360760	0
2020.10.19	220.36	222.29	213.72	214.24	73005	13886721	0
2020.10.20	215.77	217.37	213.09	214.56	59677	11501974	0
2020.10.21	213.45	216.93	213.12	214.78	57856	11033647	0
2020.10.22	213.96	216.06	211.70	214.84	53172	10510962	0
2020.10.23	215.03	216.25	213.16	216.15	51590	9772774	0
2020.10.26	214.83	214.83	208.10	210.60	83522	18308027	0
2020.10.27	210.73	216.50	210.58	212.86	71577	15928330	0
2020.10.28	204.84	206.64	202.10	203.10	92860	19802110	0
2020.10.29	205.22	207.36	203.00	203.30	54156	11855833	0
2020.10.30	200.92	203.40	199.63	202.90	70575	14509658	0
2020.11.02	204.27	205.27	200.12	202.32	71055	13974208	0
2020.11.03	203.70	208.12	203.12	206.12	65816	12722654	0
2020.11.04	213.90	218.32	212.42	216.31	103426	19757890	0
2020.11.05	221.89	224.11	221.15	223.17	86972	17007979	0
2020.11.06	222.11	224.33	218.03	223.72	63509	12762855	0
2020.11.09	224.22	228.12	217.98	218.38	92390	16576445	0
2020.11.10	214.43	216.50	209.72	211.02	117849	21416512	0
2020.11.11	212.40	218.04	212.20	216.44	66558	12598567	0
2020.11.12	217.27	219.11	214.46	215.47	54930	10493450	0
2020.11.13	216.32	217.41	214.16	216.51	45443	8537999	0
2020.11.16	214.99	217.72	214.47	217.45	52788	10555293	0
2020.11.17	216.34	217.66	214.08	214.47	54165	10698538	0
2020.11.18	213.56	215.17	210.94	210.97	64897	13059786	0
2020.11.19	211.39	212.99	209.93	212.31	55849	10947181	0
2020.11.20	212.19	213.29	210.23	210.34	47339	9035411	0
2020.11.23	210.85	212.29	208.16	210.09	56260	11290124	0
2020.11.24	209.49	214.25	208.86	213.86	72562	14323074	0
2020.11.25	215.29	215.29	212.46	213.75	50835	9887059	0
2020.11.27	214.85	216.27	214.04	215.15	32218	7140150	0
2020.11.30	214.16	214.76	210.84	214.24	65305	13783454	0
2020.12.01	214.51	217.31	213.35	216.21	72278	15035478	0
2020.12.02	214.89	215.44	212.80	215.39	52177	10866925	0
2020.12.03	214.69	216.38	213.65	214.42	53317	11478675	0
2020.12.04	214.18	215.38	213.18	214.40	55687	11329828	0
2020.12.07	214.41	215.54	212.99	214.31	49268	10144997	0
2020.12.08	214.11	216.95	212.89	215.99	50724	10419466	0
2020.12.09	215.22	215.23	211.21	211.53	69033	13647025	0
2020.12.10	211.62	213.07	210.36	210.52	56841	11578063	0
2020.12.11	210.05	213.32	209.11	213.27	59061	13451752	0
2020.12.14	212.95	216.21	212.88	214.19	62955	12499734	0
2020.12.15	215.17	215.42	212.25	214.13	58605	12558273	0
2020.12.16	214.88	220.11	214.72	219.21	83039	16798199	0
2020.12.17	219.79	220.89	217.92	219.42	63250	13603021	0
2020.12.18	218.69	219.69	216.03	218.15	71619	14997011	0
2020.12.21	217.55	224.01	217.28	222.57	81917	18746416	0
2020.12.22	222.57	225.63	222.19	223.97	55670	11534717	0
2020.12.23	223.12	223.56	220.80	221.02	39199	8372835	0
2020.12.24	221.42	223.61	221.21	222.50	30214	6107751	0
2020.12.28	224.45	226.02	223.02	224.96	47250	9462510	0
2020.12.29	226.06	227.18	223.58	224.13	44703	9338228	0
2020.12.30	225.21	225.63	221.47	221.68	48800	9917827	0
2020.12.31	221.70	223.00	219.68	222.45	45865	9237093	0
2021.01.04	222.53	223.00	214.81	217.65	76254	15244351	0
2021.01.05	217.61	218.52	215.78	217.95	49079	9951799	0
2021.01.06	212.22	216.49	211.94	212.22	83201	16114757	0
2021.01.07	214.03	219.34	213.71	218.29	59827	11534267	0
2021.01.08	218.75	220.57	217.03	219.56	53069	10013943	0
2021.01.11	218.55	218.91	216.73	217.50	42161	8175091	0
2021.01.12	216.56	217.10	213.32	214.92	59322	11823049	0
2021.01.13	214.04	216.76	213.90	216.41	47415	8993187	0
2021.01.14	216.07	217.46	212.74	213.02	58635	11954938	0
2021.01.15	213.52	214.51	212.03	212.58	57157	10869722	0
2021.01.19	213.79	216.97	212.63	216.44	57368	11695036	0
2021.01.20	217.88	225.80	217.29	224.18	94629	19470069	0
2021.01.21	224.70	226.30	222.42	224.90	67624	13521060	0
2021.01.22	227.08	230.07	225.81	225.84	71994	15623933	0
2021.01.25	229.23	229.78	224.22	229.52	75656	15689050	0
2021.01.26	231.77	234.18	230.08	232.59	103569	23617469	0
2021.01.27	238.07	240.44	230.14	233.17	163341	35899538	0
2021.01.28	235.56	242.64	235.09	238.93	121028	23336155	0
2021.01.29	235.97	238.02	231.35	231.84	99014	19336374	0
2021.02.01	235.07	242.50	232.43	239.59	77378	16677174	0
2021.02.02	241.17	242.30	238.70	239.48	59806	12108839	0
2021.02.03	239.57	245.10	239.26	242.94	67041	13348978	0
2021.02.04	242.75	243.24	240.37	241.91	59541	11823831	0
2021.02.05	242.23	243.28	240.42	242.20	43784	8657798	0
2021.02.08	243.15	243.68	240.81	242.47	37836	8037888	0
2021.02.09	242.00	244.76	241.38	243.80	41305	8694037	0
2021.02.10	244.98	245.92	240.89	242.88	55341	10680038	0
2021.02.11	244.52	245.15	242.19	244.52	35333	6782831	0
2021.02.12	244.12	245.26	242.73	245.06	36794	6994806	0
2021.02.16	245.07	246.13	242.92	243.71	46280	9362685	0
2021.02.17	241.25	244.30	240.94	244.26	38402	7061590	0
2021.02.18	241.79	243.91	240.86	243.79	39332	7516215	0
2021.02.19	243.80	243.86	240.18	241.03	57557	11328617	0
2021.02.22	237.42	237.93	232.40	234.61	88784	16849386	0
2021.02.23	230.20	234.83	228.73	233.27	79551	13451817	0
2021.02.24	230.03	235.20	229.00	234.54	58621	11644746	0
2021.02.25	232.20	234.59	227.88	228.83	99015	17137751	0
2021.02.26	231.55	235.35	229.54	232.19	70860	12288175	0
2021.03.01	235.90	237.47	233.15	236.94	60536	10529681	0
2021.03.02	236.99	237.30	233.47	233.97	56396	9113521	0
2021.03.03	232.17	233.58	227.28	227.55	85386	14250131	0
2021.03.04	226.85	232.49	224.26	226.93	115390	19069511	0
2021.03.05	229.52	233.27	226.46	231.58	101427	16839579	0
2021.03.08	231.42	233.37	227.14	227.42	87000	13893135	0
2021.03.09	232.88	235.38	231.67	233.68	72852	13210698	0
2021.03.10	237.00	237.00	232.05	232.41	73666	12262968	0
2021.03.11	234.50	239.17	234.36	237.24	72147	11874740	0
2021.03.12	234.01	235.82	233.23	235.82	59643	9465256	0
2021.03.15	232.75	235.20	231.82	234.93	48770	9443668	0
2021.03.16	239.14	240.06	236.92	238.45	59020	11068259	0
2021.03.17	235.85	238.55	233.24	237.20	54708	9890275	0
2021.03.18	232.90	233.59	230.33	231.12	68549	12189808	0
2021.03.19	230.55	231.99	229.91	230.66	50728	11414488	0
2021.03.22	234.26	236.90	234.03	236.05	46667	10136738	0
2021.03.23	239.10	241.05	237.07	237.70	56600	11967426	0
2021.03.24	235.76	237.91	235.00	235.10	46348	7936921	0
2021.03.25	234.26	234.33	231.57	232.43	73035	11501094	0
2021.03.26	233.42	236.70	232.77	236.00	46035	9504627	0
2021.03.29	236.94	236.94	231.89	235.28	52605	8718493	0
2021.03.30	233.44	233.85	231.10	232.26	59525	10333854	0
2021.03.31	232.70	239.10	232.39	235.81	88742	18212853	0
2021.04.01	238.52	242.64	238.05	242.38	80209	15135375	0
2021.04.05	242.79	249.96	242.70	249.00	94676	19053705	0
2021.04.06	247.62	249.40	246.90	247.88	56419	10508567	0
2021.04.07	247.81	250.93	247.19	249.95	54651	10727676	0
2021.04.08	252.85	254.14	252.00	253.33	59633	11216257	0
2021.04.09	252.86	255.99	252.44	255.84	59662	11081414	0
2021.04.12	254.78	257.68	254.62	255.96	63881	11723938	0
2021.04.13	257.25	259.19	256.83	258.49	54133	10644557	0
2021.04.14	257.22	258.83	255.16	255.81	56681	9566876	0
2021.04.15	257.86	259.93	257.75	259.51	56196	10298827	0
2021.04.16	259.43	260.93	257.60	260.60	52288	10159098	0
2021.04.19	260.15	261.48	257.83	258.82	50333	9128118	0
2021.04.20	257.98	260.21	256.84	258.28	44234	8470509	0
2021.04.21	258.93	260.66	257.25	260.61	49041	10234951	0
2021.04.22	260.21	261.78	255.64	257.21	59725	11393355	0
2021.04.23	257.88	261.51	257.27	261.13	48057	8512504	0
2021.04.26	261.65	262.43	260.42	261.59	43390	8251694	0
2021.04.27	261.62	263.19	260.12	262.12	59146	11494508	0
2021.04.28	256.08	256.54	252.95	254.71	119253	23707572	0
2021.04.29	255.50	256.10	249.07	252.45	96371	20543681	0
2021.04.30	249.74	253.08	249.60	252.18	64429	12773389	0
2021.05.03	253.32	254.35	251.12	251.88	44524	8557138	0
2021.05.04	250.89	251.21	245.76	247.93	60574	11866939	0
2021.05.05	248.98	249.50	245.82	246.51	40941	7652878	0
2021.05.06	246.46	249.86	244.69	249.71	57048	11543332	0
2021.05.07	252.15	254.28	251.17	252.45	55152	9691151	0
2021.05.10	250.87	251.73	247.15	247.18	51752	9648042	0
2021.05.11	244.47	246.59	242.57	246.23	69031	12302117	0
2021.05.12	242.19	244.38	238.07	239.03	78656	15258531	0
2021.05.13	241.86	245.60	241.42	242.95	69480	12782931	0
2021.05.14	245.54	249.18	245.49	248.08	54240	9583464	0
2021.05.17	246.60	246.60	243.52	245.19	51528	9338801	0
2021.05.18	246.34	246.40	242.90	243.01	46294	8167041	0
2021.05.19	239.31	243.22	238.60	243.14	51770	8902680	0
2021.05.20	243.85	247.95	243.85	246.49	44893	8102414	0
2021.05.21	247.53	248.33	244.74	245.19	49165	8864743	0
2021.05.24	247.77	251.16	247.51	250.85	48348	8638478	0
2021.05.25	251.65	252.68	250.82	251.82	42533	7043697	0
2021.05.26	251.28	252.95	250.75	251.50	37180	6821273	0
2021.05.27	251.17	251.48	249.25	249.41	41738	7431885	0
2021.05.28	251.24	252.08	249.57	249.80	38734	7601388	0
2021.06.01	251.21	251.29	246.98	247.39	49632	9143446	0
2021.06.02	248.07	249.26	245.85	247.35	49686	8985733	0
2021.06.03	245.23	246.34	243.00	245.70	50234	8915186	0
2021.06.04	247.77	251.65	247.51	250.77	57256	9860180	0
2021.06.07	249.99	254.08	249.81	253.86	54117	10285881	0
2021.06.08	255.31	256.01	252.51	252.55	52645	9731054	0
2021.06.09	254.00	255.53	253.21	253.62	47182	8336976	0
2021.06.10	254.30	257.46	253.64	257.24	62882	12045428	0
2021.06.11	257.90	258.49	256.61	257.88	45619	8655967	0
2021.06.14	257.96	259.89	256.80	259.88	39044	7155125	0
2021.06.15	259.77	259.99	257.68	258.52	40529	7349081	0
2021.06.16	259.40	260.59	254.42	257.49	60859	11174046	0
2021.06.17	256.08	261.75	256.01	260.91	60390	10931977	0
2021.06.18	259.48	262.30	258.75	259.32	60455	10511679	0
2021.06.21	259.97	263.53	257.92	262.63	59445	11185081	0
2021.06.22	262.79	265.79	262.40	265.51	50854	9925764	0
2021.06.23	265.50	266.83	264.43	265.28	42450	8563420	0
2021.06.24	266.01	267.85	265.53	266.61	47081	8729016	0
2021.06.25	266.32	267.23	264.76	265.02	38917	6886200	0
2021.06.28	266.12	268.90	265.91	268.72	43224	7837903	0
2021.06.29	268.88	271.65	267.98	271.43	47546	8461694	0
2021.06.30	270.53	271.36	269.60	270.85	41072	7239386	0
2021.07.01	269.68	271.80	269.59	271.71	37821	6706788	0
2021.07.02	272.77	277.99	272.50	277.66	56605	11091007	0
2021.07.06	278.01	279.37	274.30	277.66	66135	12820367	0
2021.07.07	279.40	280.70	278.10	280.01	55501	10246261	0
2021.07.08	276.74	278.73	274.87	277.64	55248	9312967	0
2021.07.09	275.60	277.99	275.32	277.92	53936	9517814	0
2021.07.12	278.99	279.77	276.58	277.33	39139	6783476	0
2021.07.13	277.59	282.85	277.39	280.99	60638	12283934	0
2021.07.14	282.27	283.66	280.55	282.52	51732	9940011	0
2021.07.15	282.03	282.51	279.84	281.04	51070	9623548	0
2021.07.16	282.31	284.10	279.46	280.75	58894	12291775	0
2021.07.19	279.11	280.38	275.23	277.10	70551	13332675	0
2021.07.20	278.10	280.97	276.26	279.32	46796	9187405	0
2021.07.21	278.80	281.52	278.15	281.38	46066	8373663	0
2021.07.22	283.79	286.42	283.42	286.16	53801	10701338	0
2021.07.23	287.32	289.98	286.57	289.70	57056	11521672	0
2021.07.26	288.94	289.69	286.65	289.05	50362	10602044	0
2021.07.27	289.31	289.58	282.95	287.00	71507	14802847	0
2021.07.28	288.85	290.15	283.83	286.23	87614	17258898	0
2021.07.29	286.05	288.62	286.05	286.48	46122	8365674	0
2021.07.30	285.20	286.66	283.91	284.95	49247	8499648	0
2021.08.02	286.30	286.78	283.74	284.83	38415	6917798	0
2021.08.03	285.51	287.24	284.21	287.10	39832	7442225	0
2021.08.04	286.05	287.59	284.65	286.46	37259	7104380	0
2021.08.05	286.87	289.62	286.10	289.55	33118	6080167	0
2021.08.06	288.16	289.50	287.63	289.47	29790	5505626	0
2021.08.09	289.77	291.56	287.81	288.35	34374	6562725	0
2021.08.10	288.77	289.25	285.21	286.48	35621	6458285	0
2021.08.11	287.18	288.66	285.86	286.98	32355	5783396	0
2021.08.12	286.63	289.97	286.34	289.65	34228	6272107	0
2021.08.13	289.51	292.90	289.30	292.86	36440	6907356	0
2021.08.16	293.14	294.83	290.02	294.64	49579	9743172	0
2021.08.17	292.39	293.40	291.08	293.22	44760	8077372	0
2021.08.18	291.77	294.82	290.27	290.73	43567	8634264	0
2021.08.19	288.86	297.47	288.64	296.83	63749	13282573	0
2021.08.20	299.85	305.84	298.06	304.26	96695	21955232	0
2021.08.23	303.24	305.39	301.88	304.72	53279	10698268	0
2021.08.24	305.01	305.64	302.00	302.64	41583	7944400	0
2021.08.25	304.40	304.55	300.42	302.00	44750	8909323	0
2021.08.26	300.99	302.43	298.97	299.06	37867	8017575	0
2021.08.27	299.13	300.86	296.83	299.70	43742	8714909	0
2021.08.30	301.03	304.23	301.03	303.53	34483	7093887	0
2021.08.31	304.33	304.45	301.62	301.90	35995	7078516	0
2021.09.01	302.80	305.19	301.49	301.85	36834	7120154	0
2021.09.02	302.20	303.37	300.18	301.19	32450	6321628	0
2021.09.03	301.00	302.60	300.26	301.20	28298	5578687	0
2021.09.07	301.07	301.07	298.20	300.17	39824	7291272	0
2021.09.08	299.73	300.58	297.47	300.23	31868	5908894	0
2021.09.09	300.71	302.13	297.00	297.32	44544	8634716	0
2021.09.10	298.42	299.92	295.38	295.73	41805	7513160	0
2021.09.13	297.55	298.54	294.08	297.07	43080	8236018	0
2021.09.14	299.51	301.39	298.10	299.94	45455	8692148	0
2021.09.15	303.23	305.32	301.82	304.84	57968	12338516	0
2021.09.16	303.88	305.31	300.76	305.25	39103	7428421	0
2021.09.17	304.44	304.50	299.53	299.82	51508	9979826	0
2021.09.20	296.33	298.71	289.52	294.32	71965	13796055	0
2021.09.21	295.59	297.53	294.07	294.72	47567	9905732	0
2021.09.22	296.72	300.21	294.52	298.53	53769	10896484	0
2021.09.23	298.96	300.90	297.53	299.54	38094	7418513	0
2021.09.24	298.35	299.78	296.93	299.35	30577	5808818	0
2021.09.27	296.18	296.47	292.94	294.20	49274	9595451	0
2021.09.28	289.89	290.78	282.75	283.52	83857	16678489	0
2021.09.29	285.00	286.77	283.01	284.00	54496	10881609	0
2021.09.30	285.66	287.83	281.67	281.75	60458	12256559	0
2021.10.01	282.05	289.98	281.29	289.10	53540	11090396	0
2021.10.04	287.49	287.75	280.25	283.21	58698	12275089	0
2021.10.05	284.01	290.40	284.01	288.75	46475	10261758	0
2021.10.06	285.89	293.63	285.51	293.11	51825	10350899	0
2021.10.07	295.07	296.64	293.92	294.94	40615	8446026	0
2021.10.08	296.08	296.64	293.76	294.77	32623	6475558	0
2021.10.11	292.99	297.97	292.77	294.20	34766	7079494	0
2021.10.12	295.48	295.48	292.35	292.88	33209	6612999	0
2021.10.13	294.91	297.28	293.49	296.37	40858	7789075	0
2021.10.14	299.10	303.26	297.83	302.76	50208	10253297	0
2021.10.15	302.14	304.45	300.52	304.21	43048	9496612	0
2021.10.18	303.42	307.70	302.69	307.25	49478	9991017	0
2021.10.19	308.22	309.30	307.22	308.28	35295	7327521	0
2021.10.20	309.20	309.70	306.11	307.49	32662	6548289	0
2021.10.21	307.10	311.03	306.36	310.75	36423	7466691	0
2021.10.22	310.40	311.09	307.80	309.17	34000	6490233	0
2021.10.25	309.36	309.40	306.46	308.30	36021	6849919	0
2021.10.26	310.81	312.40	308.60	309.71	55029	10725426	0
2021.10.27	316.05	326.10	316.05	323.26	123871	27109946	0
2021.10.28	324.33	324.86	321.36	324.32	57416	11412465	0
2021.10.29	324.14	331.74	323.94	331.62	69115	14571846	0
2021.11.01	327.32	330.18	326.38	329.80	45292	9164152	0
2021.11.02	331.97	333.45	331.77	333.10	40184	9931242	0
2021.11.03	330.88	334.90	330.75	333.81	32992	6985496	0
2021.11.04	335.89	336.71	334.29	336.31	35339	7496347	0
2021.11.05	337.29	337.57	334.42	336.08	37488	6884034	0
2021.11.08	337.29	337.65	334.44	336.99	40403	7252061	0
2021.11.09	337.02	338.44	334.53	335.91	41127	7580555	0
2021.11.10	334.69	334.69	329.93	330.83	47625	8925078	0
2021.11.11	331.73	333.77	331.00	332.46	31559	5389181	0
2021.11.12	333.81	337.20	333.80	336.73	37493	6856986	0
2021.11.15	337.54	337.93	334.03	336.09	36660	6825480	0
2021.11.16	335.89	340.67	335.51	339.59	43370	8377037	0
2021.11.17	339.21	342.19	338.11	339.15	35595	6922739	0
2021.11.18	338.18	342.45	337.12	341.27	35583	6680438	0
2021.11.19	342.64	345.10	342.20	343.04	41535	8012632	0
2021.11.22	344.62	349.67	339.55	339.89	67120	13460641	0
2021.11.23	336.91	339.45	333.56	337.80	55760	10627665	0
2021.11.24	336.22	338.16	333.91	337.90	36805	6999158	0
2021.11.26	334.66	337.93	328.13	329.53	50117	9349023	0
2021.11.29	334.98	339.03	334.74	336.55	53165	10061743	0
2021.11.30	335.68	337.77	329.00	330.64	60674	12284754	0
2021.12.01	335.13	339.28	329.39	329.98	69273	13008727	0
2021.12.02	330.30	333.47	327.80	329.76	56258	10129168	0
2021.12.03	331.99	332.70	318.03	323.04	79891	15435017	0
2021.12.06	323.95	327.45	319.23	326.61	62136	11641559	0
2021.12.07	331.64	335.80	330.10	334.92	62299	11555284	0
2021.12.08	335.42	335.49	330.80	334.91	48601	8683338	0
2021.12.09	334.68	336.49	332.12	333.11	40284	7170633	0
2021.12.10	334.86	343.00	334.79	342.23	77250	17225516	0
2021.12.13	340.70	343.79	339.08	339.44	50398	9884256	0
2021.12.14	333.19	334.36	324.11	328.49	92452	18370261	0
2021.12.15	328.61	335.19	324.50	334.66	70171	13529183	0
2021.12.16	335.71	336.76	323.05	325.00	75645	13356903	0
2021.12.17	320.86	324.91	317.25	323.66	64902	12304449	0
2021.12.20	320.00	322.81	317.57	320.17	51640	9980953	0
2021.12.21	323.10	327.72	319.80	327.29	49251	9852621	0
2021.12.22	328.01	333.60	325.75	333.26	48377	10181268	0
2021.12.23	332.75	336.40	332.73	334.49	37494	7559287	0
2021.12.27	335.58	342.45	335.43	342.45	42944	7905075	0
2021.12.28	343.15	343.81	340.32	341.27	33435	6214343	0
2021.12.29	341.55	344.30	339.70	341.96	32958	6618010	0
2021.12.30	341.97	343.14	338.82	339.36	34581	6752807	0
2021.12.31	338.67	339.36	335.85	336.33	35338	6501764	0
2022.01.03	335.35	337.80	329.78	334.75	56670	11042998	0
2022.01.04	334.83	334.83	326.12	329.05	69562	13356910	0
2022.01.05	325.75	326.07	315.98	315.98	82134	16416039	0
2022.01.06	313.15	318.69	311.50	313.86	78230	15864500	0
2022.01.07	314.21	316.50	310.09	314.00	58219	12368327	0
2022.01.10	309.49	314.70	304.70	314.32	79182	16538558	0
2022.01.11	313.30	316.61	309.90	314.98	62866	12673404	0
2022.01.12	319.67	323.41	317.09	318.29	65216	13877430	0
2022.01.13	320.49	320.88	304.00	304.80	92125	19651057	0
2022.01.14	304.24	310.82	303.75	310.07	84250	17610590	0
2022.01.18	304.25	309.80	301.77	302.87	76582	15357039	0
2022.01.19	306.31	313.91	302.70	303.30	93778	20633290	0
2022.01.20	309.07	311.65	301.14	301.64	66457	14714056	0
2022.01.21	302.69	304.08	295.61	295.76	105074	21817208	0
2022.01.24	292.20	297.11	276.05	296.72	178434	36667593	0
2022.01.25	291.38	294.99	285.17	288.73	113828	25875850	0
2022.01.26	307.99	308.51	293.03	296.94	195345	43075404	0
2022.01.27	302.62	307.11	297.93	299.84	112710	25163747	0
2022.01.28	300.40	308.44	294.45	308.20	99038	21084949	0
2022.01.31	308.90	312.38	306.37	310.73	89488	18521726	0
2022.02.01	310.48	310.73	305.13	308.55	77948	17421185	0
2022.02.02	309.54	315.12	308.88	313.46	70285	14656501	0
2022.02.03	309.48	311.23	300.12	301.27	80251	16933802	0
2022.02.04	300.12	308.80	299.98	305.80	59796	12657632	0
2022.02.07	306.17	307.84	299.90	300.99	52776	10713506	0
2022.02.08	301.31	305.56	299.95	304.54	54374	11119229	0
2022.02.09	309.91	311.93	307.41	311.21	59316	12684648	0
2022.02.10	303.99	309.12	300.70	302.39	84135	17638123	0
2022.02.11	303.30	304.28	294.26	294.99	77871	16029270	0
2022.02.14	293.82	296.76	291.37	294.98	66097	13683093	0
2022.02.15	299.97	300.80	297.08	300.54	53057	11005971	0
2022.02.16	298.47	300.87	293.68	299.50	56988	11783428	0
2022.02.17	296.24	296.80	290.01	290.79	56809	11885466	0
2022.02.18	293.01	293.86	286.30	287.99	58903	12858753	0
2022.02.22	285.13	291.54	284.50	287.72	67018	13065269	0
2022.02.23	290.18	291.68	280.10	280.28	63363	12612120	0
2022.02.24	272.51	295.16	271.52	294.58	108387	21919554	0
2022.02.25	295.00	297.61	291.65	297.34	63375	12431598	0
2022.02.28	294.44	299.14	293.00	299.12	56635	12652695	0
2022.03.01	296.40	299.96	292.17	294.95	55202	12046195	0
2022.03.02	295.80	301.44	293.70	300.33	58094	11646719	0
2022.03.03	303.13	303.13	294.05	295.94	55618	11027559	0
2022.03.04	294.33	295.66	287.16	289.75	66827	13041813	0
2022.03.07	288.67	289.69	278.57	278.91	84055	17888713	0
2022.03.08	277.80	283.95	270.00	275.74	104699	20703208	0
2022.03.09	283.49	289.60	280.78	288.47	68878	13372734	0
2022.03.10	283.11	286.60	280.59	285.61	56661	11790939	0
2022.03.11	287.96	288.92	279.44	280.07	49114	9820989	0
2022.03.14	284.38	284.95	275.82	277.35	42269	9305419	0
2022.03.15	280.67	287.83	280.56	286.56	50271	10390177	0
2022.03.16	291.85	296.00	283.20	295.20	58478	12105981	0
2022.03.17	292.65	295.61	289.38	293.80	43901	9728002	0
2022.03.18	296.42	301.00	294.63	300.70	43754	11001800	0
2022.03.21	295.93	299.79	294.90	299.60	38198	9325640	0
2022.03.22	302.86	305.00	302.30	303.93	37521	9067066	0
2022.03.23	301.87	303.23	299.25	299.49	31854	7676929	0
2022.03.24	298.78	304.35	298.35	304.15	31147	7081722	0
2022.03.25	303.69	305.20	299.29	303.40	37398	8624155	0
2022.03.28	304.25	310.77	304.25	310.74	58801	11952305	0
2022.03.29	313.68	315.81	309.05	315.41	62179	12217194	0
2022.03.30	313.71	315.95	311.58	313.83	52349	10629110	0
2022.03.31	314.01	315.14	308.06	308.08	51151	10432641	0
2022.04.01	309.46	310.13	305.55	309.42	50386	10586123	0
2022.04.04	310.09	315.11	309.71	315.07	47641	9808902	0
2022.04.05	313.27	314.87	309.87	311.01	44437	9314713	0
2022.04.06	305.19	307.00	296.71	299.44	86159	17942544	0
2022.04.07	296.66	303.66	296.35	301.50	63696	13300788	0
2022.04.08	300.44	301.12	296.29	296.99	48110	9466271	0
2022.04.11	291.77	292.61	285.00	285.27	75639	15522237	0
2022.04.12	289.27	290.74	280.49	282.02	69247	14505585	0
2022.04.13	282.73	288.58	281.30	287.60	49120	9458370	0
2022.04.14	288.08	288.31	279.32	279.85	52926	10700798	0
2022.04.18	278.99	282.46	278.36	280.46	45487	9596506	0
2022.04.19	279.38	286.17	278.41	285.28	45564	8517045	0
2022.04.20	289.38	289.70	285.37	286.31	43225	9065929	0
2022.04.21	288.44	293.30	280.09	280.77	56786	11865501	0
2022.04.22	281.97	283.20	273.42	274.03	55603	10807534	0
2022.04.25	273.29	281.11	270.78	280.76	72698	14352928	0
2022.04.26	277.50	278.36	270.00	270.22	77734	16614488	0
2022.04.27	282.10	290.95	279.17	283.28	158997	32795948	0
2022.04.28	285.19	290.98	281.46	289.72	70621	13527580	0
2022.04.29	288.41	289.88	276.50	277.54	68314	12273715	0
2022.05.02	277.67	284.84	276.22	284.60	74291	14392544	0
2022.05.03	283.96	284.12	280.15	281.86	48634	9823128	0
2022.05.04	282.60	290.86	276.73	290.03	65414	13553444	0
2022.05.05	285.78	286.35	274.34	277.52	87233	16640279	0
2022.05.06	274.82	279.25	271.28	274.73	70124	15088727	0
2022.05.09	270.01	272.36	263.32	264.58	83093	16922296	0
2022.05.10	271.61	273.75	265.07	269.45	78562	15129046	0
2022.05.11	265.81	271.36	259.30	260.67	83151	16047970	0
2022.05.12	257.63	259.86	250.02	255.37	102299	20730368	0
2022.05.13	257.35	263.04	255.35	261.07	73718	14432775	0
2022.05.16	259.99	265.82	255.78	261.54	71606	15097472	0
2022.05.17	266.14	268.33	262.46	266.86	59336	12328109	0
2022.05.18	263.00	263.60	253.00	254.13	57979	11530203	0
2022.05.19	253.89	257.65	251.88	253.13	66185	14141583	0
2022.05.20	257.45	258.54	246.44	252.56	76206	15985420	0
2022.05.23	255.85	261.50	253.44	260.65	71417	14827380	0
2022.05.24	257.87	261.33	253.52	260.01	60886	14415632	0
2022.05.25	258.14	264.58	257.13	262.66	58447	12941260	0
2022.05.26	262.27	267.00	261.43	265.85	50853	10302456	0
2022.05.27	268.51	273.34	267.56	273.31	52053	10462879	0
2022.05.31	272.49	274.78	268.93	271.98	59943	11975082	0
2022.06.01	275.20	277.67	270.04	272.37	53388	11663705	0
2022.06.02	264.43	274.65	261.60	274.62	102186	22472568	0
2022.06.03	270.00	273.45	268.42	270.05	53698	10327073	0
2022.06.06	272.06	274.18	267.22	268.75	41203	8910796	0
2022.06.07	266.57	273.13	266.03	272.44	40688	8280163	0
2022.06.08	271.76	273.00	269.61	270.46	35726	7418643	0
2022.06.09	267.78	272.71	264.66	264.70	48138	9784239	0
2022.06.10	260.58	260.58	252.86	252.90	63871	11898008	0
2022.06.13	245.16	249.03	241.54	242.33	73993	14838357	0
2022.06.14	243.86	245.74	241.52	244.57	51973	10890193	0
2022.06.15	248.30	255.28	246.44	251.76	61460	12104804	0
2022.06.16	246.08	247.42	243.03	245.11	55332	11141865	0
2022.06.17	244.54	250.47	244.04	247.53	64501	12010164	0
2022.06.21	250.26	254.75	249.51	253.73	48750	10163973	0
2022.06.22	251.99	257.17	250.38	253.01	45650	9063882	0
2022.06.23	255.57	259.37	253.63	258.92	48242	9575833	0
2022.06.24	261.81	267.98	261.73	267.88	54000	10958443	0
2022.06.27	268.14	268.30	263.28	264.92	40835	8384113	0
2022.06.28	264.05	266.91	256.32	256.48	49705	10650313	0
2022.06.29	257.59	261.97	255.76	260.25	39392	8505340	0
2022.06.30	256.86	259.52	252.91	256.91	50760	10569937	0
2022.07.01	256.39	259.73	254.61	259.54	42321	8500175	0
2022.07.05	256.16	262.97	254.74	262.97	42117	8790235	0
2022.07.06	263.75	267.99	262.40	266.24	44012	9466591	0
2022.07.07	265.17	269.06	265.04	268.23	41021	8189938	0
2022.07.08	264.63	268.10	263.28	267.66	38328	8380913	0
2022.07.11	265.23	266.53	262.18	264.57	33587	7188361	0
2022.07.12	266.00	266.00	252.04	253.68	75976	16950516	0
2022.07.13	249.90	253.53	248.33	252.67	57395	12185491	0
2022.07.14	250.67	255.14	245.94	254.10	46486	10883556	0
2022.07.15	255.72	260.37	254.77	256.71	53109	10851526	0
2022.07.18	259.68	260.84	253.30	254.32	40757	9331145	0
2022.07.19	257.56	259.73	253.69	259.43	44352	8547393	0
2022.07.20	259.89	264.87	258.91	262.20	45710	9631447	0
2022.07.21	259.85	264.88	257.04	264.88	44301	9079520	0
2022.07.22	265.24	265.41	259.07	260.46	44067	9120724	0
2022.07.25	261.06	261.50	256.85	258.83	38657	8221687	0
2022.07.26	259.78	259.92	249.57	251.75	68948	15276247	0
2022.07.27	261.15	270.00	258.88	268.61	100854	21118270	0
2022.07.28	269.75	277.84	267.87	276.42	78223	16725226	0
2022.07.29	277.66	282.00	276.63	280.74	62105	12767185	0
2022.08.01	277.93	281.28	275.84	278.02	44990	9482992	0
2022.08.02	276.00	277.89	272.38	274.75	47175	9315559	0
2022.08.03	276.94	283.49	276.61	282.47	44545	9139274	0
2022.08.04	281.90	283.79	280.17	283.65	36376	8040232	0
2022.08.05	279.20	283.65	278.68	282.86	34472	6750981	0
2022.08.08	284.15	285.92	279.32	280.34	37563	7754105	0
2022.08.09	279.70	283.08	277.61	282.31	44511	8846593	0
2022.08.10	288.17	289.80	286.94	289.13	47945	9871438	0
2022.08.11	290.88	291.18	286.51	287.13	39911	8608636	0
2022.08.12	288.57	291.90	286.94	291.90	37950	7611923	0
2022.08.15	290.83	294.19	290.11	293.50	32614	6802718	0
2022.08.16	292.03	294.04	290.42	292.70	31878	6717329	0
2022.08.17	289.72	293.34	289.47	291.38	34712	7132569	0
2022.08.18	290.43	291.85	289.08	290.26	29482	6027334	0
2022.08.19	288.90	289.25	285.56	286.15	33221	6476965	0
2022.08.22	282.07	282.44	277.22	277.86	39147	8509533	0
2022.08.23	276.56	278.86	275.41	276.43	29063	6939468	0
2022.08.24	275.78	277.21	275.18	275.86	31323	7043932	0
2022.08.25	277.41	279.03	274.52	279.03	29605	6708613	0
2022.08.26	278.86	280.33	268.02	268.18	39478	7809543	0
2022.08.29	265.88	267.33	263.85	265.26	36527	7502008	0
2022.08.30	266.72	267.05	260.67	262.97	36263	7899514	0
2022.08.31	265.39	267.12	261.33	261.45	35841	7411286	0
2022.09.01	258.87	260.89	255.41	260.38	45882	9943766	0
2022.09.02	261.69	264.74	254.47	256.09	43440	8770639	0
2022.09.06	256.31	257.83	251.94	253.30	39140	8537156	0
2022.09.07	254.70	258.83	253.25	258.05	39821	8596470	0
2022.09.08	257.51	260.44	254.80	258.54	37962	7563030	0
2022.09.09	260.32	265.18	260.29	264.44	42686	8113581	0
2022.09.12	265.78	267.45	265.16	266.68	30416	6357048	0
2022.09.13	258.99	260.40	251.64	251.99	53854	10392504	0
2022.09.14	253.51	254.23	249.88	252.24	42615	9328477	0
2022.09.15	249.76	251.40	244.02	245.33	62336	13150415	0
2022.09.16	244.24	245.28	242.06	244.74	55217	12666609	0
2022.09.19	242.48	245.13	240.85	244.58	51147	12385070	0
2022.09.20	242.05	243.51	239.64	242.45	51962	11909708	0
2022.09.21	244.37	247.66	238.91	238.96	58379	12502501	0
2022.09.22	238.17	243.74	237.57	240.80	63364	14984749	0
2022.09.23	239.51	241.12	235.20	237.96	61648	14764675	0
2022.09.26	237.04	241.45	236.90	237.46	47109	10705856	0
2022.09.27	239.98	241.80	234.50	236.41	52607	12534812	0
2022.09.28	236.73	242.33	234.73	241.03	53749	12208493	0
2022.09.29	239.15	239.95	234.41	237.49	57806	12293189	0
2022.09.30	238.30	240.54	232.77	232.81	59804	13137208	0
2022.10.03	235.50	241.61	234.66	240.66	54661	10948119	0
2022.10.04	245.09	250.32	244.97	248.89	66055	14338598	0
2022.10.05	245.99	250.57	244.11	249.33	40816	9559165	0
2022.10.06	247.97	250.34	246.15	246.85	38550	8297861	0
2022.10.07	241.16	241.32	233.17	234.25	72734	15855302	0
2022.10.10	233.05	234.56	226.75	229.09	59158	14246819	0
2022.10.11	227.60	229.06	224.11	225.46	56061	12850979	0
2022.10.12	225.24	227.86	223.96	225.69	44885	10018298	0
2022.10.13	219.99	236.08	219.15	234.22	86142	18981007	0
2022.10.14	235.69	237.24	228.34	228.58	56911	11792198	0
2022.10.17	235.82	238.96	235.13	237.53	51126	10705585	0
2022.10.18	243.39	243.93	235.37	238.56	53078	11222447	0
2022.10.19	237.22	239.59	234.29	236.53	43173	9039112	0
2022.10.20	235.74	241.31	234.87	236.10	39382	8436526	0
2022.10.21	234.75	242.88	234.50	242.03	45241	8631204	0
2022.10.24	243.76	247.84	241.29	247.33	52325	10481214	0
2022.10.25	247.47	251.00	245.83	250.79	65395	13719992	0
2022.10.26	231.00	238.30	230.11	231.20	215152	45300159	0
2022.10.27	231.13	233.68	225.78	226.81	86207	18453906	0
2022.10.28	226.28	236.60	226.05	235.79	89219	19043673	0
2022.10.31	231.62	234.41	231.21	232.27	36618	8454321	0
2022.11.01	229.81	230.59	227.18	227.58	48477	11421104	0
2022.11.02	226.37	231.30	219.80	220.55	69830	14948612	0
2022.11.03	218.53	218.67	213.99	214.02	62677	14574794	0
2022.11.04	218.57	221.74	215.11	221.00	53025	12453493	0
2022.11.07	221.89	228.41	221.28	227.94	66209	14753160	0
2022.11.08	228.59	231.63	225.85	228.88	59179	12377384	0
2022.11.09	227.36	228.63	224.34	224.52	43198	9716613	0
2022.11.10	235.40	243.33	235.00	242.93	80173	16504795	0
2022.11.11	242.99	247.99	242.32	247.23	65645	13516257	0
2022.11.14	241.99	243.91	239.21	241.60	62455	13801961	0
2022.11.15	245.59	247.00	240.04	242.03	57853	12429136	0
2022.11.16	242.78	243.80	240.42	241.65	44348	9433622	0
2022.11.17	237.78	243.26	237.67	241.70	43881	9483420	0
2022.11.18	243.44	243.74	239.06	241.32	45451	9511748	0
2022.11.21	241.43	244.67	241.19	242.08	49323	12189715	0
2022.11.22	243.70	245.25	240.71	245.08	37225	8722151	0
2022.11.23	245.04	248.27	244.27	247.77	33745	7466196	0
2022.11.25	247.42	248.69	246.76	247.40	17733	4026319	0
2022.11.28	246.07	246.65	240.80	241.74	43722	9750200	0
2022.11.29	241.38	242.78	238.22	240.29	34378	7354460	0
2022.11.30	240.56	255.10	239.86	255.00	69249	14081653	0
2022.12.01	254.13	256.11	250.92	254.71	50625	10290328	0
2022.12.02	249.83	256.06	249.69	255.02	39923	9395847	0
2022.12.05	252.11	253.82	248.06	250.21	43499	9665636	0
2022.12.06	250.82	251.86	243.78	245.10	42352	9552820	0
2022.12.07	244.54	246.16	242.20	244.30	36213	8176963	0
2022.12.08	245.02	248.72	243.09	247.41	46438	10450138	0
2022.12.09	244.75	248.31	244.16	245.42	35825	8091814	0
2022.12.12	247.47	252.54	247.18	252.51	59674	13809578	0
2022.12.13	261.69	263.92	253.13	256.93	72655	16375328	0
2022.12.14	257.19	262.59	254.35	257.22	69216	15256121	0
2022.12.15	253.71	254.20	247.34	248.96	57353	12521470	0
2022.12.16	248.55	249.82	243.55	244.02	68067	15467304	0
2022.12.19	245.00	245.22	238.71	240.45	60983	13608394	0
2022.12.20	239.26	242.91	238.42	241.85	44848	10554033	0
2022.12.21	241.71	245.61	240.11	244.46	46741	11031009	0
2022.12.22	241.38	241.99	233.87	238.28	56917	12704582	0
2022.12.23	235.89	238.87	233.94	238.76	41812	9712077	0
2022.12.27	238.70	238.93	235.83	236.98	37799	7745482	0
2022.12.28	237.23	239.73	234.17	234.49	37969	8353829	0
2022.12.29	235.77	241.92	235.70	240.98	41006	9469082	0
2022.12.30	238.21	239.94	236.67	239.82	38546	9265588	0
2023.01.03	243.11	245.75	237.40	239.57	50107	11168793	0
2023.01.04	232.28	232.88	225.96	229.10	112363	25954847	0
2023.01.05	227.20	227.55	221.76	222.25	84374	20357987	0
2023.01.06	223.00	225.76	219.37	224.88	92727	20592739	0
2023.01.09	226.60	231.24	226.41	227.15	59777	12193021	0
2023.01.10	227.76	231.31	227.33	228.86	49707	11721586	0
2023.01.11	231.27	235.86	231.11	235.82	55346	11294812	0
2023.01.12	235.28	239.90	233.56	238.49	59408	12036934	0
2023.01.13	237.00	239.37	234.95	239.20	45656	9893021	0
2023.01.17	237.87	240.91	237.09	240.37	60287	12411432	0
2023.01.18	241.57	242.38	235.52	235.80	62506	13105952	0
2023.01.19	233.78	235.27	230.68	231.89	57632	11674871	0
2023.01.20	234.86	240.72	234.51	240.15	57078	11730819	0
2023.01.23	241.10	245.17	239.65	242.52	67757	14325568	0
2023.01.24	242.50	243.93	240.44	242.21	67620	15618735	0
2023.01.25	234.50	243.26	230.90	240.60	167082	41594721	0
2023.01.26	243.58	248.24	242.01	248.04	75945	17284192	0
2023.01.27	249.07	249.83	246.83	248.14	51849	11386100	0
2023.01.30	244.50	245.60	242.20	242.77	47782	9903861	0
2023.01.31	243.45	247.95	242.94	247.84	42564	8802271	0
2023.02.01	247.83	255.18	245.47	252.75	59381	11408354	0
2023.02.02	258.82	264.69	257.25	264.61	82833	16068851	0
2023.02.03	259.55	264.20	257.10	258.34	59105	10735368	0
2023.02.06	257.44	258.30	254.78	256.76	43875	9891221	0
2023.02.07	260.53	268.78	260.08	267.57	109909	25935649	0
2023.02.08	273.10	276.76	266.22	266.68	118457	27182082	0
2023.02.09	273.80	273.98	262.81	263.64	78843	17117400	0
2023.02.10	261.54	264.09	260.66	263.10	50423	10893548	0
2023.02.13	267.64	274.60	267.15	271.31	97713	24919299	0
2023.02.14	272.59	274.97	269.28	272.28	73641	17459274	0
2023.02.15	268.32	270.72	266.19	269.32	56313	12128524	0
2023.02.16	264.08	266.73	261.90	262.14	59255	11815443	0
2023.02.17	259.39	260.08	256.00	258.09	58299	12801990	0
2023.02.21	254.48	255.48	251.61	252.68	47503	11356771	0
2023.02.22	254.07	254.33	250.34	251.59	39855	8703738	0
2023.02.23	255.56	256.84	250.48	254.83	54156	12164147	0
2023.02.24	249.96	251.00	248.10	249.21	41549	8246318	0
2023.02.27	252.50	252.80	249.39	250.20	37252	8091623	0
2023.02.28	248.95	251.49	248.73	249.40	31156	7610186	0
2023.03.01	250.75	250.95	245.79	246.39	46305	11436161	0
2023.03.02	246.55	251.39	245.61	251.10	48518	10769864	0
2023.03.03	252.19	255.62	251.41	255.29	46538	9698483	0
2023.03.06	256.43	260.11	255.98	256.94	44879	9322684	0
2023.03.07	256.35	257.69	253.39	254.16	38367	8118485	0
2023.03.08	254.15	254.54	250.82	253.75	34822	7571828	0
2023.03.09	255.94	259.57	251.60	252.28	49690	11351715	0
2023.03.10	251.10	252.79	247.61	248.60	50879	10545144	0
2023.03.13	251.14	257.89	250.92	254.50	52064	10727055	0
2023.03.14	257.98	262.00	257.42	260.62	53668	10227566	0
2023.03.15	262.40	266.46	261.16	265.90	68946	15163751	0
2023.03.16	264.00	276.58	263.28	276.25	99643	20819961	0
2023.03.17	282.25	282.76	276.32	279.46	76417	18410732	0
2023.03.20	271.56	273.83	269.85	272.29	69405	15348287	0
2023.03.21	270.37	273.85	269.52	273.28	50483	11755261	0
2023.03.22	276.96	281.01	271.86	272.75	60413	14838641	0
2023.03.23	277.89	281.05	275.24	277.81	58524	14841783	0
2023.03.24	277.96	280.86	276.72	280.75	46186	11360293	0
2023.03.27	280.50	281.46	275.52	276.38	50281	12849213	0
2023.03.28	275.79	276.08	272.05	275.26	41162	10104782	0
2023.03.29	278.85	281.14	278.41	280.54	46153	10370948	0
2023.03.30	284.20	284.46	281.49	284.09	50889	11504856	0
2023.03.31	283.73	288.80	283.07	288.23	53331	12505696	0
2023.04.03	286.52	288.27	283.95	287.13	53486	12294427	0
2023.04.04	287.18	290.45	285.70	287.24	51522	12666184	0
2023.04.05	285.96	287.14	282.95	284.34	47158	10611777	0
2023.04.06	283.21	292.08	282.03	291.58	62184	14727442	0
2023.04.10	289.13	289.60	284.82	289.39	48173	12606735	0
2023.04.11	285.72	285.98	281.64	282.87	61160	13549427	0
2023.04.12	284.79	287.02	281.96	283.56	56966	13106181	0
2023.04.13	283.59	289.90	283.17	289.87	49613	11125116	0
2023.04.14	286.89	288.48	283.70	286.13	47181	10452282	0
2023.04.17	289.93	291.58	286.28	288.79	47108	11341095	0
2023.04.18	291.61	291.78	287.01	288.28	39161	9112940	0
2023.04.19	285.70	289.05	284.54	288.48	37180	7772992	0
2023.04.20	285.25	289.03	285.08	286.11	43252	9531249	0
2023.04.21	285.08	286.27	283.06	285.79	41942	8724855	0
2023.04.24	282.09	284.95	278.72	281.85	58586	12828000	0
2023.04.25	279.37	281.60	275.37	275.56	73805	16107360	0
2023.04.26	296.70	299.58	292.74	295.35	145697	32061627	0
2023.04.27	295.76	305.17	295.27	304.68	105894	21232388	0
2023.04.28	304.03	308.93	303.31	307.33	74213	16716247	0
2023.05.01	306.79	308.60	305.15	305.55	45385	10978823	0
2023.05.02	307.77	309.18	303.91	305.45	50705	12048917	0
2023.05.03	306.67	308.60	304.09	304.42	48964	10935104	0
2023.05.04	306.46	307.76	303.40	305.51	49129	10465651	0
2023.05.05	305.72	311.91	304.27	310.62	62161	12590823	0
2023.05.08	310.12	310.20	306.09	308.64	46210	10182257	0
2023.05.09	307.89	310.04	306.34	306.94	43948	10527949	0
2023.05.10	308.62	313.00	307.67	312.31	56195	12996851	0
2023.05.11	310.14	311.12	306.26	310.09	57402	12602032	0
2023.05.12	310.55	310.65	306.60	309.02	38472	8864970	0
2023.05.15	309.23	309.91	307.59	309.51	31656	7369913	0
2023.05.16	309.83	313.71	309.83	311.77	50050	11237490	0
2023.05.17	312.29	314.42	310.77	314.01	39191	8982012	0
2023.05.18	314.53	319.04	313.72	318.56	46849	10583287	0
2023.05.19	316.74	318.74	316.38	318.38	39323	9574666	0
2023.05.22	318.34	322.59	318.01	321.24	40115	10309850	0
2023.05.23	320.03	322.72	315.25	315.28	59621	13390311	0
2023.05.24	314.73	316.50	312.61	313.85	43345	9449604	0
2023.05.25	323.24	326.89	320.01	325.96	85613	17910099	0
2023.05.26	323.98	333.40	323.88	332.86	69796	14407846	0
2023.05.30	335.25	335.74	330.53	331.22	59401	12556520	0
2023.05.31	332.35	335.94	327.33	328.72	68605	13986830	0
2023.06.01	326.13	333.53	324.72	332.63	50107	10350694	0
2023.06.02	334.00	337.50	332.58	335.34	51524	10977891	0
2023.06.05	335.26	338.56	334.66	335.95	44063	8992563	0
2023.06.06	335.57	335.57	332.17	333.67	45433	9138720	0
2023.06.07	331.61	334.49	322.50	323.46	84589	17089867	0
2023.06.08	323.94	326.62	323.35	325.21	45119	9377695	0
2023.06.09	324.92	329.98	324.41	326.86	47152	9213827	0
2023.06.12	328.58	332.10	325.16	331.90	46729	9512395	0
2023.06.13	334.47	336.98	330.39	334.32	43925	8388926	0
2023.06.14	334.05	339.03	332.89	337.35	46671	9451253	0
2023.06.15	337.48	349.84	337.20	348.15	75428	15939831	0
2023.06.16	351.07	351.32	341.95	342.56	58724	11463945	0
2023.06.20	339.31	342.08	335.86	338.10	48750	10294442	0
2023.06.21	336.29	337.73	332.07	333.52	41650	8476549	0
2023.06.22	334.12	340.12	333.35	339.67	47041	10004441	0
2023.06.23	334.42	337.96	333.45	334.99	40514	8103688	0
2023.06.26	333.85	336.11	328.49	328.64	44601	8559079	0
2023.06.27	331.92	336.15	329.30	334.54	44732	8861501	0
2023.06.28	334.66	337.98	333.83	335.89	38893	8089022	0
2023.06.29	334.70	336.11	332.62	335.03	32349	6538573	0
2023.06.30	337.69	342.72	337.20	340.37	45308	8831668	0
2023.07.03	339.20	340.91	336.57	337.92	25468	5257149	0
2023.07.05	335.13	341.65	334.73	338.16	36945	6778973	0
2023.07.06	337.37	342.99	335.51	341.28	61789	12746579	0
2023.07.07	339.34	341.79	337.01	337.24	39261	8527214	0
2023.07.10	334.59	335.23	327.59	331.86	71484	14230771	0
2023.07.11	331.06	332.86	327.00	332.47	54656	12660567	0
2023.07.12	336.60	341.65	335.67	337.41	56593	12516860	0
2023.07.13	339.56	343.74	339.02	342.67	44200	8828255	0
2023.07.14	347.59	351.44	344.31	345.37	60595	12933045	0
2023.07.17	345.71	346.99	342.20	345.74	42156	7875340	0
2023.07.18	346.02	366.78	342.17	359.53	155456	34534249	0
2023.07.19	361.75	362.46	352.43	355.01	86121	16696926	0
2023.07.20	353.58	357.44	345.37	346.88	70622	12873869	0
2023.07.21	349.28	350.30	340.81	343.77	85890	15219723	0
2023.07.24	345.82	346.92	342.31	345.12	54805	10903379	0
2023.07.25	347.17	351.89	345.07	350.95	73775	15095669	0
2023.07.26	341.44	344.67	333.11	337.93	141496	28286754	0
2023.07.27	340.48	341.32	329.05	330.70	92632	18000778	0
2023.07.28	333.67	340.01	333.17	338.35	59398	12655512	0
2023.07.31	336.92	337.70	333.36	335.94	48040	9957893	0
2023.08.01	335.09	338.54	333.71	336.36	39716	7957841	0
2023.08.02	333.44	333.44	326.36	327.51	57048	11147024	0
2023.08.03	326.10	329.88	325.95	326.64	36151	7063892	0
2023.08.04	332.04	335.14	327.24	327.80	53403	9687967	0
2023.08.07	328.37	331.11	327.52	330.11	36706	6600498	0
2023.08.08	327.16	328.75	323.00	326.04	46400	9272044	0
2023.08.09	326.47	327.11	321.05	322.23	42665	7959520	0
2023.08.10	325.99	328.25	321.18	322.95	38320	8096148	0
2023.08.11	320.36	322.39	319.21	321.09	39657	7967353	0
2023.08.14	321.39	324.05	320.08	324.04	34817	7670499	0
2023.08.15	322.86	325.09	320.91	321.89	36450	7605507	0
2023.08.16	320.80	324.40	319.80	320.36	34268	7226503	0
2023.08.17	320.68	321.87	316.21	316.86	38595	8582021	0
2023.08.18	314.49	318.38	311.55	316.53	48172	10042814	0
2023.08.21	317.93	322.77	317.04	321.86	37420	7196059	0
2023.08.22	325.48	326.08	321.46	322.45	32008	5927699	0
2023.08.23	323.82	329.20	323.46	327.01	36909	7079858	0
2023.08.24	332.85	332.95	319.98	319.98	42877	8136823	0
2023.08.25	321.38	325.35	318.80	322.98	37311	7248569	0
2023.08.28	325.66	326.15	321.72	323.68	30286	5586022	0
2023.08.29	321.88	328.98	321.88	328.40	37085	6903045	0
2023.08.30	328.72	329.81	326.44	328.76	29232	5808051	0
2023.08.31	329.20	330.91	326.79	327.80	33736	6538787	0
2023.09.01	331.24	331.98	326.78	328.66	30664	5562744	0
2023.09.05	329.13	334.84	328.66	333.56	35743	6802022	0
2023.09.06	333.39	334.46	330.18	332.89	36757	6387082	0
2023.09.07	331.20	333.08	329.03	329.92	35920	6355197	0
2023.09.08	330.09	336.17	329.48	334.31	40666	7681539	0
2023.09.11	337.41	338.42	335.43	337.96	31912	5963578	0
2023.09.12	335.90	336.79	331.48	331.75	38092	6529947	0
2023.09.13	331.47	336.85	331.17	336.02	32154	5841643	0
2023.09.14	339.00	340.86	336.57	338.68	43507	7467351	0
2023.09.15	336.92	337.40	329.65	330.25	44707	7758373	0
2023.09.18	327.64	330.40	326.36	329.09	35380	6661876	0
2023.09.19	326.00	329.39	324.54	328.65	36804	6694220	0
2023.09.20	329.51	329.59	320.53	320.74	39186	7760090	0
2023.09.21	319.26	325.35	317.02	319.52	75289	15657285	0
2023.09.22	321.32	321.40	316.15	317.01	41101	7513568	0
2023.09.25	316.93	317.67	315.01	317.61	34082	7037960	0
2023.09.26	315.19	315.88	310.06	312.12	52693	10796117	0
2023.09.27	312.30	314.30	309.70	312.83	43778	8598346	0
2023.09.28	310.99	315.49	309.45	313.66	39694	7946883	0
2023.09.29	317.89	319.47	314.98	315.75	43387	7710880	0
2023.10.02	316.31	321.89	315.18	321.81	43746	8221876	0
2023.10.03	320.83	321.39	311.21	313.37	43110	8366278	0
2023.10.04	314.17	320.03	314.00	318.95	40638	7815270	0
2023.10.05	319.24	319.98	314.90	319.39	34465	6786957	0
2023.10.06	316.55	329.19	316.47	327.26	50468	9839813	0
2023.10.09	324.75	330.31	323.18	329.84	40321	8285759	0
2023.10.10	330.80	331.10	327.67	328.39	44264	9255028	0
2023.10.11	331.22	332.82	329.14	332.45	37464	7521326	0
2023.10.12	330.65	333.63	328.73	331.18	43064	8443452	0
2023.10.13	332.41	333.77	326.37	327.67	40938	7559051	0
2023.10.16	331.05	336.01	330.60	332.67	50929	8874114	0
2023.10.17	329.59	333.46	327.43	332.05	39514	7032501	0
2023.10.18	332.49	335.59	328.31	330.16	48652	10268209	0
2023.10.19	332.25	336.89	330.93	331.25	57422	10552546	0
2023.10.20	331.72	331.92	325.47	326.68	50609	8689073	0
2023.10.23	325.51	332.73	324.44	329.18	46985	9510813	0
2023.10.24	331.23	331.84	327.60	330.79	56486	10439103	0
2023.10.25	345.09	346.20	337.62	340.68	124600	24555107	0
2023.10.26	340.54	341.63	326.94	327.90	85483	16297434	0
2023.10.27	330.36	336.72	328.40	329.83	71115	13290975	0
2023.10.30	335.20	338.16	334.02	337.65	33622	7124699	0
2023.10.31	337.23	338.49	334.69	338.11	33905	6044312	0
2023.11.01	345.49	347.37	343.06	346.19	42312	8682699	0
2023.11.02	347.37	348.85	346.39	348.70	35770	7045421	0
2023.11.03	350.52	354.39	349.68	352.75	37314	7000450	0
2023.11.06	353.46	357.54	353.35	356.64	44117	9248483	0
2023.11.07	359.40	362.46	357.63	360.56	47837	10043258	0
2023.11.08	361.71	363.88	360.55	363.17	44614	9564649	0
2023.11.09	362.19	364.79	360.36	360.79	41457	8760693	0
2023.11.10	361.58	370.09	361.09	369.55	49948	10668253	0
2023.11.13	368.13	368.47	365.91	366.65	44068	8935392	0
2023.11.14	371.01	371.95	367.35	370.26	55327	11567546	0
2023.11.15	371.35	373.14	367.11	369.67	50078	10373907	0
2023.11.16	370.95	376.35	370.18	376.20	54038	11804678	0
2023.11.17	373.76	374.37	367.00	369.92	76868	15435197	0
2023.11.20	371.01	378.87	371.01	377.61	95417	21035037	0
2023.11.21	375.69	376.22	371.12	373.08	60820	11997216	0
2023.11.22	377.99	379.79	374.96	377.91	52636	10648905	0
2023.11.24	377.23	377.98	375.13	377.47	20785	4093161	0
2023.11.27	376.80	380.65	376.20	378.61	42661	8254621	0
2023.11.28	378.35	383.00	378.16	382.70	48512	9327338	0
2023.11.29	383.75	384.25	377.44	378.89	59508	11836521	0
2023.11.30	378.50	380.06	375.47	378.92	47077	8415829	0
2023.12.01	377.25	378.16	371.31	374.49	71733	13282293	0
2023.12.04	369.10	369.52	362.90	369.26	68498	13615332	0
2023.12.05	366.33	373.08	365.62	372.58	49805	9915238	0
2023.12.06	373.49	374.18	368.08	368.81	44385	8946886	0
2023.12.07	368.20	371.45	366.32	370.85	47461	8825260	0
2023.12.08	368.94	374.44	368.28	374.25	40067	8027877	0
2023.12.11	368.48	371.60	366.10	371.32	58328	10661344	0
2023.12.12	370.79	374.36	370.46	374.34	49133	9231135	0
2023.12.13	376.11	377.64	370.78	374.25	55561	11113392	0
2023.12.14	373.31	373.76	364.13	366.04	94508	18587326	0
2023.12.15	366.85	372.36	366.32	368.77	62479	11867878	0
2023.12.18	369.65	373.00	368.68	372.59	43352	7951163	0
2023.12.19	371.50	373.25	369.85	373.25	40999	7553996	0
2023.12.20	375.00	376.03	370.54	370.58	53469	9891880	0
2023.12.21	372.56	374.41	370.04	373.50	35327	7169153	0
2023.12.22	373.68	375.18	372.71	374.61	30181	5879255	0
2023.12.26	375.00	376.94	373.50	374.70	28250	5609989	0
2023.12.27	373.70	375.06	372.82	374.07	28978	5607440	0
2023.12.28	375.32	376.46	374.16	375.31	30082	5802018	0
2023.12.29	376.00	377.16	373.48	375.91	35561	6891321	0
2024.01.02	373.69	375.90	366.77	370.85	46876	8447808	0
2024.01.03	368.99	373.26	368.54	370.64	40301	7438491	0
2024.01.04	370.67	373.10	367.17	367.95	38441	7803466	0
2024.01.05	368.97	372.06	366.50	367.70	37582	7688821	0
2024.01.08	369.30	375.20	369.01	374.60	43240	8652099	0
2024.01.09	372.03	375.99	371.19	375.78	41314	7595169	0
2024.01.10	376.49	384.17	376.32	382.76	55337	10952349	0
2024.01.11	385.90	390.68	380.38	384.62	63068	12426942	0
2024.01.12	385.44	388.68	384.65	388.41	43318	9126755	0
2024.01.16	393.66	394.03	387.62	390.27	53638	10473031	0
2024.01.17	387.75	390.11	384.81	389.40	45301	8116662	0
2024.01.18	391.72	393.99	390.12	393.83	46929	8517691	0
2024.01.19	395.76	398.62	393.50	398.62	51556	9712168	0
2024.01.22	399.91	400.62	393.59	396.51	50858	9008635	0
2024.01.23	395.75	399.36	393.93	398.90	36490	6751687	0
2024.01.24	401.61	405.62	400.45	402.57	48272	9230084	0
2024.01.25	404.32	407.00	402.53	405.07	44955	8530214	0
2024.01.26	404.37	406.17	402.43	403.91	36913	6643705	0
2024.01.29	405.98	409.98	404.33	409.72	49850	9516297	0
2024.01.30	412.26	413.04	406.45	408.60	63377	12255065	0
2024.01.31	406.96	415.32	397.31	397.49	114249	22431206	0
2024.02.01	401.99	407.98	401.82	403.84	66266	13970687	0
2024.02.02	403.93	412.64	403.56	411.13	60613	11503245	0
2024.02.05	409.65	411.16	403.99	405.58	48575	9234515	0
2024.02.06	405.87	407.97	402.91	405.52	40930	8198681	0
2024.02.07	407.51	414.30	407.40	414.10	40221	7987324	0
2024.02.08	413.99	415.57	412.53	414.15	33170	6373248	0
2024.02.09	415.44	420.82	415.09	420.59	44974	8295560	0
2024.02.12	420.46	420.68	414.75	415.26	38705	7236776	0
2024.02.13	404.85	410.08	403.39	406.55	56723	9813653	0
2024.02.14	408.07	409.84	404.57	409.23	45856	8180876	0
2024.02.15	408.14	409.13	404.29	406.61	50534	8604143	0
2024.02.16	407.87	408.29	403.53	404.05	40470	6752407	0
2024.02.20	403.33	404.45	398.01	402.89	41372	7491914	0
2024.02.21	400.00	402.27	397.22	402.18	34498	6168433	0
2024.02.22	410.18	412.80	408.57	411.61	52738	9014106	0
2024.02.23	415.67	415.86	408.98	410.32	32346	5870451	0
2024.02.26	411.40	412.16	407.36	407.48	31372	5287716	0
2024.02.27	407.99	408.32	403.85	407.55	32702	5655920	0
2024.02.28	408.18	409.31	405.32	407.74	27462	5023163	0
2024.02.29	408.77	414.19	405.92	413.35	40651	7589879	0
2024.03.01	411.21	415.86	410.93	415.56	39630	6737769	0
2024.03.04	413.45	417.35	412.32	414.89	36635	6266969	0
2024.03.05	414.09	414.25	400.64	402.85	59663	10892975	0
2024.03.06	402.93	405.16	398.39	402.29	52084	9886762	0
2024.03.07	406.12	409.77	402.25	409.02	36289	6725008	0
2024.03.08	407.83	410.42	404.34	406.17	34307	6176366	0
2024.03.11	402.85	405.66	402.09	404.88	24055	4590846	0
2024.03.12	413.25	415.56	411.77	415.30	31242	6722657	0
2024.03.13	412.75	416.63	412.68	415.10	23303	4255199	0
2024.03.14	426.10	427.81	422.63	426.47	47796	10262499	0
2024.03.15	417.59	419.29	412.79	415.40	36078	8459981	0
2024.03.18	419.83	420.28	416.50	416.50	25285	4573212	0
2024.03.19	418.71	421.67	418.62	420.53	25897	5998976	0
2024.03.20	422.13	426.86	420.66	426.52	27755	6071720	0
2024.03.21	428.01	430.54	427.17	429.44	27024	5847277	0
2024.03.22	427.91	429.86	426.07	428.56	21359	4184538	0
2024.03.25	424.37	425.32	422.32	422.86	22756	4185580	0
2024.03.26	424.42	425.07	421.33	421.83	20843	5018498	0
2024.03.27	420.77	422.04	419.01	421.81	20936	4537951	0
2024.03.28	420.62	421.87	419.67	420.26	21818	6302115	0
2024.04.01	423.95	427.89	422.22	424.62	30347	5809795	0
2024.04.02	420.17	422.38	417.85	421.47	29872	5315562	0
2024.04.03	419.97	423.26	419.08	420.49	32038	5832356	0
2024.04.04	424.97	428.68	417.59	417.86	30836	6094857	0
2024.04.05	419.76	426.50	418.32	425.36	28036	4985208	0
2024.04.08	425.17	427.28	423.30	424.66	26444	4737889	0
2024.04.09	426.44	427.74	421.63	426.33	22662	4076947	0
2024.04.10	422.21	424.03	419.71	423.13	30180	5626256	0
2024.04.11	425.81	429.38	422.36	427.87	34422	6392735	0
2024.04.12	424.05	425.18	419.77	422.12	35180	6342713	0
2024.04.15	426.60	426.82	413.43	413.66	36012	7026732	0
2024.04.16	414.57	418.37	413.73	414.50	27004	5322370	0
2024.04.17	417.25	418.88	410.34	411.73	29704	5495317	0
2024.04.18	410.49	411.88	404.04	404.15	33590	6380222	0
2024.04.19	404.11	405.41	397.77	399.09	43035	7379623	0
2024.04.22	400.08	402.85	395.75	400.96	35392	6600733	0
2024.04.23	404.23	408.20	403.06	407.48	29289	4847967	0
2024.04.24	409.56	412.47	406.78	408.86	25994	4698378	0
2024.04.25	394.22	399.89	388.03	399.52	84779	15920208	0
2024.04.26	412.10	413.00	405.76	406.38	66924	12313549	0
2024.04.29	405.74	406.28	399.19	402.21	40274	7705776	0
2024.04.30	401.50	402.15	389.19	389.30	47457	8945783	0
2024.05.01	392.49	401.72	390.31	394.90	46537	8453355	0
2024.05.02	397.56	399.93	394.65	397.92	31361	5771792	0
2024.05.03	402.56	407.04	401.86	406.84	33210	6063499	0
2024.05.06	408.65	413.93	406.37	413.64	30875	5392375	0
2024.05.07	414.94	414.94	409.09	409.18	30162	5813919	0
2024.05.08	408.17	412.23	406.71	410.48	19515	3800849	0
2024.05.09	410.35	412.73	409.10	412.32	22007	3985177	0
2024.05.10	413.06	415.38	411.80	414.71	23972	4160014	0
2024.05.13	418.01	418.35	410.82	413.80	25069	4826529	0
2024.05.14	412.02	417.49	411.55	416.42	23666	4717514	0
2024.05.15	417.95	423.81	417.28	423.15	30109	5648164	0
2024.05.16	421.80	425.43	420.35	420.94	29189	5288038	0
2024.05.17	422.55	422.60	418.03	420.35	21863	3946472	0
2024.05.20	420.36	426.77	419.99	425.41	27222	5126036	0
2024.05.21	426.99	432.97	424.85	429.06	38090	8275323	0
2024.05.22	430.08	432.41	427.15	430.52	28031	5301740	0
2024.05.23	432.97	433.60	425.42	427.15	26736	5348308	0
2024.05.24	427.23	431.04	424.41	430.14	20137	3946480	0
2024.05.28	429.82	430.82	426.63	430.30	27598	5232352	0
2024.05.29	425.89	430.94	425.69	429.38	27887	4876455	0
2024.05.30	424.24	424.30	414.25	414.63	57262	10339157	0
2024.05.31	416.56	416.64	404.60	415.31	58698	11738437	0
2024.06.03	415.53	416.43	408.92	413.65	32641	6387774	0
2024.06.04	412.43	416.44	409.67	416.07	22259	4578877	0
2024.06.05	417.87	424.07	416.30	424.04	30379	5838234	0
2024.06.06	424.02	425.27	420.58	424.49	23448	4334063	0
2024.06.07	426.20	426.28	423.05	423.82	22351	4266959	0
2024.06.10	424.67	428.04	423.89	427.87	22347	4326175	0
2024.06.11	425.48	432.78	425.28	432.65	23603	4509911	0
2024.06.12	435.32	443.40	433.26	441.05	41880	7535445	0
2024.06.13	440.85	443.39	439.37	441.40	28201	5345976	0
2024.06.14	438.05	443.14	436.72	442.59	22057	4361770	0
2024.06.17	442.59	450.94	440.72	448.39	33462	7140200	0
2024.06.18	449.72	450.00	444.90	446.42	26757	5825443	0
2024.06.20	446.30	446.53	441.27	445.81	36092	7130686	0
2024.06.21	447.39	450.55	446.51	450.06	29856	5666176	0
2024.06.24	450.05	452.75	446.41	447.78	25445	5062398	0
2024.06.25	448.06	451.42	446.75	450.84	22272	4164071	0
2024.06.26	448.75	453.59	448.19	452.13	23419	4482943	0
2024.06.27	452.02	456.16	451.77	453.03	25621	4936609	0
2024.06.28	453.10	455.38	446.41	446.82	37926	6601096	0
2024.07.01	448.66	457.37	445.66	456.64	36939	6733988	0
2024.07.02	453.18	459.55	453.11	459.39	24927	4603580	0
2024.07.03	458.15	461.01	457.88	460.25	18356	3763036	0
2024.07.05	459.57	468.35	458.96	467.39	27790	5362917	0
2024.07.08	466.69	467.70	464.46	466.29	23682	4301979	0
2024.07.09	467.07	467.33	458.00	459.54	39821	6999280	0
2024.07.10	461.22	466.46	458.85	466.16	31756	5897992	0
2024.07.11	462.66	464.78	451.60	454.73	45969	8033734	0
2024.07.12	454.58	456.34	450.64	453.79	28843	4945309	0
2024.07.15	453.49	457.26	451.43	454.12	23968	4416781	0
2024.07.16	454.22	454.31	446.66	449.49	33158	6218277	0
2024.07.17	442.58	444.85	439.19	443.50	41368	7665417	0
2024.07.18	444.39	444.65	434.40	440.34	47974	8759159	0
2024.07.19	433.10	441.14	432.00	437.15	34956	6342229	0
2024.07.22	441.75	444.58	438.92	442.90	26602	4946394	0
2024.07.23	443.90	448.39	443.10	444.86	21710	4152591	0
2024.07.24	440.45	441.46	427.58	428.95	44592	9286116	0
2024.07.25	428.80	429.80	417.51	418.56	62955	11595046	0
2024.07.26	418.20	428.92	417.27	425.49	39443	8023388	0
2024.07.29	431.58	432.02	424.70	426.80	29672	5232915	0
2024.07.30	427.72	429.05	417.37	422.52	51300	9915938	0
2024.07.31	420.48	421.78	412.21	418.36	86732	16365803	0
2024.08.01	420.79	427.46	413.09	417.12	55445	10710511	0
2024.08.02	412.49	415.00	404.34	408.49	51865	9812746	0
2024.08.05	389.20	401.04	385.58	395.23	73518	12492506	0
2024.08.06	400.00	405.65	398.50	399.43	42113	7704949	0
2024.08.07	408.69	410.09	397.47	398.34	39363	7454644	0
2024.08.08	402.44	405.86	399.94	403.02	33529	6537416	0
2024.08.09	404.03	408.06	402.26	406.02	26801	4754609	0
2024.08.12	407.04	408.75	404.24	406.92	25067	4780818	0
2024.08.13	409.59	414.95	409.58	413.97	31574	5528558	0
2024.08.14	414.89	417.72	412.45	416.65	23507	4374700	0
2024.08.15	419.80	421.11	417.66	421.11	31973	5630512	0
2024.08.16	421.09	421.10	417.30	418.54	24081	4836100	0
2024.08.19	418.96	421.58	416.46	421.58	22403	4066429	0
2024.08.20	421.88	425.86	421.65	424.87	28452	5096220	0
2024.08.21	424.01	426.38	421.72	424.11	22227	4241708	0
2024.08.22	424.36	426.79	414.61	415.62	33645	5982968	0
2024.08.23	416.97	419.26	412.11	416.58	31313	5645459	0
2024.08.26	416.69	417.28	411.34	413.61	22020	3781502	0
2024.08.27	412.86	414.36	410.25	413.83	24378	4226336	0
2024.08.28	415.15	415.15	407.31	410.69	26929	4760220	0
2024.08.29	414.72	422.02	410.60	413.18	32735	6148488	0
2024.08.30	414.91	417.39	412.13	417.15	27596	4904179	0
2024.09.03	417.95	419.85	407.07	409.44	32527	5747815	0
2024.09.04	405.83	411.24	404.37	408.80	31618	5480272	0
2024.09.05	407.62	413.10	406.13	408.35	29214	4880193	0
2024.09.06	409.06	410.65	400.80	401.76	30156	5654355	0
2024.09.09	407.12	408.66	402.15	405.74	27346	5874746	0
2024.09.10	408.18	416.33	407.70	414.21	37195	6691230	0
2024.09.11	415.20	423.95	409.58	422.94	34556	5820365	0
2024.09.12	423.37	427.37	419.77	427.08	33819	5900113	0
2024.09.13	425.79	431.83	425.49	430.57	27089	4825514	0
2024.09.16	430.59	433.53	428.22	431.36	28698	4749574	0
2024.09.17	440.23	441.85	432.30	435.16	40091	7165460	0
2024.09.18	435.28	436.03	430.45	430.77	34846	5869273	0
2024.09.19	441.23	441.51	436.93	438.64	35563	6161044	0
2024.09.20	437.05	439.24	434.22	435.23	32155	5601848	0
2024.09.23	434.29	436.46	430.39	433.37	20266	3558957	0
2024.09.24	433.00	433.35	426.10	429.31	28436	5053755	0
2024.09.25	430.01	433.12	428.60	432.11	24615	4203845	0
2024.09.26	435.00	435.24	429.13	431.32	28282	4707527	0
2024.09.27	431.80	431.83	427.47	428.03	22966	3980079	0
2024.09.30	428.20	430.34	425.37	430.34	24513	3861416	0
2024.10.01	428.45	428.48	418.81	420.73	35787	6014183	0
2024.10.02	422.60	422.88	416.71	417.12	31750	5650524	0
2024.10.03	417.80	419.55	414.30	416.52	27061	5276241	0
2024.10.04	418.29	419.75	415.02	416.06	28935	5257659	0
2024.10.07	416.00	417.12	409.00	409.66	38578	7064932	0
2024.10.08	410.86	415.66	408.17	414.78	34981	7429275	0
2024.10.09	416.00	420.38	414.30	417.46	28421	6313065	0
2024.10.10	415.23	417.35	413.15	415.84	28554	5139869	0
2024.10.11	416.14	417.13	413.26	416.39	26038	4914774	0
2024.10.14	417.68	424.04	417.52	419.13	30984	6298450	0
2024.10.15	422.20	422.48	415.26	418.73	30594	4824245	0
2024.10.16	415.17	416.37	410.48	416.13	27942	5240566	0
2024.10.17	422.38	422.50	415.60	416.72	23218	4045564	0
2024.10.18	417.17	419.65	416.26	418.09	21348	4064067	0
2024.10.21	416.19	418.96	413.75	418.83	26472	4668552	0
2024.10.22	418.46	430.58	418.04	427.47	47828	9069239	0
2024.10.23	431.07	431.08	422.53	424.63	38509	6762438	0
2024.10.24	425.33	425.98	422.40	424.68	22710	3782987	0
2024.10.25	426.76	432.52	426.56	428.31	29518	5062426	0
2024.10.28	429.86	430.84	426.31	426.78	18603	3643558	0
2024.10.29	428.25	435.60	428.08	435.35	22925	4834414	0
2024.10.30	437.85	444.95	419.34	435.50	40797	7875599	0
2024.10.31	407.69	411.22	406.30	408.20	67398	12706398	0
2024.11.01	411.88	415.50	409.75	410.74	30172	5552651	0
2024.11.04	410.00	410.42	405.57	408.66	30063	5488785	0
2024.11.05	408.08	414.90	408.08	411.48	31300	5604058	0
2024.11.06	412.42	420.44	410.60	420.17	47672	8387193	0
2024.11.07	421.12	426.85	419.89	425.68	33537	6074544	0
2024.11.08	425.41	426.50	421.78	422.89	25501	4753672	0
2024.11.11	422.44	424.81	416.00	418.18	35235	6545823	0
2024.11.12	418.25	424.44	417.20	423.00	30521	5421061	0
2024.11.13	421.64	429.33	418.21	425.30	34560	6143912	0
2024.11.14	425.00	428.16	420.00	426.68	47704	7887672	0
2024.11.15	419.57	422.79	413.64	414.81	40904	6811441	0
2024.11.18	414.87	418.40	412.10	415.75	25571	4692344	0
2024.11.19	413.64	417.94	411.55	417.63	27426	4916476	0
2024.11.20	416.87	417.29	410.58	415.37	26350	4622913	0
2024.11.21	419.50	419.77	410.29	412.82	36359	6578506	0
2024.11.22	411.37	417.40	411.13	416.76	29456	5347810	0
2024.11.25	418.38	421.06	414.85	418.79	28714	5330401	0
2024.11.26	419.69	429.04	418.85	427.94	37595	6498803	0
2024.11.27	425.12	427.23	422.02	422.91	28195	4717828	0
2024.11.29	420.05	424.88	417.80	423.05	24118	4019613	0
2024.12.02	421.57	432.78	421.31	430.97	27054	4832234	0
2024.12.03	429.91	432.47	427.74	431.22	27597	4754892	0
2024.12.04	433.08	439.67	432.63	437.32	38218	6594436	0
2024.12.05	437.92	444.67	436.18	442.64	34158	5904442	0
2024.12.06	442.24	446.10	441.78	443.52	28885	4918972	0
2024.12.09	442.71	448.34	440.50	445.91	32099	5414948	0
2024.12.10	444.39	449.63	441.60	443.48	29525	4918549	0
2024.12.11	444.05	450.35	444.05	448.88	25981	4546594	0
2024.12.12	449.11	456.16	449.11	449.47	34650	6055820	0
2024.12.13	448.44	451.44	445.58	447.26	24995	4248716	0
2024.12.16	447.00	452.17	445.28	451.71	33857	5847046	0
2024.12.17	451.01	455.28	449.57	454.65	30440	4792930	0
2024.12.18	451.30	452.65	437.04	437.44	41276	6772164	0
2024.12.19	441.62	443.18	436.35	437.10	32472	5367038	0
2024.12.20	432.67	443.72	428.63	436.97	45475	7591321	0
2024.12.23	436.69	437.65	432.83	435.21	24357	4200079	0
2024.12.24	434.56	439.79	434.19	439.05	11807	2271022	0
2024.12.26	439.17	440.92	436.63	438.09	14467	2459022	0
2024.12.27	435.01	435.22	426.35	430.70	29464	4857462	0
2024.12.30	426.35	427.55	421.90	424.82	22582	3770180	0
2024.12.31	426.26	426.73	420.66	421.30	21448	3587871	0
2025.01.02	425.32	426.07	414.85	418.64	33375	5634353	0
2025.01.03	421.08	424.02	419.56	423.32	28310	4804646	0
2025.01.06	428.05	434.32	425.48	428.07	37934	6321450	0
2025.01.07	429.11	430.65	420.80	422.43	29811	5026990	0
2025.01.08	424.35	426.98	421.54	424.70	25605	4345707	0
2025.01.10	424.63	424.71	415.04	418.91	41190	6419491	0
2025.01.13	415.23	418.50	412.35	417.17	29494	5018190	0
2025.01.14	417.82	419.75	410.72	415.67	34353	5882940	0
2025.01.15	419.13	428.15	418.26	426.26	33906	5593863	0
2025.01.16	428.70	429.45	424.39	424.58	27372	4508122	0
2025.01.17	434.09	434.49	428.21	428.99	32954	5868940	0
2025.01.21	430.20	430.90	425.59	428.64	37873	6031352	0
2025.01.22	437.56	447.09	436.03	446.16	50921	8791817	0
2025.01.23	442.23	446.74	441.50	446.70	27111	4643450	0
2025.01.24	445.35	446.65	441.40	444.05	27611	4854688	0
2025.01.27	424.01	435.19	423.51	434.57	63780	10885951	0
2025.01.28	434.60	448.39	431.38	447.02	48103	8222391	0
2025.01.29	446.69	446.88	440.40	441.74	40195	6510181	0
2025.01.30	418.77	422.86	413.16	414.87	119276	21485504	0
2025.01.31	418.66	420.70	414.94	415.02	67497	12529848	0
2025.02.03	411.68	415.41	408.67	410.93	52903	9143046	0
2025.02.04	412.58	413.92	409.74	412.31	42139	7800925	0
2025.02.05	411.83	413.83	410.44	413.29	29399	5748590	0
2025.02.06	414.51	418.21	414.09	415.91	32096	5641456	0
2025.02.07	416.48	418.65	408.10	409.75	44646	7926904	0
2025.02.10	413.71	415.46	410.93	412.21	28342	5107525	0
2025.02.11	409.65	412.49	409.30	411.51	19453	4020819	0
2025.02.12	407.27	410.75	404.37	408.95	28158	5303412	0
2025.02.13	407.24	411.00	406.36	410.54	31656	5769397	0
2025.02.14	407.60	408.83	405.88	408.33	40417	7768267	0
2025.02.18	408.00	410.60	406.50	409.64	29340	5742799	0
2025.02.19	408.81	415.48	407.65	414.81	45400	8612064	0
2025.02.20	415.53	419.30	412.54	416.12	44268	8447740	0
2025.02.21	417.27	418.05	407.89	408.14	38767	6696071	0
2025.02.24	408.51	409.36	399.32	404.08	54709	9277331	0
2025.02.25	401.15	401.90	396.70	397.91	53284	9709026	0
2025.02.26	397.98	403.60	394.24	399.64	33370	5609750	0
2025.02.27	401.20	405.74	392.26	392.58	38528	6666757	0
2025.02.28	392.66	397.61	386.57	397.14	47067	7955454	0
2025.03.03	398.82	398.82	386.16	388.53	43627	7477220	0
2025.03.04	383.53	392.59	381.00	388.72	60814	10039790	0
2025.03.05	389.39	401.67	388.81	401.10	46748	7800611	0
2025.03.06	394.04	402.15	393.30	397.04	48504	7895853	0
2025.03.07	392.39	394.81	385.54	393.32	47058	7914561	0
2025.03.10	384.86	385.70	377.22	381.07	55611	10027461	0
2025.03.11	382.96	385.96	376.91	379.90	40107	6830653	0
2025.03.12	380.48	385.22	378.95	381.90	39845	6747337	0
2025.03.13	382.51	383.07	377.45	379.10	33686	5889180	0
2025.03.14	381.54	389.79	381.40	387.45	28545	5368717	0
2025.03.17	389.09	392.71	385.57	388.96	27682	4835610	0
2025.03.18	383.91	384.14	381.10	383.20	23635	4133237	0
2025.03.19	387.12	389.69	384.64	387.39	21647	3885464	0
2025.03.20	390.86	391.79	384.62	387.00	27055	4452396	0
2025.03.21	384.86	391.75	382.91	390.52	36412	5956425	0
2025.03.24	391.75	393.76	391.19	392.74	27507	4948485	0
2025.03.25	394.93	396.36	393.35	395.49	21299	3702998	0
2025.03.26	392.94	394.61	388.57	390.34	26241	4218307	0
2025.03.27	390.73	392.24	389.44	390.30	21044	3372075	0
2025.03.28	384.33	390.58	376.93	377.00	36741	5897993	0
2025.03.31	372.67	377.08	367.24	374.87	61604	10276784	0
2025.04.01	374.65	382.85	373.23	382.08	44612	6783782	0
2025.04.02	377.95	385.09	376.62	382.11	34766	5181162	0
2025.04.03	374.60	377.46	369.35	373.13	67116	10367427	0
2025.04.04	364.13	374.60	359.48	359.86	95916	16130752	0
2025.04.07	350.88	371.00	344.79	357.75	117807	17642678	0
2025.04.08	368.26	373.65	350.38	355.13	78853	12163523	0
2025.04.09	353.54	393.23	353.11	390.43	112512	16521836	0
2025.04.10	382.06	383.90	367.82	381.25	88958	13013627	0
2025.04.11	380.51	390.03	378.89	388.11	46872	7335535	0
2025.04.14	393.01	394.64	384.21	388.05	40888	6565203	0
2025.04.15	388.16	391.89	384.16	385.60	42676	6691489	0
2025.04.16	380.66	381.61	368.20	371.61	49747	7888533	0
2025.04.17	373.60	374.33	366.89	367.60	41904	6743125	0
2025.04.21	362.93	364.48	355.67	359.25	43639	7134372	0
2025.04.22	363.27	367.76	359.86	366.74	39783	6537993	0
2025.04.23	375.92	380.39	373.02	374.41	43799	7088030	0
2025.04.24	375.41	388.45	375.19	387.27	39391	6013565	0
2025.04.25	387.00	392.15	384.60	391.62	36903	5518263	0
2025.04.28	392.08	392.75	386.64	391.16	36313	5645796	0
2025.04.29	391.04	395.00	390.38	393.98	26804	4484270	0
2025.04.30	390.21	396.65	384.48	392.40	55442	8622005	0
2025.05.01	431.48	436.99	424.92	425.13	137065	23699459	0
2025.05.02	431.72	439.44	429.99	435.10	72460	11566416	0
2025.05.05	432.87	439.50	432.11	436.02	36726	6125207	0
2025.05.06	432.08	437.73	431.17	433.29	29237	4885735	0
2025.05.07	434.08	438.13	431.11	433.46	35349	5662843	0
2025.05.08	437.93	443.68	435.66	438.26	39409	6597592	0
2025.05.09	440.18	440.58	435.88	438.81	26077	4183379	0
2025.05.12	445.78	449.30	439.78	449.16	46415	7702653	0
2025.05.13	447.85	450.67	445.36	448.97	43754	7629337	0
2025.05.14	448.14	453.90	448.14	452.90	37305	6052638	0
2025.05.15	450.98	456.19	450.43	453.14	40684	6534787	0
2025.05.16	452.05	454.36	448.73	454.27	42351	6539171	0
2025.05.20	455.59	458.34	454.32	458.17	25716	6831790	1
2025.05.22	454.74	460.25	453.91	454.86	34915	7744265	1
2025.05.23	449.76	453.69	448.91	450.18	33019	7619026	1
2025.05.27	456.48	460.20	456.12	459.65	31689	5710624	1
2025.05.28	461.22	462.52	456.94	457.36	30491	7571604	1
2025.05.29	461.51	461.72	455.31	458.68	21321	5722782	1
2025.05.30	459.72	461.68	455.54	460.36	35688	20949400	1
2025.06.02	457.00	462.11	456.89	461.97	26515	6613454	1
2025.06.03	461.47	464.12	460.86	462.97	28752	6482070	1
2025.06.04	464.00	465.64	463.02	463.87	23131	6510891	1
2025.06.05	465.00	469.65	464.03	467.68	34177	9484106	1
2025.06.06	470.31	473.34	468.81	470.38	26256	6516760	1
2025.06.09	469.68	473.43	468.62	472.75	24518	8010984	1
2025.06.10	471.19	472.80	466.96	470.92	31035	7585889	1
2025.06.11	470.12	475.46	469.66	472.62	32471	7370500	1
2025.06.12	475.02	480.40	473.52	478.87	31974	9172019	1
2025.06.13	476.18	479.18	472.80	474.96	30063	7389088	1
2025.06.16	475.27	480.69	475.00	479.14	27361	7488613	1
2025.06.17	475.40	478.74	474.10	478.04	25807	7218595	1
2025.06.18	478.00	481.00	475.20	480.24	29203	8723675	1
2025.06.20	482.10	483.44	476.87	477.40	33970	19566550	1
2025.06.23	477.72	487.75	472.51	486.00	46944	11927468	1
2025.06.24	488.74	491.85	486.80	490.11	41136	9553145	1
2025.06.25	491.61	494.56	489.39	492.27	33504	8193019	1
2025.06.26	492.98	498.03	492.81	497.45	40044	9899734	1
2025.06.27	497.33	499.29	493.03	495.94	37694	16158822	1
2025.06.30	497.41	500.76	495.33	497.41	40763	14131757	1
2025.07.01	496.47	498.05	490.98	492.05	40928	9173759	1
2025.07.02	489.99	493.50	488.70	491.09	34125	7621696	1
2025.07.03	493.50	500.12	493.44	498.84	28195	6738381	1
2025.07.07	497.38	498.75	495.23	497.72	27031	7173419	1
2025.07.08	497.41	498.20	494.11	496.62	22490	6036617	1
2025.07.09	500.11	506.78	499.74	503.51	42443	9067827	1
2025.07.10	503.05	504.44	497.75	501.48	32033	8014815	1
2025.07.11	498.47	505.03	497.83	503.32	28569	8208591	1
2025.07.14	501.52	503.97	501.03	503.02	21894	4747017	1
2025.07.15	503.01	508.30	502.79	505.82	30048	6639412	1
2025.07.16	505.00	506.72	501.89	505.62	29788	7810209	1
2025.07.17	505.68	513.37	505.62	511.70	35221	8039514	1
2025.07.18	514.48	514.64	508.33	510.05	32010	9136475	1
2025.07.21	506.71	512.07	505.59	510.06	27864	6501649	1
2025.07.22	510.95	511.20	505.27	505.27	25790	6042122	1
2025.07.23	506.50	506.75	500.70	505.87	35907	8217593	1
2025.07.24	508.77	513.22	507.30	510.88	32606	8145768	1
2025.07.25	512.47	518.29	510.36	513.71	39617	8500665	1
2025.07.28	514.08	515.00	510.14	512.50	27366	6550300	1
2025.07.29	515.69	517.62	511.56	512.57	33160	8104047	1
2025.07.30	515.56	515.95	509.44	513.24	38213	9791590	1
2025.07.31	555.23	555.45	531.90	533.50	94241	22515818	1
2025.08.01	535.32	535.80	520.86	524.11	61151	12968219	1
2025.08.13	532.19	532.70	519.37	520.58	39342	8951779	1
2025.08.14	522.41	525.95	520.14	522.48	35816	8245651	1
2025.08.15	522.70	526.10	519.09	520.17	35858	11863060	1
2025.08.18	521.70	522.82	514.02	517.10	37332	9707825	1
2025.08.19	515.00	515.16	508.55	509.77	36629	9282486	1
2025.08.20	509.87	510.98	504.44	505.72	43555	10032900	1
2025.08.21	503.69	507.63	502.72	504.24	31632	7826757	1
2025.08.22	504.25	510.73	502.41	507.23	40230	9181682	1
2025.08.25	506.63	508.19	504.12	504.26	30646	7082878	1
2025.08.26	504.36	504.98	498.51	502.04	42393	16505036	1
2025.08.27	502.00	507.29	499.90	506.74	28534	7492276	1
2025.08.28	507.06	510.86	505.50	509.64	27359	7835842	1
2025.08.29	508.80	509.60	504.49	506.69	29399	8139983	1
2025.09.02	500.00	505.92	496.81	505.12	30668	8558282	1
2025.09.03	503.89	507.79	502.32	505.35	28873	8619069	1
2025.09.04	504.35	508.15	503.15	507.97	27503	6833933	1
2025.09.05	509.07	511.94	492.37	495.00	68794	14284974	1
2025.09.08	498.11	501.20	495.03	498.20	33301	7465226	1
2025.09.09	501.39	502.25	497.71	498.41	27496	6257588	1
2025.09.10	502.98	503.23	496.74	500.37	40413	9495793	1
2025.09.11	502.26	503.17	497.88	501.01	36294	9684182	1
2025.09.12	506.51	512.55	503.87	509.90	40329	10306826	1
2025.09.15	508.75	515.47	507.00	515.36	31580	8172773	1
2025.09.16	516.88	517.23	508.60	509.04	30197	8274558	1
2025.09.17	510.64	511.29	505.94	510.02	24451	7591100	1
2025.09.18	511.49	513.07	507.66	508.45	30960	8187139	1
2025.09.19	510.61	519.30	510.32	517.93	48319	29073359	1
2025.09.22	515.11	516.60	512.55	514.45	27655	7662119	1
2025.09.23	513.80	514.56	507.31	509.23	35432	10020510	1
2025.09.24	510.62	512.48	506.92	510.15	22112	6542928	1
2025.09.25	508.00	510.01	505.04	507.03	28646	6980433	1
2025.09.26	509.75	513.94	506.62	511.46	26337	7161529	1
2025.09.29	511.22	516.85	508.88	514.60	27208	9012719	1
2025.09.30	513.00	518.12	509.66	517.95	34867	9869962	1
2025.10.01	514.80	520.51	511.69	519.71	38634	11243924	1
2025.10.02	517.64	521.60	510.68	515.74	41167	10426231	1
2025.10.03	517.10	520.49	515.00	517.35	29097	6598745	1
2025.10.06	518.92	531.00	518.36	528.57	37667	9512972	1
2025.10.07	528.29	529.37	521.47	523.98	29140	7053969	1
2025.10.08	523.10	526.95	523.09	524.85	23146	6879133	1
2025.10.09	522.34	524.33	517.40	522.40	39244	8847977	1
2025.10.10	519.74	523.58	509.63	510.96	41127	11171997	1
2025.10.13	516.41	516.41	511.68	514.05	27198	6815395	1
2025.10.14	509.85	515.28	506.00	513.57	27457	6917788	1
2025.10.15	514.56	517.18	510.00	513.43	27888	7128807	1
2025.10.16	512.73	516.85	508.13	511.61	26365	7355900	1
2025.10.17	509.04	515.48	507.33	513.58	23880	7792641	1
2025.10.20	514.64	518.70	513.44	516.79	23269	7581665	1
2025.10.21	517.76	518.69	513.04	517.66	30543	7392135	1
2025.10.22	521.15	525.22	517.71	520.54	36028	8440999	1
2025.10.23	522.30	523.95	518.63	520.56	22431	6242851	1
2025.10.24	522.49	525.35	520.71	523.61	28320	7370582	1
2025.10.27	531.71	534.58	529.01	531.52	35482	8788570	1
2025.10.28	550.29	553.72	540.77	542.07	53769	12468734	1
2025.10.29	544.94	546.27	536.73	541.55	56201	12341261	1
2025.10.30	530.50	534.97	522.12	525.82	80781	18118458	1
2025.10.31	528.81	529.32	515.10	517.81	68293	15561283	1
2025.11.03	519.81	524.96	514.59	517.03	86297	12133077	1
2025.11.04	511.83	515.55	507.84	514.33	85300	11421944	1
2025.11.05	513.32	514.83	506.58	507.16	95809	13266393	1
2025.11.06	505.36	505.70	495.81	497.10	130301	14789816	1
2025.11.07	496.68	499.38	493.25	496.82	101504	13275192	1
2025.11.10	499.85	506.77	498.80	506.00	81144	11957264	1
2025.11.11	504.80	509.60	502.35	508.68	57728	8077947	1
2025.11.12	509.06	511.57	499.12	511.10	87707	8219040	1
