Date,Close,High,Low,Open,Volume
1986-03-13,0.05970703437924385,0.062372975887618046,0.05437637763180499,0.05437637763180499,1031788800
1986-03-14,0.061839308589696884,0.06290605327241551,0.059707045493797455,0.059707045493797455,308160000
1986-03-17,0.06290598213672638,0.06343904730789754,0.061839238660308486,0.061839238660308486,133171200
1986-03-18,0.06130621209740639,0.06343908725936848,0.0607731465905313,0.06290602175249338,67766400
1986-03-19,0.060240086168050766,0.06183928282365174,0.05970702061618377,0.061306217271784744,47894400
1986-03-20,0.05864088609814644,0.0602400826606359,0.05810782057731662,0.0602400826606359,58435200
1986-03-21,0.05704169347882271,0.059707021267219995,0.05597556236346379,0.05864089015186108,59990400
1986-03-24,0.055442508310079575,0.0570417053149506,0.054909442641789236,0.0570417053149506,65289600
1986-03-25,0.05650864169001579,0.0565086416900158,0.05490944462731772,0.055442510314883744,32083200
1986-03-26,0.05810783803462982,0.05864090371560834,0.055975575310715765,0.05650864099169428,22752000
1986-03-27,0.05917394161224365,0.05917394161224366,0.0581078107508743,0.0581078107508743,16848000
1986-03-31,0.05864088609814644,0.05917395161897626,0.05757475505648681,0.05917395161897626,12873600
1986-04-01,0.05810783803462982,0.05864090371560834,0.05810783803462982,0.05864090371560834,11088000
1986-04-02,0.05864088609814644,0.05970701713980608,0.05810782057731662,0.05810782057731662,27014400
1986-04-03,0.05917394161224365,0.06077313790429769,0.05917394161224366,0.05917394161224366,23040000
1986-04-04,0.05917394161224365,0.059707007042928334,0.05917394161224366,0.05917394161224366,26582400
1986-04-07,0.05810783803462982,0.05970703507756537,0.0570417066726728,0.059173969396586854,16560000
1986-04-08,0.05864088609814644,0.05970701713980608,0.05810782057731662,0.05810782057731662,10252800
1986-04-09,0.05970703437924385,0.060240100053987736,0.058640903029756074,0.058640903029756074,12153600
1986-04-10,0.060240086168050766,0.060773151719917755,0.058640889512449786,0.05970702061618377,13881600
1986-04-11,0.06130621209740639,0.062372956245618276,0.0607731465905313,0.0607731465905313,17222400
1986-04-14,0.061839308589696884,0.06237298749844065,0.06130624281572203,0.06130624281572203,12153600
1986-04-15,0.061839308589696884,0.061839308589696884,0.059707045493797455,0.061839308589696884,9302400
1986-04-16,0.06397218257188797,0.06450524832712677,0.061306240660946594,0.061839306416185395,31910400
1986-04-17,0.06450522691011429,0.06450522691011429,0.06397216133186381,0.06397216133186381,22003200
1986-04-18,0.06237296015024185,0.06450522231122446,0.061839281475496125,0.06450522231122446,21628800
1986-04-21,0.06237296015024185,0.0629060256904875,0.060773150395004825,0.06237296015024185,22924800
1986-04-22,0.06130621209740639,0.062372956245618276,0.061306212097406394,0.062372956245618276,15552000
1986-04-23,0.06157273054122925,0.06183926553044219,0.06077313472484925,0.06130620012764572,15609600
1986-04-24,0.06770361959934235,0.06876975074355629,0.061306219599521976,0.061572750097760025,62352000
1986-04-25,0.07196874171495438,0.07490060401401732,0.06823667038441672,0.06823667038441672,85795200
1986-04-28,0.07250183820724487,0.07303490389202365,0.071435093703021,0.07196877252246608,28886400
1986-04-29,0.07036890089511871,0.07250177490671038,0.06983583567575355,0.07250177490671038,30326400
1986-04-30,0.06876973807811737,0.07090199997384297,0.06717054165632316,0.07036893449991156,30902400
1986-05-01,0.06770361959934235,0.06876975074355629,0.0666374884551284,0.06876975074355629,54345600
1986-05-02,0.06770361959934235,0.06876975074355629,0.06717055402723537,0.06770361959934235,20246400
1986-05-05,0.06717054545879364,0.06770361096290145,0.06717054545879364,0.06770361096290145,3254400
1986-05-06,0.06770361959934235,0.06876975074355629,0.06770361959934235,0.06770361959934235,9734400
1986-05-07,0.06770361959934235,0.06823668517144932,0.0666374884551284,0.06770361959934235,5155200
1986-05-08,0.06823667883872986,0.06823667883872986,0.06717054779345843,0.06770361331609415,3542400
1986-05-09,0.06770361959934235,0.06823668517144932,0.06770361959934235,0.06823668517144932,6076800
1986-05-12,0.06823667883872986,0.069835875406637,0.06770361331609415,0.06770361331609415,10483200
1986-05-13,0.06876973807811737,0.06930280355204876,0.06823667260418596,0.06823667260418596,3830400
1986-05-14,0.06823667883872986,0.06876974436136557,0.06823667883872986,0.06876974436136557,9302400
1986-05-15,0.06823667883872986,0.06930280988400128,0.06823667883872986,0.06823667883872986,3801600
1986-05-16,0.06876973807811737,0.07036893449991156,0.06823667260418596,0.06823667260418596,11952000
1986-05-19,0.06770361959934235,0.06876975074355629,0.06717055402723537,0.06876975074355629,11001600
1986-05-20,0.06717054545879364,0.06770361096290145,0.06663747995468583,0.06770361096290145,61977600
1986-05-21,0.06610439717769623,0.0677035932721545,0.06610439717769623,0.06717052790733508,8092800
1986-05-22,0.06610439717769623,0.06663746254251565,0.06610439717769623,0.06610439717769623,4406400
1986-05-23,0.06610439717769623,0.06717052790733508,0.06610439717769623,0.06610439717769623,4089600
1986-05-27,0.06823667883872986,0.06823667883872986,0.06610441674818701,0.06610441674818701,13881600
1986-05-28,0.07036890089511871,0.07036890089511871,0.06823664001765806,0.06823664001765806,15523200
1986-05-29,0.07196874171495438,0.07303487262813547,0.06983586675418835,0.07036893221077889,45676800
1986-05-30,0.07463409006595612,0.07570022128008955,0.07250182763768924,0.07250182763768924,27072000
1986-06-02,0.07250183820724487,0.07463410094636,0.07250183820724487,0.07463410094636,19728000
1986-06-03,0.07250183820724487,0.07250183820724487,0.071435093703021,0.07250183820724487,5011200
1986-06-04,0.07196874171495438,0.07303487262813547,0.07143506312395999,0.07250180717154493,4723200
1986-06-05,0.0730348750948906,0.0730348750948906,0.07143506553668148,0.0719687441457009,13708800
1986-06-06,0.0730348750948906,0.0730348750948906,0.0719687441457009,0.0730348750948906,3427200
1986-06-09,0.06983590871095657,0.073034916506838,0.06983590871095657,0.073034916506838,12672000
1986-06-10,0.06983590871095657,0.06983590871095657,0.06876977715725349,0.06983590871095657,3427200
1986-06-11,0.06983590871095657,0.06983590871095657,0.06876977715725349,0.06983590871095657,2304000
1986-06-12,0.06717054545879364,0.06983587297933269,0.06663747995468583,0.06983587297933269,13708800
1986-06-13,0.06717054545879364,0.06770361096290145,0.06663747995468583,0.06717054545879364,7891200
1986-06-16,0.06663750112056732,0.06770363246741523,0.06610443544714337,0.06717056679399128,9590400
1986-06-17,0.06770361959934235,0.06876975074355629,0.06717055402723537,0.06717055402723537,13075200
1986-06-18,0.06717054545879364,0.06770361096290145,0.06610441445057802,0.06770361096290145,4348800
1986-06-19,0.06663750112056732,0.06770363246741523,0.06610443544714337,0.06717056679399128,8467200
1986-06-20,0.06690401583909988,0.06717054630670312,0.0666374807958663,0.0666374807958663,3801600
1986-06-23,0.06770361959934235,0.06770361959934235,0.06557135731091446,0.06690402352899733,46195200
1986-06-24,0.06717054545879364,0.06823667646700926,0.06663747995468583,0.06770361096290145,14572800
1986-06-25,0.06610439717769623,0.0677035932721545,0.06610439717769623,0.06717052790733508,15235200
1986-06-26,0.06397218257188797,0.06663751134808199,0.06397218257188797,0.06610444559284319,19152000
1986-06-27,0.06343913078308105,0.06450526252827272,0.06290606491048521,0.0639721966556769,10396800
1986-06-30,0.06557134538888931,0.06717054181444815,0.0629060180129579,0.06343908348814419,62352000
1986-07-01,0.06557134538888931,0.06557134538888931,0.06503827991370302,0.06557134538888931,47577600
1986-07-02,0.06557134538888931,0.06557134538888931,0.06503827991370302,0.06557134538888931,52617600
1986-07-03,0.06663750112056732,0.06717056679399128,0.06610443544714337,0.06610443544714337,14140800
1986-07-07,0.06397218257188797,0.06663751134808199,0.06397218257188797,0.06663751134808199,14054400
1986-07-08,0.06237296015024185,0.06397215677097881,0.061839281475496125,0.06397215677097881,14256000
1986-07-09,0.05970703437924385,0.062372975887618046,0.05917396870449996,0.062372975887618046,46137600
1986-07-10,0.05810783803462982,0.060240100758543885,0.05544250962973725,0.05970703507756537,46886400
1986-07-11,0.05970703437924385,0.06077316572873162,0.05810783735501219,0.05810783735501219,17395200
1986-07-14,0.0589073970913887,0.06024006274059577,0.0581078013623676,0.0581078013623676,28598400
1986-07-15,0.05970703437924385,0.06077316572873162,0.05810783735501219,0.05890743357931214,13190400
1986-07-16,0.061839308589696884,0.061839308589696884,0.06024011126777231,0.06024011126777231,9360000
1986-07-17,0.06290598213672638,0.06290598213672638,0.061306173489137326,0.061839238660308486,6940800
1986-07-18,0.06343913078308105,0.0639721966556769,0.06130625415781536,0.06290606491048521,12326400
1986-07-21,0.06343913078308105,0.06450526252827272,0.06343913078308105,0.06343913078308105,3513600
1986-07-22,0.06557134538888931,0.06557134538888931,0.06343908348814419,0.06343908348814419,10512000
1986-07-23,0.06397218257188797,0.06663751134808199,0.06397218257188797,0.06557137983760437,20793600
1986-07-24,0.06610439717769623,0.06717052790733508,0.0650382664480574,0.0650382664480574,14140800
1986-07-25,0.06663750112056732,0.06717056679399128,0.06610443544714337,0.06610443544714337,20448000
1986-07-28,0.0650382861495018,0.06663748272838983,0.0650382861495018,0.06663748272838983,11808000
1986-07-29,0.06343913078308105,0.06557139427346441,0.06237299903788938,0.06503832840086857,14054400
1986-07-30,0.06130621209740639,0.06343908725936848,0.059173950069906,0.06343908725936848,26409600
1986-07-31,0.060773156583309174,0.06183928777236065,0.06077315658330917,0.06130622217783491,15638400
1986-08-01,0.060240086168050766,0.061306217271784744,0.05970702061618377,0.060773151719917755,12902400
1986-08-04,0.060240086168050766,0.06024008616805076,0.058640889512449786,0.06024008616805076,12441600
1986-08-05,0.05970703437924385,0.06077316572873162,0.059707034379243844,0.060240100053987736,2822400
1986-08-06,0.05917394161224365,0.060240072473613016,0.0581078107508743,0.059707007042928334,18316800
1986-08-07,0.05864088609814644,0.05970701713980608,0.05810782057731662,0.05917395161897626,3657600
1986-08-08,0.05917394161224365,0.060240072473613016,0.05864087618155898,0.05864087618155898,4147200
1986-08-11,0.06130621209740639,0.06183927760428149,0.060240081083656194,0.060240081083656194,7948800
1986-08-12,0.06290598213672638,0.06290598213672638,0.061306173489137326,0.061306173489137326,9993600
1986-08-13,0.06343913078308105,0.06343913078308105,0.06237299903788938,0.06290606491048521,6883200
1986-08-14,0.0650382861495018,0.0655713516757978,0.06343908957061375,0.06343908957061375,20131200
1986-08-15,0.06530480831861496,0.06557133874137265,0.06450520789908272,0.06503827332022769,6105600
1986-08-18,0.06450522691011429,0.06557135806661525,0.06450522691011429,0.06530482756530546,12787200
1986-08-19,0.06450522691011429,0.06477176198705499,0.06343909575361334,0.06450522691011429,20390400
1986-08-20,0.06397218257188797,0.06450524832712677,0.06397218257188797,0.06450524832712677,20764800
1986-08-21,0.06397218257188797,0.06503831408236557,0.06397218257188797,0.06397218257188797,49536000
1986-08-22,0.06290598213672638,0.06450517765023987,0.061839238660308486,0.06397211247906871,5760000
1986-08-25,0.06290598213672638,0.06290598213672638,0.061839238660308486,0.06290598213672638,2419200
1986-08-26,0.06237296015024185,0.0629060256904875,0.06237296015024185,0.0629060256904875,10857600
1986-08-27,0.06237296015024185,0.0629060256904875,0.061839281475496125,0.06237296015024185,9532800
1986-08-28,0.06237296015024185,0.0629060256904875,0.06237296015024185,0.06237296015024185,3427200
1986-08-29,0.060773156583309174,0.06290603209597463,0.05970702539425769,0.06237296650144889,25430400
1986-09-02,0.05917394161224365,0.06077313790429769,0.05837434117840181,0.06077313790429769,5212800
1986-09-03,0.05757475644350052,0.05864088751084395,0.05597555984248537,0.05864088751084395,18316800
1986-09-04,0.06237296015024185,0.06237296015024185,0.05864088823402221,0.05864088823402221,39427200
1986-09-05,0.0650382861495018,0.0650382861495018,0.06183927985724169,0.062372958518021736,26352000
1986-09-08,0.06450522691011429,0.06557135806661525,0.06450522691011429,0.06503829248836476,9619200
1986-09-09,0.06557134538888931,0.06717054181444815,0.06450521443851674,0.06450521443851674,37526400
1986-09-10,0.06450522691011429,0.06610442364486573,0.06450522691011429,0.06557135806661525,10886400
1986-09-11,0.061839308589696884,0.06503831636831493,0.061839308589696884,0.06450525059434008,35654400
1986-09-12,0.060240086168050766,0.062372961510032174,0.06024008616805076,0.06183928282365174,24451200
1986-09-15,0.06130621209740639,0.061306212097406394,0.059173950069906,0.060240081083656194,22492800
1986-09-16,0.06130621209740639,0.06183927760428149,0.060240081083656194,0.061306212097406394,5184000
1986-09-17,0.06290598213672638,0.06397211247906871,0.06077310831796616,0.061306173489137326,8035200
1986-09-18,0.06343913078308105,0.06450526252827272,0.06290606491048521,0.06290606491048521,5356800
1986-09-19,0.06343913078308105,0.0639721966556769,0.06290606491048521,0.06343913078308105,2505600
1986-09-22,0.06290598213672638,0.06343904730789754,0.06290598213672638,0.06343904730789754,4492800
1986-09-23,0.06397218257188797,0.06450524832712677,0.06290605106141037,0.06290605106141037,5961600
1986-09-24,0.06317257136106491,0.06397216751794578,0.06290603625835038,0.06397216751794578,4780800
1986-09-25,0.061839308589696884,0.06343911904639037,0.061839308589696884,0.06317258844721924,5155200
1986-09-26,0.061839308589696884,0.06237298749844065,0.06130624281572203,0.061839308589696884,2332800
1986-09-29,0.060240086168050766,0.06183928282365174,0.06024008616805076,0.06183928282365174,6192000
1986-09-30,0.060240086168050766,0.061306217271784744,0.06024008616805076,0.06024008616805076,5184000
1986-10-01,0.05970703437924385,0.061306231403475506,0.058640903029756074,0.060240100053987736,32428800
1986-10-02,0.05970703437924385,0.06077316572873162,0.05917396870449996,0.059707034379243844,22723200
1986-10-03,0.060240086168050766,0.060773151719917755,0.05970702061618377,0.05970702061618377,14716800
1986-10-06,0.0650382861495018,0.06610441720209383,0.06183927985724169,0.06183927985724169,85334400
1986-10-07,0.06637097150087357,0.06770363341527502,0.06503830501084029,0.06503830501084029,59788800
1986-10-08,0.06823667883872986,0.06903627483486821,0.0655713512255513,0.0663709517973201,119606400
1986-10-09,0.07036890089511871,0.07196870968734521,0.06823664001765806,0.06823664001765806,92563200
1986-10-10,0.0735679641366005,0.07516716107267946,0.06930282583910226,0.07036895712982157,76752000
1986-10-13,0.07036890089511871,0.0735679053454407,0.07036890089511871,0.0735679053454407,27129600
1986-10-14,0.07143507897853851,0.07196875768797964,0.07090201340363733,0.07090201340363733,12873600
1986-10-15,0.07463409006595612,0.07516715567302283,0.07143508328897887,0.07143508328897887,63532800
1986-10-16,0.07463409006595612,0.07516715567302283,0.0741010244588894,0.07463409006595612,21859200
1986-10-17,0.07676632702350616,0.07729938787807455,0.07463406530271399,0.07463406530271399,124444800
1986-10-20,0.07729937881231308,0.0783655095476721,0.07516712191722413,0.07676631802026268,43545600
1986-10-21,0.08049783855676651,0.08049783855676651,0.07783251405776796,0.07783251405776796,112377600
1986-10-22,0.08049783855676651,0.08129743956697244,0.07996477731747317,0.08049783855676651,54576000
1986-10-23,0.08049783855676651,0.08103090894732577,0.07969824669782649,0.08049783855676651,70444800
1986-10-24,0.07996474206447601,0.0804978030687658,0.07783247974479307,0.0804978030687658,101376000
1986-10-27,0.08263064920902252,0.08263064920902252,0.08049776559640653,0.08049776559640653,125654400
1986-10-28,0.084496408700943,0.08582907948833175,0.08263068607086976,0.08263068607086976,142646400
1986-10-29,0.082097627222538,0.0847629600128115,0.08103088280206301,0.08449642032790007,53222400
1986-10-30,0.08369681239128113,0.08476294346905391,0.08156455023573554,0.08209761119899135,44380800
1986-10-31,0.08263064920902252,0.08476291053612062,0.08209757930161919,0.08369677987257157,63734400
1986-11-03,0.08422987908124924,0.08476294923200917,0.08316374793099117,0.08316374793099117,42192000
1986-11-04,0.0874282643198967,0.0874282643198967,0.0842298711695472,0.0842298711695472,54403200
1986-11-05,0.09275951236486435,0.09329258234866267,0.08689517516502919,0.08742824514882752,45100800
1986-11-06,0.09489180147647858,0.09702406372661838,0.0922264782394346,0.09275953922633876,72576000
1986-11-07,0.09435871988534927,0.09542485077761823,0.09275951897131608,0.09489178075585396,44323200
1986-11-10,0.09062667191028595,0.09435874889045888,0.09009360172466027,0.09435874889045888,28684800
1986-11-11,0.0911603644490242,0.09222649577682501,0.09116036444902419,0.09116036444902419,11894400
1986-11-12,0.0911603644490242,0.09329262710462582,0.09009361083531776,0.09116036444902419,34156800
1986-11-13,0.08982708305120468,0.09169342835465943,0.0895605524988809,0.09116036725001189,30211200
1986-11-14,0.09062667191028595,0.09062667191028595,0.0879613392846823,0.08982707120747863,18720000
1986-11-17,0.0911603644490242,0.09222649577682501,0.08956054974704901,0.09062668107484982,24307200
1986-11-18,0.08636213839054108,0.0916934070917187,0.08636213839054108,0.09116034611068358,59673600
1986-11-19,0.08956051617860794,0.09009357706707856,0.08636212339400454,0.08636212339400454,48729600
1986-11-20,0.09649097919464111,0.09649097919464111,0.08956051935662662,0.08956051935662662,98179200
1986-11-21,0.09968940913677216,0.10075616278489875,0.09702408530690175,0.09702408530690175,91065600
1986-11-24,0.10768593847751617,0.10821899921872336,0.0964909491140915,0.09968934101510663,173836800
1986-11-25,0.10875210911035538,0.10928517004762306,0.10715290799603089,0.10768597808455929,95788800
1986-11-26,0.10768593847751617,0.10928512985239505,0.10768593847751617,0.10875206911118789,38793600
1986-11-28,0.10608676820993423,0.10821903008545115,0.10502064642343575,0.10768596919220191,41328000
1986-12-01,0.10395456850528717,0.1066198926334399,0.10342149818889784,0.10608682231705058,40291200
1986-12-02,0.1044875830411911,0.10661984505266382,0.1044875830411911,0.1044875830411911,28771200
1986-12-03,0.10368800908327103,0.10555374110947315,0.10342147855131727,0.1044876098303952,35164800
1986-12-04,0.10502069443464279,0.1060868167085292,0.10288843158434169,0.10368802328975649,42508800
1986-12-05,0.1044875830411911,0.10555371404692747,0.1044875830411911,0.10502065311968957,107510400
1986-12-08,0.10342147946357727,0.1055537420405414,0.10182228710648565,0.10448761075205933,22665600
1986-12-09,0.10288836061954498,0.10395449130935727,0.10235529069900991,0.10342142138882221,16099200
1986-12-10,0.10368800908327103,0.10395454876648769,0.1018222862083318,0.10288841748740973,27590400
1986-12-11,0.1044875830411911,0.10502065311968957,0.10342145203545475,0.1036879824990737,11635200
1986-12-12,0.10075614601373672,0.10448760058469625,0.10075614601373672,0.10448760058469625,25286400
1986-12-15,0.09809014946222305,0.10128915449167601,0.0964909489389889,0.10075609375143618,50774400
1986-12-16,0.09915629774332047,0.10075611168555607,0.09862322775693932,0.09862322775693932,77299200
1986-12-17,0.10022241622209549,0.1007560992771029,0.09915628553188975,0.09915628553188975,23356800
1986-12-18,0.10102267563343048,0.10128920613945538,0.09968939166622731,0.10022246182953913,12672000
1986-12-19,0.10342147946357727,0.10448761075205933,0.10128921688661312,0.10128921688661312,56592000
1986-12-22,0.1044875830411911,0.10555371404692747,0.10342145203545475,0.10342145203545475,18316800
1986-12-23,0.1055537611246109,0.1055537611246109,0.10448762964337277,0.10448762964337277,23788800
1986-12-24,0.10528720915317535,0.10555373968152343,0.10502067862482727,0.10555373968152343,7027200
1986-12-26,0.10502069443464279,0.1060868167085292,0.10502069443464279,0.1052872250031144,3715200
1986-12-29,0.10075614601373672,0.10608679278617544,0.10075614601373672,0.10502067075269737,41702400
1986-12-30,0.10182224959135056,0.10235531046356049,0.09968936551433823,0.1007561186956711,25401600
1986-12-31,0.10288836061954498,0.1044875520786345,0.10182222992973268,0.10182222992973268,23356800
1987-01-02,0.10182224959135056,0.1039545113827095,0.10128917956788103,0.10288838048703003,12643200
1987-01-05,0.10768593847751617,0.10875206911118789,0.10128915467548597,0.1018222245679505,48499200
1987-01-06,0.1092851534485817,0.10981822345614348,0.1071528917208533,0.10768596172841506,40032000
1987-01-07,0.11514951288700104,0.11514951288700104,0.1092851743064891,0.1092851743064891,60998400
1987-01-08,0.11888094991445541,0.11994770311381651,0.11568255717336388,0.11568255717336388,61488000
1987-01-09,0.12367921322584152,0.12421228350179656,0.11834794308792686,0.11888100421261794,63705600
1987-01-12,0.13167576491832733,0.13274189590181298,0.12261303384862489,0.12367916483211053,128793600
1987-01-13,0.12794369459152222,0.1306096398816953,0.12581143252746582,0.1306096398816953,76320000
1987-01-14,0.12794369459152222,0.12847675553190593,0.12527836243582133,0.12794369459152222,69465600
1987-01-15,0.1348741501569748,0.13807254314156672,0.12794369013153833,0.12794369013153833,117014400
1987-01-16,0.13167576491832733,0.1348741487175239,0.12900981974953876,0.1348741487175239,65433600
1987-01-19,0.13647335767745972,0.13647335767745972,0.12900982722607993,0.13167577254936877,88243200
1987-01-20,0.13860568404197693,0.14180469179570906,0.1359403506172044,0.13647342096266496,95760000
1987-01-21,0.14446991682052612,0.14820137922149534,0.1359402572282637,0.13860558882199298,108489600
1987-01-22,0.15886396169662476,0.15939702268612696,0.14020544522354284,0.1444699605933453,116035200
1987-01-23,0.143936887383461,0.16526073444742337,0.143936887383461,0.15886394820892064,317894400
1987-01-26,0.14660224318504333,0.14820144467785445,0.1402054646675876,0.14500305084349513,116553600
1987-01-27,0.1524665206670761,0.15459877320137308,0.14660218332180386,0.14660218332180386,114105600
1987-01-28,0.1529996246099472,0.15513188676858589,0.14820141704288015,0.15246655449465693,76723200
1987-01-29,0.14660224318504333,0.15459883632992394,0.14340385850194692,0.15299965313963862,79228800
1987-01-30,0.1559314876794815,0.15619800901077086,0.1444699539801726,0.14660221614309943,104169600
1987-02-02,0.15566490590572357,0.15886391141861375,0.15566490590572357,0.15593144546738058,46915200
1987-02-03,0.1529996246099472,0.1572641489272246,0.15033429233601825,0.15566494773261497,59328000
1987-02-04,0.15353265404701233,0.15406571490158072,0.15140039232622016,0.15299959319244394,31737600
1987-02-05,0.1524665206670761,0.15459877320137308,0.1508673289785386,0.15353265150985418,42652800
1987-02-06,0.1468687802553177,0.15326618094484434,0.14606917952313653,0.15246658021266318,45619200
1987-02-09,0.14553610980510712,0.14660224106782993,0.14473651822151207,0.14660224106782993,136080000
1987-02-10,0.14606919884681702,0.14606919884681702,0.1423377435217705,0.1455361285710881,44668800
1987-02-11,0.1529996246099472,0.1529996246099472,0.14660221584827055,0.14660221584827055,60307200
1987-02-12,0.16366156935691833,0.1644611701006501,0.1529996526280222,0.1529996526280222,185731200
1987-02-13,0.1620623916387558,0.16579383749867418,0.15833092747631106,0.1636615748776381,81763200
1987-02-17,0.16312848031520844,0.1636615412854229,0.15833089497823327,0.16206235837477956,70732800
1987-02-18,0.1529996246099472,0.16579380154501758,0.15246655449465693,0.16312847842234982,128592000
1987-02-19,0.14660224318504333,0.15246658292494727,0.14500305084349513,0.15246658292494727,317750400
1987-02-20,0.1450030356645584,0.14660222783870297,0.14287077333152437,0.14660222783870297,87897600
1987-02-23,0.15406569838523865,0.15619795987744547,0.14180458624637077,0.14500297848468102,125913600
1987-02-24,0.1615292876958847,0.16206236699698315,0.1540657565224647,0.1540657565224647,120816000
1987-02-25,0.15886396169662476,0.16446114784270596,0.15779721743183003,0.161529284946659,65001600
1987-02-26,0.16472764313220978,0.16952584963654468,0.15566491325512669,0.15886391891905144,145209600
1987-02-27,0.16366156935691833,0.1657938319060278,0.16099624574616295,0.16472770978273593,37555200
1987-03-02,0.15886396169662476,0.16366154720719103,0.15779721743183003,0.16366154720719103,79516800
1987-03-03,0.15886396169662476,0.1604631629676546,0.1567310771503024,0.15886396169662476,81100800
1987-03-04,0.17005892097949982,0.17059198185836727,0.1583308678461574,0.15886392872502486,98179200
1987-03-05,0.1780555695295334,0.1817870335057776,0.17005897654067825,0.17005897654067825,128188800
1987-03-06,0.17752251029014587,0.17912171176809225,0.17325736293143512,0.17805557134861946,63561600
1987-03-09,0.17432354390621185,0.17805561277216636,0.17325740323870797,0.17752255158967936,38275200
1987-03-10,0.1796547919511795,0.18178705471458312,0.17379044249025058,0.17432352190799716,74102400
1987-03-11,0.1823200136423111,0.18338613527520478,0.18018775207400645,0.1823200136423111,43862400
1987-03-12,0.18311963975429535,0.1844523011339664,0.1780555155300335,0.18232003926598878,71337600
1987-03-13,0.17645567655563354,0.18445226557786618,0.17272421443034122,0.18311960445508668,105120000
1987-03-16,0.1753896325826645,0.17592269366276211,0.17005898517663576,0.17592269366276211,88473600
1987-03-17,0.18125399947166443,0.18232012173664286,0.174856588688252,0.1753896498207412,54547200
1987-03-18,0.19084975123405457,0.1924489342618412,0.18232007958995006,0.18232007958995006,119347200
1987-03-19,0.19458110630512238,0.19458110630512238,0.18765126149296937,0.19084966266935718,62812800
1987-03-20,0.1924489140510559,0.19458117616670073,0.1913827921444945,0.19458117616670073,38246400
1987-03-23,0.19111628830432892,0.19511427365636533,0.18925056546721702,0.19244895008834106,67478400
1987-03-24,0.1924489140510559,0.19351505426013932,0.1865845846741761,0.1865845846741761,69609600
1987-03-25,0.19164933264255524,0.19351507361947026,0.19031667097477242,0.1924489333037297,33840000
1987-03-26,0.19031670689582825,0.1919159085200162,0.18978364578860804,0.19164936881514244,33379200
1987-03-27,0.19564729928970337,0.19991242713174104,0.191382775430839,0.191382775430839,120873600
1987-03-30,0.20630984008312225,0.20630984008312225,0.18871745705616658,0.19564730391502028,186134400
1987-03-31,0.20630984008312225,0.21110742496213475,0.20364389489824256,0.20364389489824256,125337600
1987-04-01,0.19404815137386322,0.21057441669434812,0.1929820109661069,0.20630989166837368,259430400
1987-04-02,0.20257782936096191,0.20684297717709055,0.19724718159948684,0.19724718159948684,159955200
1987-04-03,0.2127065658569336,0.213772687394033,0.20257769745637874,0.20257769745637874,155606400
1987-04-06,0.21164052188396454,0.2132397232165183,0.20790907651137108,0.21270666220650836,98956800
1987-04-07,0.2004454880952835,0.21164046161331454,0.20044548809528348,0.21164046161331454,73728000
1987-04-08,0.20630984008312225,0.20844210206296346,0.20044551107974118,0.20044551107974118,106214400
1987-04-09,0.20257782936096191,0.20630991606144855,0.20097864601403592,0.20630991606144855,71568000
1987-04-10,0.2039104700088501,0.2041769913636546,0.20204472901259837,0.20257779002473142,43372800
1987-04-13,0.19724716246128082,0.2036439501359094,0.19618041804756178,0.2036439501359094,50256000
1987-04-14,0.2004454880952835,0.20364387154703625,0.1940480806036222,0.197247086341012,87379200
1987-04-15,0.2047100067138672,0.20684289087498625,0.20204468394519573,0.20204468394519573,95961600
1987-04-16,0.21004138886928558,0.2143058962673595,0.20417703916936303,0.20471010030630624,188092800
1987-04-20,0.2041768729686737,0.21217346070711865,0.20364381226564376,0.21004121789499897,100310400
1987-04-21,0.20737601816654205,0.2089752196607904,0.1999124860783822,0.20417701119469395,113184000
1987-04-22,0.21004138886928558,0.2105744500062288,0.20737604657951297,0.20737604657951297,74678400
1987-04-23,0.21004138886928558,0.2121736334170584,0.20684298544256977,0.21004138886928558,48326400
1987-04-24,0.2111075222492218,0.2121736445791953,0.20737605748925603,0.2100413999192483,54172800
1987-04-27,0.2111075222492218,0.21270672404671132,0.20737605748925603,0.2111075222492218,53107200
1987-04-28,0.22656755149364471,0.2271006307283996,0.2089751680408399,0.2111074300722956,111081600
1987-04-29,0.2201700508594513,0.23243115994233648,0.22017005085945127,0.22656743772462407,85161600
1987-04-30,0.22176943719387054,0.22656764648648037,0.2169718501872451,0.22017025372668136,88041600
1987-05-01,0.2239016592502594,0.2244347386112144,0.21910407311934355,0.22176939671401616,37843200
1987-05-04,0.22816677391529083,0.22976597516395994,0.22283550520397613,0.22390162716807355,34531200
1987-05-05,0.24682524800300598,0.24682524800300595,0.22869978738700494,0.22869978738700494,110995200
1987-05-06,0.2409609705209732,0.24895758138601998,0.23989484847175752,0.24682531898506416,153504000
1987-05-07,0.25215598940849304,0.25268905048293305,0.2393618098234128,0.2409609930467328,289699200
1987-05-08,0.2697483003139496,0.27348038565731503,0.25268897812722424,0.25268897812722424,150048000
1987-05-11,0.26228463649749756,0.26974816279094127,0.262018115323735,0.26974816279094127,127382400
1987-05-12,0.25322210788726807,0.26495076828911035,0.24949064408492294,0.2622848225598246,148464000
1987-05-13,0.25961947441101074,0.26068561466845175,0.25482188900883307,0.25482188900883307,73382400
1987-05-14,0.2617516815662384,0.2665498882449323,0.25961941980238135,0.25961941980238135,59961600
1987-05-15,0.2542888820171356,0.2612187311028858,0.2542888820171356,0.2612187311028858,84326400
1987-05-18,0.24575921893119812,0.25428889221948875,0.23882876558400878,0.25428889221948875,172598400
1987-05-19,0.23722949624061584,0.24575914879203345,0.23722949624061584,0.24575914879203345,78336000
1987-05-20,0.23349742591381073,0.2361633714759882,0.22869984035582025,0.2361633714759882,228355200
1987-05-21,0.23776254057884216,0.24042786349444006,0.23403047353230128,0.23403047353230128,93312000
1987-05-22,0.2308320254087448,0.23882863315080988,0.22976590377589048,0.23776249321543824,64627200
1987-05-26,0.23349742591381073,0.23456356620587718,0.23029904164265821,0.23083210263742973,46886400
1987-05-27,0.23349742591381073,0.23882871305489262,0.2324313039242677,0.23349742591381073,48758400
1987-05-28,0.247891366481781,0.2484244456485915,0.23296430789521497,0.23349736875950652,108662400
1987-05-29,0.24575921893119812,0.2521560071829661,0.24522615781918264,0.24789148168178746,80380800
1987-06-01,0.2409609705209732,0.24575917863332403,0.2409609705209732,0.24575917863332403,30326400
1987-06-02,0.23989474773406982,0.24469295383153625,0.23669636462697782,0.24096086933559493,51552000
1987-06-03,0.24149399995803833,0.24469300603316083,0.24096092074103448,0.24096092074103448,21628800
1987-06-04,0.23989474773406982,0.24149394843887423,0.23829554702926545,0.24149394843887423,20390400
1987-06-05,0.2329644411802292,0.24096103591286355,0.2281668540517428,0.2398949135743241,59270400
1987-06-08,0.23403051495552063,0.23456357597248742,0.2292329291977713,0.23296437461906291,111571200
1987-06-09,0.2324313521385193,0.23456361486243335,0.23136521162529866,0.23403055375708665,25833600
1987-06-10,0.22070330381393433,0.2334974847084368,0.21590571704791234,0.23243136245044435,176256000
1987-06-11,0.20790913701057434,0.2255015281493848,0.20737605754292038,0.22443478353314006,268704000
1987-06-12,0.20950822532176971,0.21643869451330983,0.20737596332747504,0.20790904255293943,196156800
1987-06-15,0.20950822532176971,0.21270662746447225,0.2052430973499887,0.20950822532176974,125222400
1987-06-16,0.213772714138031,0.21643865890235006,0.20897513001585152,0.2095081908510897,73526400
1987-06-17,0.22123627364635468,0.22176933455537504,0.21483888384737287,0.21483888384737287,71078400
1987-06-18,0.22363506257534027,0.22390158386355558,0.2175048167111156,0.2207032002873356,56188800
1987-06-19,0.22283552587032318,0.22656759367909043,0.22176938550482614,0.2244347272673064,40809600
1987-06-22,0.22123627364635468,0.223901596493977,0.21963709091929356,0.223901596493977,87436800
1987-06-23,0.21910400688648224,0.22123626877816488,0.21430579992014362,0.22123626877816488,100771200
1987-06-24,0.22336865961551666,0.22603460622916324,0.22017027408289722,0.22017027408289722,82684800
1987-06-25,0.22283552587032318,0.22390164793329553,0.22070326344185376,0.22283552587032318,44035200
1987-06-26,0.22336865961551666,0.22443480032807694,0.2212363964929268,0.2233686596155167,21945600
1987-06-29,0.22230245172977448,0.22336857372987814,0.21857098812436435,0.22336857372987814,25632000
1987-06-30,0.21750491857528687,0.2233686275949301,0.21697183914416002,0.22283556646633126,38332800
1987-07-01,0.21857091784477234,0.22017011863324226,0.21643865622765168,0.21697171705630242,21945600
1987-07-02,0.21323974430561066,0.21910407488655564,0.21057442068944054,0.21910407488655564,56880000
1987-07-06,0.20790913701057434,0.21537204822990785,0.20684299637779568,0.21270672410175512,65491200
1987-07-07,0.1924489140510559,0.20737597512954378,0.1908497311912138,0.20737597512954378,197078400
1987-07-08,0.19884636998176575,0.2020447547647467,0.18871751396432468,0.19404816137013506,193449600
1987-07-09,0.2041768729686737,0.20897507818642572,0.19884622933334767,0.1999123507394075,92707200
1987-07-10,0.20684295892715454,0.20790909936689958,0.2004455672129054,0.20311089085847908,75830400
1987-07-13,0.21164052188396454,0.21217358289397448,0.20471005156044933,0.20684293618882726,48326400
1987-07-14,0.2239016592502594,0.2244347386112144,0.21217360216631367,0.21323974258569808,152812800
1987-07-15,0.218037948012352,0.22550147992145775,0.218037948012352,0.22390165617971283,96768000
1987-07-16,0.21750491857528687,0.21963718139221022,0.21323977065548744,0.21857104083248455,72979200
1987-07-17,0.218037948012352,0.22176939367271106,0.21697180760758844,0.2175048869612329,51264000
1987-07-20,0.21217353641986847,0.2175048225455987,0.21164047552661924,0.2175048225455987,42019200
1987-07-21,0.21164052188396454,0.215371985559082,0.21004133885393475,0.21217358289397448,36547200
1987-07-22,0.21323974430561066,0.21430586643106841,0.21004135962671167,0.21164054281489827,53366400
1987-07-23,0.20844201743602753,0.2132396003672334,0.2004454296993998,0.2132396003672334,148492800
1987-07-24,0.21004138886928558,0.2121736334170584,0.2084421871559277,0.2089752482928709,57744000
1987-07-27,0.2127065658569336,0.2127065658569336,0.20684284249534,0.21004124371166946,41817600
1987-07-28,0.21217353641986847,0.21697174334982952,0.21164047552661924,0.21377273740213615,38160000
1987-07-29,0.21164052188396454,0.21270666220650836,0.20844213752138102,0.21217358289397448,27676800
1987-07-30,0.20684295892715454,0.21164054514969236,0.20471007406430772,0.21164054514969236,55555200
1987-07-31,0.2004454880952835,0.20577613328237765,0.19618034233896361,0.20577613328237765,186624000
1987-08-03,0.19564729928970337,0.2015116281544453,0.1945811591737271,0.2004455063409894,116352000
1987-08-04,0.19991245865821838,0.19991245865821836,0.1956473301435639,0.1956473301435639,135072000
1987-08-05,0.20737601816654205,0.21004136009113125,0.1999124860783822,0.2004455654448155,211190400
1987-08-06,0.21537187695503235,0.21670516024480813,0.2079089716705878,0.2079089716705878,152553600
1987-08-07,0.22070330381393433,0.22283556663244722,0.21483897250396675,0.21537203363296295,171014400
1987-08-10,0.22070330381393433,0.22176942607192676,0.21857104099542143,0.22123636494293053,56448000
1987-08-11,0.21643872559070587,0.2228355124920738,0.2153719813059377,0.221769372190584,68544000
1987-08-12,0.21323974430561066,0.21697181233311436,0.21323974430561068,0.2164387512703855,42364800
1987-08-13,0.21963714063167572,0.2228355251122366,0.21323973108219219,0.21323973108219219,80640000
1987-08-14,0.22070330381393433,0.22123636494293053,0.21857104099542143,0.2196371815559419,50832000
1987-08-17,0.22230245172977448,0.22230245172977445,0.21963712842699165,0.22070325042709532,33667200
1987-08-18,0.21857091784477234,0.22176930111919446,0.21643865622765168,0.220703179461893,46944000
1987-08-19,0.21857091784477234,0.21910397867342307,0.21430577232492848,0.21857091784477234,48902400
1987-08-20,0.22443470358848572,0.22550144782475132,0.21857097795321181,0.21857097795321181,82051200
1987-08-21,0.22816677391529083,0.23083209712805738,0.22390162716807355,0.22390162716807355,68976000
1987-08-24,0.23829549551010132,0.2393616351836452,0.22496764228877783,0.22816664698981934,97747200
1987-08-25,0.24469298124313354,0.2489575047319983,0.23776251286371827,0.24042783546862906,185961600
1987-08-26,0.24629227817058563,0.2516229254591326,0.24362633224042982,0.24469307666301118,114105600
1987-08-27,0.24682524800300598,0.24789136974562612,0.24362624218697393,0.24629218713169587,72432000
1987-08-28,0.2564209997653961,0.25855326122538536,0.2473582708505142,0.2473582708505142,114796800
1987-08-31,0.25322210788726807,0.25642111464473893,0.2489575830567378,0.2553549742858441,84326400
1987-09-01,0.242027148604393,0.253222145664895,0.2409610080864431,0.2516229440392338,93859200
1987-09-02,0.24522610008716583,0.24575916107368614,0.23936177034460918,0.2398948313311295,78393600
1987-09-03,0.24575921893119812,0.25108988495893514,0.2425602116706445,0.24789148168178746,70934400
1987-09-04,0.23882873356342316,0.24629226532449416,0.23829565422035198,0.24575918598142302,48355200
1987-09-08,0.23776254057884216,0.23882868072659388,0.23083207139156706,0.23829560150145757,96336000
1987-09-09,0.24042770266532898,0.2430930237980157,0.23776238153264223,0.23882852096722215,60710400
1987-09-10,0.24415932595729828,0.24682527115205172,0.2409609238244303,0.24149400304825558,58176000
1987-09-11,0.247891366481781,0.2484244456485915,0.24309315981247478,0.24415929984357687,41040000
1987-09-14,0.2542888820171356,0.2558880835915477,0.24842455112926068,0.24842455112926068,94464000
1987-09-15,0.2513563334941864,0.2548218794573319,0.24789140981679386,0.2548218794573319,39052800
1987-09-16,0.2489575892686844,0.2558880600014283,0.2489575892686844,0.25162291277863935,57715200
1987-09-17,0.24735842645168304,0.2505568115023574,0.24256021743845946,0.24949068925297524,69436800
1987-09-18,0.24522610008716583,0.24735836233577024,0.24309321555277458,0.24735836233577024,31651200
1987-09-21,0.22816677391529083,0.24415935378019468,0.226034511684573,0.22816677391529083,85550400
1987-09-22,0.24415932595729828,0.24629221023074735,0.226034485927072,0.22816674791481037,82008000
1987-09-23,0.25695425271987915,0.2574873139079011,0.2462923334632984,0.2462923334632984,107697600
1987-09-24,0.2612186074256897,0.2697482580307645,0.2558879624382117,0.2558879624382117,118440000
1987-09-25,0.2644175887107849,0.2772117797520075,0.2612185833875701,0.26228470496595074,82454400
1987-09-28,0.27294671535491943,0.2782779837157564,0.2633509228129968,0.26441766699274805,95544000
1987-09-29,0.2740134298801422,0.27827795359970875,0.2713474848453697,0.27507956996129374,57412800
1987-09-30,0.28254252672195435,0.2841423319553019,0.27294673354068766,0.27294673354068766,85680000
1987-10-01,0.29213839769363403,0.2932051422285118,0.2814764614057476,0.2825426019572054,127224000
1987-10-02,0.3091975152492523,0.310263673438386,0.2932049593870818,0.29427109927369904,131644800
1987-10-05,0.33691906929016113,0.33691906929016113,0.3134629455145256,0.3134629455145256,184320000
1987-10-06,0.3145289123058319,0.33798498513056086,0.3129297111510556,0.33691886322905795,203040000
1987-10-07,0.31132981181144714,0.32092560208144844,0.3049330270543361,0.31559495726844794,125640000
1987-10-08,0.30706530809402466,0.31666109897196293,0.2964033955069496,0.3123965755303786,96940800
1987-10-09,0.3059992492198944,0.32092568831360346,0.3059992492198944,0.30813149307601073,93888000
1987-10-12,0.3049330413341522,0.3113298263908206,0.29427112892326746,0.30706530301970836,117187200
1987-10-13,0.3123966157436371,0.31559501788779903,0.3028008236304804,0.30813146946738895,96811200
1987-10-14,0.303866982460022,0.3187934030251889,0.30173409804791934,0.3123966349486567,114220800
1987-10-15,0.30066800117492676,0.31026381356376154,0.29853573874120864,0.30066800117492676,128822400
1987-10-16,0.2761457562446594,0.31772731560984074,0.27401349388680213,0.30066799047786924,210240000
1987-10-19,0.19298195838928223,0.2708144331363788,0.19191583657451008,0.2622847631224255,146880000
1987-10-20,0.2047100067138672,0.22176932798623225,0.1833861616906198,0.1961803552289446,324000000
1987-10-21,0.24149399995803833,0.2580202609960672,0.21323968500307333,0.22070321499910264,262080000
1987-10-22,0.2271006852388382,0.24735839651774266,0.21750489065956896,0.24202712702498866,223200000
1987-10-23,0.20577621459960938,0.22603454849403515,0.20257781158141494,0.2239016636301979,112766400
1987-10-26,0.16739296913146973,0.20470999280209481,0.15886392220932588,0.19831322591300563,148320000
1987-10-27,0.17592258751392365,0.1833861153253935,0.16739293818553905,0.17379032617757884,234720000
1987-10-28,0.17592258751392365,0.18125387229156398,0.16419453702976416,0.17059194332431923,149760000
1987-10-29,0.20364390313625336,0.2079090495541822,0.17592264772230484,0.17592264772230484,167040000
1987-10-30,0.21217353641986847,0.222835468083131,0.20684289088233618,0.2121735364198685,168480000
1987-11-02,0.21430586278438568,0.21750488799725085,0.20684295312559492,0.21004135605259486,84772800
1987-11-03,0.2047100067138672,0.21323967650130968,0.18658456365504147,0.21004129283940792,116150400
1987-11-04,0.20790913701057434,0.21643879284615258,0.19618045529319406,0.20044560350524548,95342400
1987-11-05,0.21537187695503235,0.21857088199029057,0.2079089716705878,0.20897509315300214,81432000
1987-11-06,0.20257782936096191,0.2153720282374727,0.20044558489839392,0.21430588770366116,75355200
1987-11-09,0.2004454880952835,0.20257773152810618,0.1940480806036222,0.1993793480763534,86587200
1987-11-10,0.2004454880952835,0.20684287728442605,0.1940480806036222,0.19831322635994209,91166400
1987-11-11,0.2089751660823822,0.21004130623937914,0.20151163590777063,0.20257775776224643,54619200
1987-11-12,0.21323974430561066,0.22176939850272578,0.20897521919872813,0.2164387512703855,99172800
1987-11-13,0.20577621459960938,0.21430586889478356,0.20577621459960938,0.2132397467570694,58492800
1987-11-16,0.20364390313625336,0.21217355538385593,0.20257776295194374,0.2079090495541822,59472000
1987-11-17,0.19937951862812042,0.20257790481581325,0.192982105664031,0.19937951862812042,69321600
1987-11-18,0.2047100067138672,0.20471000671386716,0.1919158314780623,0.20257774483842603,89308800
1987-11-19,0.19724716246128082,0.20684295710783798,0.19618041804756178,0.20577621269411892,75024000
1987-11-20,0.20257782936096191,0.20364396989477346,0.19084978932079022,0.19404817431716975,82468800
1987-11-23,0.20364390313625336,0.2079090495541822,0.20044551918836767,0.2015116410701557,44640000
1987-11-24,0.20257782936096191,0.2089752399421861,0.19404817431716975,0.20684297717709055,72230400
1987-11-25,0.1961802989244461,0.20364382648084703,0.1961802989244461,0.2025776866978527,32155200
1987-11-27,0.19298195838928223,0.19724710453910613,0.19191583657451008,0.19618036043863954,18316800
1987-11-30,0.19084975123405457,0.191915873252579,0.1727242859273211,0.18871748889448178,164160000
1987-12-01,0.18658456206321716,0.19511421347537,0.18338616012608228,0.1897835679835049,73540800
1987-12-02,0.18765142560005188,0.19084982957354468,0.1823201544282036,0.185518540099165,68515200
1987-12-03,0.17219123244285583,0.1908497595742335,0.17165817141029874,0.18871749714148034,127670400
1987-12-04,0.17912162840366364,0.18072081083481398,0.17059195994187887,0.17165809986516287,121752000
1987-12-07,0.18445229530334473,0.1865845571039206,0.180187771702193,0.18338615525179716,66211200
1987-12-08,0.20257782936096191,0.2025778293609619,0.18338623820575448,0.18445237873956605,112521600
1987-12-09,0.19724716246128082,0.20577621269411892,0.19618041804756178,0.20151168757769988,83793600
1987-12-10,0.20257782936096191,0.21110750270728162,0.18871752655569468,0.19404817431716975,165600000
1987-12-11,0.2047100067138672,0.20684289087498625,0.19937936117652427,0.20364388492740657,72475200
1987-12-14,0.21643872559070587,0.21750486589219564,0.20364392551888963,0.20471004751785585,95112000
1987-12-15,0.21857091784477234,0.22123624029054373,0.213239650667627,0.21857091784477234,112219200
1987-12-16,0.2313651144504547,0.23349737627880504,0.21430579355484342,0.21537193362027834,105537600
1987-12-17,0.22176943719387054,0.2334974964185537,0.2207033148824111,0.2334974964185537,94017600
1987-12-18,0.22176943719387054,0.22923298887018692,0.22176943719387054,0.22390170011931843,52488000
1987-12-21,0.21963714063167572,0.2281667942998501,0.21643873784859025,0.22390164717158198,51163200
1987-12-22,0.2239016592502594,0.22603454407237342,0.21323974258569808,0.21963715248029855,41774400
1987-12-23,0.2271006852388382,0.22923294778209583,0.22283553786645016,0.22710068523883822,60710400
1987-12-24,0.2271006852388382,0.22923294778209583,0.22603454481594656,0.22710068523883822,12672000
1987-12-28,0.21857091784477234,0.2271005865988575,0.213239650667627,0.22603444663903832,50716800
1987-12-29,0.2324313521385193,0.23456361486243335,0.21537202407788292,0.21857103129841596,79459200
1987-12-30,0.23776254057884216,0.23882868072659388,0.23136513231418246,0.23243127246193418,70704000
1987-12-31,0.2313651144504547,0.23776252222116984,0.22923287092462397,0.23563026039281953,61545600
1988-01-04,0.23882873356342316,0.24096097772560773,0.23243132388344442,0.23349744596453673,110347200
1988-01-05,0.24309325218200684,0.2473583996076739,0.2409609896121136,0.2441593926182164,155520000
1988-01-06,0.2494906783103943,0.2548219482144812,0.24309326790115796,0.24415940840630743,121680000
1988-01-07,0.258020281791687,0.2585533427491333,0.24522608671209215,0.24735834884439914,90676800
1988-01-08,0.23882873356342316,0.2633509690254959,0.23722953213925968,0.2569541816313671,145440000
1988-01-11,0.24682524800300598,0.24735830887431604,0.23349737183383407,0.23776251769500545,143568000
1988-01-12,0.242027148604393,0.24949068130586133,0.2313652126516023,0.24735841857248886,168480000
1988-01-13,0.242027148604393,0.24949068130586133,0.23349747538497476,0.2388287636555979,96148800
1988-01-14,0.23989474773406982,0.2473582761378657,0.23882862613254477,0.24415927074520372,40608000
1988-01-15,0.24629227817058563,0.2526890475958316,0.24629227817058566,0.2516229254591326,92174400
1988-01-18,0.24415932595729828,0.24735833207335609,0.2398948019818216,0.24735833207335609,30038400
1988-01-19,0.24415932595729828,0.2484244722184857,0.23776253999408323,0.23882868013921285,47419200
1988-01-20,0.23029902577400208,0.24415934278395923,0.22390161708418788,0.24202708064927236,208800000
1988-01-21,0.23456354439258575,0.2398948127353617,0.231365142116346,0.231365142116346,125107200
1988-01-22,0.229765847325325,0.23936163515910774,0.22496764226571594,0.23722937411475137,75297600
1988-01-25,0.23776254057884216,0.23989480257182466,0.23136513231418246,0.23136513231418246,75499200
1988-01-26,0.2324313521385193,0.2382956831883131,0.23136521162529866,0.23456361486243335,43560000
1988-01-27,0.23776254057884216,0.23989480257182466,0.23349739430716496,0.23349739430716496,100411200
1988-01-28,0.2409609705209732,0.24202711087271336,0.23882872642254183,0.23882872642254183,29318400
1988-01-29,0.23776254057884216,0.24309318641003794,0.23243127246193418,0.24096092441705544,66700800
1988-02-01,0.23563025891780853,0.24309316611905812,0.2345635148759066,0.2420270443628165,48729600
1988-02-02,0.23776254057884216,0.23882868072659388,0.23349739430716496,0.2356302785858597,60753600
1988-02-03,0.2249676138162613,0.2377624047327255,0.22283535304155105,0.2377624047327255,75801600
1988-02-04,0.21750491857528687,0.2271007143861307,0.21217363009576173,0.226034573826405,114710400
1988-02-05,0.21963714063167572,0.2281667942998501,0.2185710002698057,0.22176938475036653,94104000
1988-02-08,0.22070330381393433,0.22390168889043965,0.21643877817690854,0.21643877817690854,72878400
1988-02-09,0.2249676138162613,0.22603435733771784,0.2217692135029407,0.22283535304155105,49939200
1988-02-10,0.22923290729522705,0.23029902922729573,0.2239016204415535,0.2260345048939762,77025600
1988-02-11,0.23349742591381073,0.23349742591381073,0.22923291965311518,0.23029904164265821,69436800
1988-02-12,0.23563025891780853,0.23989478254781382,0.23243125306090395,0.23349737481714555,80222400
1988-02-16,0.24522610008716583,0.24629224036272962,0.23243130032648876,0.23456356257509317,67334400
1988-02-17,0.24522610008716583,0.25055674655741533,0.24415935582833836,0.24735836233577024,101318400
1988-02-18,0.24735842645168304,0.25162295205426743,0.24309327856315055,0.2441594191150606,84153600
1988-02-19,0.25055673718452454,0.25055673718452454,0.24629223114936655,0.24842449331820676,53164800
1988-02-22,0.25055673718452454,0.25162287742020584,0.24735835308252543,0.25055673718452454,52228800
1988-02-23,0.2537551522254944,0.2558880367863111,0.25055674966169944,0.25055674966169944,91728000
1988-02-24,0.25535494089126587,0.259086404205621,0.25375513573009284,0.25375513573009284,79560000
1988-02-25,0.247891366481781,0.25802023670155977,0.24682524475319784,0.2548218349107724,61560000
1988-02-26,0.24842460453510284,0.25055684935600253,0.2441594560021999,0.24842460453510282,29923200
1988-02-29,0.25322210788726807,0.2537551689154532,0.24735838166965782,0.24949064408492294,39326400
1988-03-01,0.2516229450702667,0.2558880928404166,0.24949068232815724,0.2548219523180982,43300800
1988-03-02,0.2537551522254944,0.2590864210475827,0.25055674966169944,0.2516228899504722,67896000
1988-03-03,0.26015257835388184,0.2622848409183942,0.2548219310938638,0.2558880715273829,83664000
1988-03-04,0.2590864598751068,0.26121872246967665,0.2548219346859671,0.2601525820211287,68356800
1988-03-07,0.26708292961120605,0.2676160087401408,0.25908634002179726,0.26015246167463135,78004800
1988-03-08,0.2724137306213379,0.2761457988827612,0.26761614415102203,0.26868226634330244,96897600
1988-03-09,0.27294671535491943,0.275079599731203,0.2697483130678443,0.2708144532643766,81734400
1988-03-10,0.26761606335639954,0.27721185568592854,0.2660168622482587,0.27401345346964695,97948800
1988-03-11,0.2665500044822693,0.2686822671759651,0.2601525941152651,0.2665500044822693,84297600
1988-03-14,0.2713475823402405,0.2718806434210846,0.26228484846988837,0.26548387384590266,46281600
1988-03-15,0.2665500044822693,0.27188065206524537,0.26548388228668485,0.27188065206524537,43761600
1988-03-16,0.2761457562446594,0.2761457562446594,0.26441770014188776,0.2676161028299357,54547200
1988-03-17,0.2724137306213379,0.27934418376212944,0.27188065122267074,0.27721193937756855,125308800
1988-03-18,0.24842460453510284,0.2729468475728406,0.24842460453510282,0.2718807068598601,169920000
1988-03-21,0.25055673718452454,0.25055673718452454,0.24202708452592256,0.24949061525136565,198720000
1988-03-22,0.25695425271987915,0.25908651577449693,0.2505568412700038,0.2505568412700038,115833600
1988-03-23,0.2516229450702667,0.266016949424472,0.2505568045479483,0.26335100328653616,151200000
1988-03-24,0.2409609705209732,0.25055676445984354,0.2377625860708017,0.25055676445984354,159840000
1988-03-25,0.2393617182970047,0.24575910763501216,0.23776251738265614,0.24202704095257285,47332800
1988-03-28,0.2425602227449417,0.24309328388129456,0.23456362850610255,0.23669651364000394,67147200
1988-03-29,0.2409609705209732,0.24842452036141213,0.23989484847175752,0.24415937327366918,80712000
1988-03-30,0.23349742591381073,0.24309321931558814,0.23136516363220125,0.24202709732604513,100713600
1988-03-31,0.2409609705209732,0.2409609705209732,0.23243131693384306,0.23243131693384306,50256000
1988-04-04,0.23563025891780853,0.24096090430405545,0.23243125306090395,0.23882866079157222,47721600
1988-04-05,0.23882873356342316,0.23882873356342313,0.23243132388344442,0.23669647109871353,41760000
1988-04-06,0.247891366481781,0.2484244456485915,0.23776251456452116,0.23882865459562325,75297600
1988-04-07,0.24415932595729828,0.25055671590370315,0.2441593259572983,0.2484244722184857,74923200
1988-04-08,0.24735842645168304,0.24949068925297524,0.2436263579903695,0.24522616365039088,57974400
1988-04-11,0.24522610008716583,0.24949062458437468,0.24309321555277458,0.24949062458437468,40406400
1988-04-12,0.23776254057884216,0.2462922108364844,0.23456353445491668,0.24415932655778966,52444800
1988-04-13,0.24309325218200684,0.24309325218200684,0.23669648277485303,0.23882874534474627,42206400
1988-04-14,0.22603456676006317,0.2409610099953177,0.22496782225026163,0.23669650279731694,110030400
1988-04-15,0.2313651144504547,0.23456351634423994,0.22496772498225914,0.22710060909627364,114220800
1988-04-18,0.23349742591381073,0.2356303104812167,0.22923291965311518,0.23029904164265821,48052800
1988-04-19,0.2313651144504547,0.24309316764078584,0.23029899268753934,0.23349737627880504,75772800
1988-04-20,0.2324313521385193,0.23456361486243335,0.2292329672039118,0.23136521162529866,65404800
1988-04-21,0.23189817368984222,0.23669638010099112,0.22923285120926745,0.23456349617041702,63979200
1988-04-22,0.23563025891780853,0.23776252073281118,0.23243125306090395,0.23243125306090395,33926400
1988-04-25,0.23509721457958221,0.23776253746022027,0.233497391244487,0.23563027549520568,23385600
1988-04-26,0.23776254057884216,0.24096092441705544,0.2356302785858597,0.23776254057884216,46454400
1988-04-27,0.23669634759426117,0.23882860894639013,0.2313650627771558,0.23776246911906793,47894400
1988-04-28,0.23616337776184082,0.23776257909124401,0.23456357244914852,0.23669645707332448,28468800
1988-04-29,0.2324313521385193,0.23456361486243335,0.23136521162529866,0.23456361486243335,64771200
1988-05-02,0.23456354439258575,0.23563028856872315,0.22816675814262796,0.2324312823092665,49262400
1988-05-03,0.2409609705209732,0.24309323292192905,0.23563032366984588,0.23563032366984588,62740800
1988-05-04,0.24362634122371674,0.24629228725217459,0.23882875482661683,0.24202713965717457,75153600
1988-05-05,0.24309325218200684,0.2441593926182164,0.23989486747842992,0.24202713004832316,24883200
1988-05-06,0.24415932595729828,0.24735833207335609,0.24202706396955995,0.24202706396955995,43977600
1988-05-09,0.24415932595729828,0.2484244722184857,0.24202706396955995,0.2441593259572983,34790400
1988-05-10,0.24309325218200684,0.2457591981046225,0.23989486747842992,0.2441593926182164,46828800
1988-05-11,0.23776254057884216,0.24096092441705544,0.23456353445491668,0.24096092441705544,59486400
1988-05-12,0.23882873356342316,0.24096097772560773,0.23669647109871353,0.23776259317980583,26409600
1988-05-13,0.242027148604393,0.24309327081981558,0.2398948858710205,0.2409610080864431,17913600
1988-05-16,0.24842460453510284,0.25108992886375814,0.2420271928787695,0.2420271928787695,59788800
1988-05-17,0.24735842645168304,0.2526890743036496,0.24735842645168307,0.25162295205426743,70430400
1988-05-18,0.242027148604393,0.24895762019815004,0.2409610080864431,0.24735841857248886,81374400
1988-05-19,0.24309325218200684,0.2441593926182164,0.2377626049085367,0.23882874534474627,57729600
1988-05-20,0.23989474773406982,0.24629215453634062,0.23882862613254477,0.24415927074520372,42523200
1988-05-23,0.23456354439258575,0.24096093462576046,0.2324312823092665,0.2398948127353617,50227200
1988-05-24,0.242027148604393,0.24202714860439298,0.23349747538497476,0.23456361590292465,55324800
1988-05-25,0.23776254057884216,0.24309318641003794,0.2366964187336114,0.24096092441705544,53582400
1988-05-26,0.2393617182970047,0.24309316269379247,0.23776251738265614,0.2388286574263949,43387200
1988-05-27,0.23669634759426117,0.2398947304711969,0.23669634759426117,0.2398947304711969,33148800
1988-05-31,0.24735842645168304,0.2484245670035931,0.23563036790989184,0.23669650846180187,44049600
1988-06-01,0.252689003944397,0.25588802869280425,0.2462922356241778,0.24842449783175846,95788800
1988-06-02,0.2516229450702667,0.2558880928404166,0.2505568045479483,0.25375520781237626,63230400
1988-06-03,0.2537551522254944,0.25482189649753834,0.25055674966169944,0.2516228899504722,34833600
1988-06-06,0.2590864598751068,0.2601525820211287,0.2526890498055094,0.2537551902540574,81748800
1988-06-07,0.26015257835388184,0.2644177257687856,0.2574872547238728,0.26015257835388184,82166400
1988-06-08,0.2644175887107849,0.2665498501700626,0.25908632192829245,0.25908632192829245,66283200
1988-06-09,0.26335087418556213,0.2681490807134105,0.2628178133369859,0.2654837581680111,69264000
1988-06-10,0.26548388600349426,0.26761614872704204,0.2612187382704732,0.26335100099402103,45014400
1988-06-13,0.2660168409347534,0.26868216369975917,0.26548378004225626,0.2665499018272506,31118400
1988-06-14,0.26868218183517456,0.2708144438516058,0.2676160599782195,0.26868218183517456,60379200
1988-06-15,0.27294671535491943,0.27294671535491943,0.2665499290832909,0.26761606927982323,51033600
1988-06-16,0.2708144783973694,0.2718806003903216,0.2686822161089415,0.2697483381018937,73713600
1988-06-17,0.26868218183517456,0.2740134500107112,0.2676160599782195,0.2708144438516058,42105600
1988-06-20,0.26761606335639954,0.2686821852268125,0.26441766114011794,0.26761606335639954,28137600
1988-06-21,0.27294671535491943,0.27294671535491943,0.2665499290832909,0.2665499290832909,39715200
1988-06-22,0.2857414782047272,0.28787374002691113,0.274546485928229,0.2772118269328485,127324800
1988-06-23,0.2814762592315674,0.28680754384048024,0.2804101377483938,0.2857414040547919,41054400
1988-06-24,0.2782779932022095,0.2825425175286721,0.277211871271855,0.2814763772957953,28555200
1988-06-27,0.27294671535491943,0.2782779837157564,0.27294671535491943,0.2782779837157564,23630400
1988-06-28,0.28041014075279236,0.28147626224738864,0.2718804733004547,0.2729466130975659,32140800
1988-06-29,0.28041014075279236,0.2836091458246037,0.2793440009556811,0.28147626224738864,49809600
1988-06-30,0.2857414782047272,0.2857414782047272,0.2814763322746969,0.2825424723370486,31550400
1988-07-01,0.2900060713291168,0.2900060713291168,0.28467542464779366,0.28574154666304874,42940800
1988-07-05,0.2969365417957306,0.29746960280367063,0.28574154683055847,0.2878738091648425,48096000
1988-07-06,0.29320505261421204,0.30066796098336446,0.2921383084053707,0.2974695769115912,89380800
1988-07-07,0.29320505261421204,0.29427119283981795,0.28893990603107517,0.2910721681797648,68428800
1988-07-08,0.29213839769363403,0.2932051422285118,0.2889399943417885,0.29000613489324634,40089600
1988-07-11,0.2846754491329193,0.29320510318198434,0.2846754491329193,0.29320510318198434,65764800
1988-07-12,0.279877245426178,0.2868077164303423,0.2761457813845894,0.28574157600309164,90000000
1988-07-13,0.2846754491329193,0.2846754491329193,0.27721191719080723,0.27934416140471313,57427200
1988-07-14,0.2857414782047272,0.2857414782047272,0.2814763322746969,0.28467535644489494,34848000
1988-07-15,0.2857414782047272,0.2868076182670789,0.2825424723370486,0.2857414782047272,31579200
1988-07-18,0.287873774766922,0.2889398966554116,0.28574151268742104,0.28680765287843235,20102400
1988-07-19,0.2814762592315674,0.28787366532365377,0.2804101377483938,0.28680754384048024,36460800
1988-07-20,0.27294671535491943,0.2836092520765933,0.27188057515838715,0.2836092520765933,111096000
1988-07-21,0.26015257835388184,0.2729467760268351,0.2580203340918953,0.271880635593316,128937600
1988-07-22,0.26335087418556213,0.2665498798651635,0.25802022909476335,0.2590863507919157,68817600
1988-07-25,0.258020281791687,0.26654993430414575,0.2569541415742725,0.26441767217183876,52704000
1988-07-26,0.24735842645168304,0.25162295205426743,0.2420271563137684,0.24735842645168307,228960000
1988-07-27,0.24575921893119812,0.25162294607095065,0.24522615781918264,0.24842456109633038,68140800
1988-07-28,0.24842460453510284,0.2494907269455527,0.24309331528921937,0.24522620069869192,57945600
1988-07-29,0.2537551522254944,0.2558880367863111,0.2484245056892006,0.24949062767545002,59385600
1988-08-01,0.2494906783103943,0.25588808871963065,0.24949067831039431,0.2548219482144812,51825600
1988-08-02,0.24522610008716583,0.25055674655741533,0.24202709357973393,0.24949062458437468,65476800
1988-08-03,0.23989474773406982,0.2452260146322988,0.23669636462697782,0.24415927074520372,91987200
1988-08-04,0.23669634759426117,0.24096085199600367,0.23669634759426117,0.2398947304711969,53496000
1988-08-05,0.22816677391529083,0.23669644512394378,0.2207032429732583,0.23669644512394378,201600000
1988-08-08,0.2271006852388382,0.22923294778209583,0.22496780040970776,0.22923294778209583,148320000
1988-08-09,0.22070330381393433,0.22710071455542616,0.217504918737429,0.2260345739949057,138830400
1988-08-10,0.21537187695503235,0.220703143257634,0.21323961568768895,0.21857088199029057,113169600
1988-08-11,0.22070330381393433,0.22176942607192676,0.21323977081445006,0.217504918737429,123105600
1988-08-12,0.22176943719387054,0.22283557780785895,0.21963719257095166,0.2207033148824111,58262400
1988-08-15,0.21643872559070587,0.2228355124920738,0.21323971900548172,0.221769372190584,41083200
1988-08-16,0.2239016592502594,0.2249677996696438,0.2143058647025569,0.21537200512194132,90878400
1988-08-17,0.2239016592502594,0.22976600808643044,0.21910407311934355,0.2239016592502594,59112000
1988-08-18,0.2249676138162613,0.2271004968763282,0.22390147427765092,0.2249676138162613,32025600
1988-08-19,0.21537187695503235,0.2260344095602356,0.2143057371701033,0.2249676657923208,67377600
1988-08-22,0.2047100067138672,0.21537193837675084,0.20364388492740657,0.21430579828777027,110174400
1988-08-23,0.2105744183063507,0.2121736014764392,0.203643947375855,0.20577620990516524,88315200
1988-08-24,0.21963714063167572,0.22017020166134843,0.21004134660163132,0.21110746866097674,102585600
1988-08-25,0.21643872559070587,0.21963712819265163,0.21323971900548172,0.2143058410044479,72633600
1988-08-26,0.21910400688648224,0.22070320788087425,0.21643868409750894,0.21643868409750894,24451200
1988-08-29,0.22230245172977448,0.22390163472993,0.22070325042709532,0.22176937242719902,35035200
1988-08-30,0.21857091784477234,0.22283544107901365,0.21750479618747087,0.22176930111919446,20966400
1988-08-31,0.21323974430561066,0.22070327637726803,0.21004135962671167,0.21963715425181027,71884800
1988-09-01,0.20844201743602753,0.2121734606589024,0.20470993362518347,0.21110733925308486,82382400
1988-09-02,0.21963714063167572,0.22070326269102114,0.21110746866097674,0.21217359072032213,115329600
1988-09-06,0.22176943719387054,0.22390170011931843,0.21857105195696325,0.21963719257095166,67752000
1988-09-07,0.22070330381393433,0.2249678294509601,0.21643877817690854,0.22283556663244722,72115200
1988-09-08,0.22176943719387054,0.22710072594473904,0.21857105195696325,0.21963719257095166,69206400
1988-09-09,0.23029902577400208,0.2334974098247713,0.2196371111173363,0.22070323303341866,111124800
1988-09-12,0.22923290729522705,0.23456355356061526,0.22816676706063596,0.22923290729522705,43257600
1988-09-13,0.23029902577400208,0.23136514769008443,0.2249677573027924,0.22710064172323285,40608000
1988-09-14,0.23029902577400208,0.23563029424521176,0.22923290385791972,0.23403048908533464,79214400
1988-09-15,0.22283552587032318,0.23136517956751543,0.22176938550482614,0.23029905750454305,72921600
1988-09-16,0.22176943719387054,0.22390170011931843,0.2207033148824111,0.22283557780785895,48700800
1988-09-19,0.22070330381393433,0.22390168889043965,0.217504918737429,0.22390168889043965,44697600
1988-09-20,0.2271006852388382,0.22710068523883822,0.22070327532319256,0.22176939744355853,53625600
1988-09-21,0.22923290729522705,0.23029902922729573,0.22816676706063596,0.22816676706063596,16056000
1988-09-22,0.2324313521385193,0.23456361486243335,0.2292329672039118,0.23029908941460525,59688000
1988-09-23,0.22923290729522705,0.2324312913939555,0.22923290729522705,0.2324312913939555,35092800
1988-09-26,0.22336865961551666,0.23029913247434297,0.22070333528791203,0.22923301006431338,50212800
1988-09-27,0.22176943719387054,0.22283557780785895,0.21963719257095166,0.22176943719387054,35366400
1988-09-28,0.22603456676006317,0.2260345667600632,0.2207032967497334,0.22283555949999753,25516800
1988-09-29,0.22603456676006317,0.2281668295103273,0.22390168172386585,0.22496782225026163,56462400
1988-09-30,0.22283552587032318,0.22603453264760426,0.22070326344185376,0.22496778829879258,37252800
1988-10-03,0.21910400688648224,0.22070320788087425,0.215371940017245,0.21857094598919158,41097600
1988-10-04,0.218037948012352,0.22176939367271106,0.21697180760758844,0.21963714946823468,29260800
1988-10-05,0.21430586278438568,0.2185710101045672,0.21323974067706936,0.2185710101045672,67089600
1988-10-06,0.21323974430561066,0.2164387512703855,0.21323974430561068,0.21430586643106841,33609600
1988-10-07,0.21217353641986847,0.2143057982953854,0.20417694582789206,0.21323967650888692,208065600
1988-10-10,0.21004138886928558,0.2132397739934731,0.20364397803241982,0.2132397739934731,106358400
1988-10-11,0.21217353641986847,0.21537193838440383,0.20897515275785308,0.2121735364198685,65952000
1988-10-12,0.2159055918455124,0.22070317582944327,0.20897512399396242,0.2111073855759892,137534400
1988-10-13,0.21963714063167572,0.2228355251122366,0.21430585314153758,0.21483893247373492,82468800
1988-10-14,0.21857091784477234,0.22283544107901365,0.21750479618747087,0.22176930111919446,56764800
1988-10-17,0.22176943719387054,0.22390170011931843,0.21857105195696325,0.21857105195696325,25675200
1988-10-18,0.2239016592502594,0.2249677996696438,0.21857101206091414,0.22070327459715736,37224000
1988-10-19,0.2271006852388382,0.22923294778209583,0.22283553786645016,0.2281668073592042,80683200
1988-10-20,0.22816677391529083,0.23029903614600866,0.22496776743469396,0.22496776743469396,73296000
1988-10-21,0.22603456676006317,0.2281668295103273,0.22390168172386585,0.2260345667600632,24264000
1988-10-24,0.22176943719387054,0.22710072594473904,0.22123637603814084,0.22710072594473904,28627200
1988-10-25,0.21537187695503235,0.22283540452497738,0.21323961568768895,0.22176926474004832,74548800
1988-10-26,0.21217353641986847,0.21537193838440383,0.20684289088233618,0.2143057982953854,157420800
1988-10-27,0.2111075222492218,0.2111075222492218,0.20364398874582434,0.2100413999192483,114336000
1988-10-28,0.2111075222492218,0.2121736445791953,0.20684299632426928,0.2100413999192483,46540800
1988-10-31,0.2089751660823822,0.21004130623937914,0.2068429040709095,0.21004130623937914,41284800
1988-11-01,0.20790913701057434,0.21217364463410116,0.20790913701057434,0.20897525934082373,53280000
1988-11-02,0.2015116661787033,0.20790907545985315,0.1993794038469237,0.20790907545985315,221803200
1988-11-03,0.2015116661787033,0.20364392851048288,0.1967140805078302,0.20151166617870328,118339200
1988-11-04,0.19831319153308868,0.20364383578403952,0.19831319153308866,0.19831319153308866,106603200
1988-11-07,0.19937951862812042,0.20044565955904098,0.19618051015425825,0.19831339599973427,55065600
1988-11-08,0.20737601816654205,0.2089752196607904,0.2004455654448155,0.20151168757263055,56606400
1988-11-09,0.21217353641986847,0.21323967650888692,0.20364388493464283,0.2047100067211413,124732800
1988-11-10,0.2089751660823822,0.21537195211680038,0.2089751660823822,0.21217354994833074,78796800
1988-11-11,0.20311082899570465,0.2089751578552078,0.20257774978693252,0.2068428959276804,54936000
1988-11-14,0.20684295892715454,0.20790909936689958,0.20257781148734358,0.20471007406430772,34329600
1988-11-15,0.2004454880952835,0.20684287728442605,0.19831322635994209,0.20684287728442605,93902400
1988-11-16,0.19724716246128082,0.20151168757769988,0.19404815548935225,0.20097862651377896,199008000
1988-11-17,0.1961802989244461,0.19937930395389905,0.19511415914145178,0.1972470426904251,65865600
1988-11-18,0.19884636998176575,0.1993794310618415,0.1951142835302866,0.19724716843901208,34430400
1988-11-21,0.1961802989244461,0.1972470426904251,0.1929818978779778,0.1961802989244461,47102400
1988-11-22,0.1961802989244461,0.19831318247341942,0.19404803766097212,0.1961802989244461,30312000
1988-11-23,0.19991245865821838,0.20044553795153408,0.1961803911343563,0.197247135401733,56548800
1988-11-25,0.19778016209602356,0.19831324129689948,0.19511421701604037,0.19724710119766772,11462400
1988-11-28,0.2004454880952835,0.20257773152810618,0.197247086341012,0.197247086341012,58737600
1988-11-29,0.20257782936096191,0.2025778293609619,0.19937944436458238,0.20044558489839392,21873600
1988-11-30,0.2015116661787033,0.20364392851048288,0.20151166617870328,0.20151166617870328,35193600
1988-12-01,0.2089751660823822,0.21110742809385494,0.2004455140532948,0.20257775776224643,82008000
1988-12-02,0.21217353641986847,0.2143057982953854,0.20684289088233618,0.20684289088233618,91497600
1988-12-05,0.2111075222492218,0.21537204817417432,0.20790913695677204,0.2121736445791953,70142400
1988-12-06,0.21217353641986847,0.2121735364198685,0.20897515275785308,0.21110741463337,44366400
1988-12-07,0.21004138886928558,0.2132397739934731,0.20950830942981408,0.211107511143172,30888000
1988-12-08,0.2089751660823822,0.21110742809385494,0.2079090442279064,0.21004130623937914,40176000
1988-12-09,0.2089751660823822,0.21004130623937914,0.2068429040709095,0.2079090442279064,22305600
1988-12-12,0.20204474031925201,0.2089752110582076,0.20204474031925201,0.2079090889742801,38894400
1988-12-13,0.20364390313625336,0.20364390313625336,0.2015116410701557,0.2015116410701557,39168000
1988-12-14,0.20630984008312225,0.20790904114363337,0.20257775475706152,0.20364389489824256,28008000
1988-12-15,0.2089751660823822,0.21004130623937914,0.2068429040709095,0.2089751660823822,23198400
1988-12-16,0.21217353641986847,0.2143057982953854,0.2079090309713546,0.2079090309713546,51796800
1988-12-19,0.21643872559070587,0.21963712819265163,0.2153719813059377,0.21590566459122276,83534400
1988-12-20,0.21857091784477234,0.22390156273631512,0.21750479618747087,0.21910397867342307,92188800
1988-12-21,0.22283552587032318,0.22390164793329553,0.21857100101338436,0.2196371413788814,46440000
1988-12-22,0.22176943719387054,0.22603458533075066,0.2207033148824111,0.22390170011931843,74592000
1988-12-23,0.22176943719387054,0.22176943719387054,0.21963719257095166,0.2207033148824111,17121600
1988-12-27,0.22070330381393433,0.22390168889043965,0.22070330381393433,0.22176942607192676,30772800
1988-12-28,0.22283552587032318,0.22283552587032318,0.22070326344185376,0.22176938550482614,21268800
1988-12-29,0.2271006852388382,0.2281668073592042,0.22176939744355853,0.22176939744355853,38275200
1988-12-30,0.2271006852388382,0.23136519202282776,0.22710068523883822,0.2281668073592042,63820800
1989-01-03,0.22869983315467834,0.22923291243518806,0.2249677657204706,0.22816677217669148,51825600
1989-01-04,0.2313651144504547,0.23403045546278226,0.22816673085918904,0.22816673085918904,53899200
1989-01-05,0.22763372957706451,0.23349743741338114,0.22710066855604014,0.23349743741338114,47246400
1989-01-06,0.22603456676006317,0.22923297003672308,0.2260345667600632,0.2281668295103273,59054400
1989-01-09,0.2239016592502594,0.22710068449175783,0.2223024760749712,0.22603454407237342,46008000
1989-01-10,0.22176943719387054,0.22390170011931843,0.2207033148824111,0.22283557780785895,54129600
1989-01-11,0.2239016592502594,0.2239016592502594,0.21963715248029855,0.22123633565558676,48297600
1989-01-12,0.2239016592502594,0.22923294702800104,0.2228355371334006,0.2228355371334006,54590400
1989-01-13,0.22603456676006317,0.22710070728645895,0.22390168172386585,0.22390168172386585,35568000
1989-01-16,0.22656755149364471,0.23083207555655608,0.22496774641122042,0.2271006307283996,27532800
1989-01-17,0.21963714063167572,0.22550147084896194,0.2185710002698057,0.22443472650377932,41745600
1989-01-18,0.21963714063167572,0.22070326269102114,0.21430585314153758,0.22070326269102114,63633600
1989-01-19,0.22816677391529083,0.22923291418191125,0.22283550520397613,0.22283550520397613,84297600
1989-01-20,0.2308320254087448,0.23189816534411647,0.22710058139123732,0.22816670302409167,61027200
1989-01-23,0.22603456676006317,0.2302990922605914,0.22550150564812904,0.2302990922605914,52228800
1989-01-24,0.2249676138162613,0.22816661811242805,0.22390147427765092,0.22603435733771784,56217600
1989-01-25,0.22603456676006317,0.22710070728645895,0.22390168172386585,0.2260345667600632,49046400
1989-01-26,0.2313651144504547,0.23243125451588964,0.22390158491682421,0.22443466410080146,87134400
1989-01-27,0.23616337776184082,0.24096096344752646,0.22923292575450316,0.2308321087813824,166420800
1989-01-30,0.2494906783103943,0.25055680051301665,0.23563035757522008,0.23669649808036955,110088000
1989-01-31,0.2542888820171356,0.25695420577280464,0.2494906733105176,0.2516229359755582,125092800
1989-02-01,0.252689003944397,0.2548218884377525,0.25162288199186805,0.2537551441994487,131212800
1989-02-02,0.25961947441101074,0.26868220652368313,0.25268900451069753,0.2537551447681386,180028800
1989-02-03,0.26015257835388184,0.26654998833329796,0.2558880715273829,0.2580203340918953,91324800
1989-02-06,0.258020281791687,0.2601525256214719,0.2548218794419655,0.2590864037065795,87580800
1989-02-07,0.264950692653656,0.2665498935842122,0.2580202423747997,0.258553303250812,127094400
1989-02-08,0.2665500044822693,0.27294679256335674,0.2622848568089609,0.26441774178857347,133315200
1989-02-09,0.271880567073822,0.2761457134138212,0.2633509149820671,0.2644176591300979,199036800
1989-02-10,0.263884574174881,0.2708144205565573,0.2628178301239666,0.26868215872354,129038400
1989-02-13,0.2612186074256897,0.2644176130432866,0.26015246744668324,0.26228472910217804,94075200
1989-02-14,0.25695425271987915,0.26548392722437225,0.25588813034383534,0.2638847253577764,62956800
1989-02-15,0.26548388600349426,0.26548388600349426,0.25695421282337766,0.25802035333641515,81936000
1989-02-16,0.26761606335639954,0.2708144472701598,0.26121865494063073,0.2665499231834652,61387200
1989-02-17,0.2665500044822693,0.26974838937154955,0.26548388228668485,0.2686822671759651,29692800
1989-02-21,0.26335087418556213,0.2676160198648343,0.2622847341858913,0.2654837581680111,33753600
1989-02-22,0.25588807463645935,0.26335098455166517,0.25588807463645935,0.26228484410519226,95515200
1989-02-23,0.25748711824417114,0.2590863188955389,0.2526889123070347,0.2569540574612206,75945600
1989-02-24,0.25055673718452454,0.2590864081456489,0.25055673718452454,0.2569541459768087,76017600
1989-02-27,0.25482192635536194,0.25695418888022414,0.2494906569086017,0.2505567790197701,68788800
1989-02-28,0.2537551522254944,0.2569541587725605,0.2516228899504722,0.2558880367863111,43444800
1989-03-01,0.252689003944397,0.25695415064533317,0.252689003944397,0.25588802869280425,59889600
1989-03-02,0.2590864598751068,0.2601525820211287,0.2526890498055094,0.2526890498055094,92304000
1989-03-03,0.26335087418556213,0.2644176181683403,0.25802022909476335,0.2590863507919157,68947200
1989-03-06,0.2644175887107849,0.26548372859168196,0.2601524435066731,0.2633508448468478,56635200
1989-03-07,0.22816677391529083,0.2558880314694445,0.22710065195119342,0.25482189120282406,788688000
1989-03-08,0.2239016592502594,0.23243133168110308,0.22336859819183,0.22923294702800104,253612800
1989-03-09,0.22070330381393433,0.2249678294509601,0.2196371815559419,0.2249678294509601,123307200
1989-03-10,0.22070330381393433,0.22390168889043965,0.217504918737429,0.2196371815559419,66902400
1989-03-13,0.2249676138162613,0.2249676138162613,0.22070309226684084,0.2217692135029407,60206400
1989-03-14,0.2249676138162613,0.2271004968763282,0.22283535304155105,0.2271004968763282,63720000
1989-03-15,0.21430586278438568,0.22496779765604163,0.21430586278438568,0.22496779765604163,104889600
1989-03-16,0.21857091784477234,0.21963705780459153,0.21537191228474767,0.21643865622765168,102888000
1989-03-17,0.19831319153308868,0.2153718864031685,0.19618030788667745,0.21430574657146903,245577600
1989-03-20,0.19831319153308868,0.19831319153308866,0.19511416805497797,0.19778011246598118,238996800
1989-03-21,0.2127065658569336,0.2132396266254833,0.1972470531658505,0.19937931454256494,224467200
1989-03-22,0.2089751660823822,0.21217354994833074,0.2068429040709095,0.21110742809385494,167025600
1989-03-23,0.21430586278438568,0.21430586278438568,0.2079090935354367,0.2079090935354367,87811200
1989-03-27,0.21217353641986847,0.215905621563331,0.21110741463337,0.21323967650888692,75542400
1989-03-28,0.21217353641986847,0.21537193838440383,0.2100412928468715,0.2143057982953854,70804800
1989-03-29,0.2111075222492218,0.2121736445791953,0.2100413999192483,0.2121736445791953,30009600
1989-03-30,0.2127065658569336,0.2132396266254833,0.20950816464060412,0.21217348678586825,46742400
1989-03-31,0.2127065658569336,0.21430574816258266,0.21110736524876886,0.2132396266254833,29736000
1989-04-03,0.21430586278438568,0.21643874758740905,0.21164053921356937,0.21323974067706936,35049600
1989-04-04,0.21323974430561066,0.21430586643106841,0.21110748175216942,0.21430586643106841,25027200
1989-04-05,0.21483886241912842,0.21537192327498075,0.21217352153482938,0.21323966154905272,19641600
1989-04-06,0.21857091784477234,0.21963705780459153,0.21430577232492848,0.21537191228474767,51681600
1989-04-07,0.21857091784477234,0.220703179461893,0.21750479618747087,0.21857091784477234,29448000
1989-04-10,0.21910400688648224,0.2228354697725569,0.21857094598919158,0.21857094598919158,28670400
1989-04-11,0.21910400688648224,0.2217693296754555,0.21483887911995436,0.21963708608629295,28728000
1989-04-12,0.2052430361509323,0.22070315269296878,0.20311077479243206,0.22070315269296878,71020800
1989-04-13,0.20790913701057434,0.21483898706478316,0.20257784816574426,0.2036439887985229,92880000
1989-04-14,0.21643872559070587,0.21857098789116183,0.21004133470605954,0.21004133470605954,62625600
1989-04-17,0.21963714063167572,0.22336858614190927,0.21643873784859025,0.2185710002698057,51638400
1989-04-18,0.2271006852388382,0.22710068523883822,0.22176939744355853,0.22390165998681613,69336000
1989-04-19,0.23403051495552063,0.23776258266263461,0.23243131360209612,0.23456357597248742,168969600
1989-04-20,0.23882873356342316,0.24096097772560773,0.23243132388344442,0.23456358634815402,138801600
1989-04-21,0.23563025891780853,0.23882866079157222,0.2345635148759066,0.23882866079157222,58190400
1989-04-24,0.23509721457958221,0.23669641562897334,0.23243126941324008,0.23456353137825467,29332800
1989-04-25,0.23349742591381073,0.23776257276282617,0.2324313039242677,0.23669645077328313,24897600
1989-04-26,0.23029902577400208,0.2345635500433758,0.22869982459735638,0.2345635500433758,44510400
1989-04-27,0.23349742591381073,0.23403050521110566,0.23029904164265821,0.23029904164265821,34588800
1989-04-28,0.23829549551010132,0.23989469586916073,0.22923278666336322,0.23349729045000037,69782400
1989-05-01,0.2329644411802292,0.23882879123578463,0.2313652393698906,0.23616344878437714,33739200
1989-05-02,0.23029902577400208,0.2345635500433758,0.2281667636393152,0.2334974098247713,34372800
1989-05-03,0.23029902577400208,0.2334974098247713,0.23029902577400208,0.23029902577400208,28857600
1989-05-04,0.2239016592502594,0.23136519126171867,0.2228355371334006,0.23136519126171867,37425600
1989-05-05,0.22176943719387054,0.22710072594473904,0.2207033148824111,0.22710072594473904,35827200
1989-05-08,0.21963714063167572,0.2228355251122366,0.21750487821046027,0.22176938475036653,49003200
1989-05-09,0.22603456676006317,0.2281668295103273,0.2196371745258651,0.2207032967497334,54590400
1989-05-10,0.23029902577400208,0.2334974098247713,0.22710064172323285,0.2281667636393152,58752000
1989-05-11,0.23029902577400208,0.23136514769008443,0.2281667636393152,0.23136514769008443,34401600
1989-05-12,0.2313651144504547,0.23456351634423994,0.22816673085918904,0.23296431539734733,71092800
1989-05-15,0.23349742591381073,0.23456356620587718,0.23029904164265821,0.23083210263742973,74736000
1989-05-16,0.23989474773406982,0.24096086933559493,0.23243121933027397,0.23349734093179905,83433600
1989-05-17,0.24469298124313354,0.2473583038480443,0.24042783546862906,0.24042783546862906,89812800
1989-05-18,0.24842460453510284,0.25002378815077764,0.2441594560021999,0.2441594560021999,52574400
1989-05-19,0.24842460453510284,0.2537552531924135,0.24789152502734724,0.24789152502734724,62568000
1989-05-22,0.252689003944397,0.2537551441994487,0.2462922356241778,0.24842449783175846,74275200
1989-05-23,0.24149399995803833,0.2516228528290042,0.2398947989120681,0.24842446903958446,97545600
1989-05-24,0.24522610008716583,0.24522610008716583,0.23776256908252508,0.23936177034460918,69364800
1989-05-25,0.24522610008716583,0.24949062458437468,0.24309321555277458,0.24522610008716583,33840000
1989-05-26,0.251089870929718,0.25162293201194963,0.24629228458458083,0.24735840674904402,37886400
1989-05-30,0.2516229450702667,0.25428889120820264,0.24949068232815724,0.2516229450702667,63907200
1989-05-31,0.258020281791687,0.2601525256214719,0.25162287310901316,0.25162287310901316,80971200
1989-06-01,0.25588807463645935,0.2590864593708258,0.2548219341899865,0.25695419678040615,62798400
1989-06-02,0.24842460453510284,0.25695426101233587,0.24842460453510282,0.2564211998071109,54043200
1989-06-05,0.242027148604393,0.24949068130586133,0.2409610080864431,0.24949068130586133,61416000
1989-06-06,0.2494906783103943,0.25002373941170547,0.24096100519338612,0.2420271456985356,53899200
1989-06-07,0.25482192635536194,0.25588806676905584,0.2505567790197701,0.2505567790197701,44928000
1989-06-08,0.25482192635536194,0.25695418888022414,0.25375518195832614,0.25482192635536194,29217600
1989-06-09,0.25482192635536194,0.25642112782464,0.2526890415446323,0.25482192635536194,36144000
1989-06-12,0.2516229450702667,0.25695421506020766,0.2500237434380528,0.2548219523180982,51681600
1989-06-13,0.24415932595729828,0.24949059406109445,0.2441593259572983,0.24895753313979008,40564800
1989-06-14,0.24629227817058563,0.24735840030728465,0.24096099029363038,0.24629227817058566,47304000
1989-06-15,0.242027148604393,0.24629229635706626,0.2398948858710205,0.24629229635706626,52113600
1989-06-16,0.242027148604393,0.24309327081981558,0.2398948858710205,0.2414940874966817,47361600
1989-06-19,0.2409609705209732,0.24309323292192905,0.236696464021586,0.24309323292192905,27158400
1989-06-20,0.2324313521385193,0.24202714753079452,0.2324313521385193,0.24096100701757386,45806400
1989-06-21,0.23456354439258575,0.23882869084496292,0.22710063625222918,0.22710063625222918,80496000
1989-06-22,0.23669634759426117,0.23669634759426117,0.234563463956607,0.23563020776693894,36072000
1989-06-23,0.23616337776184082,0.23882871941168743,0.23563031675288107,0.23669645707332448,33537600
1989-06-26,0.23349742591381073,0.23669645077328313,0.23136516363220125,0.2356303104812167,30240000
1989-06-27,0.229765847325325,0.23563017375585585,0.2292327866398641,0.23349729042606407,35899200
1989-06-28,0.2249676138162613,0.2302988788871383,0.2217692135029407,0.2302988788871383,57456000
1989-06-29,0.22176943719387054,0.22550152417502092,0.21857105195696325,0.22550152417502092,77198400
1989-06-30,0.22603456676006317,0.2281668295103273,0.2185710339994693,0.22176941897360175,67248000
1989-07-03,0.23029902577400208,0.23136514769008443,0.22656756246266951,0.22656756246266951,14688000
1989-07-05,0.23563025891780853,0.23669639897656955,0.23029899124590128,0.23243125306090395,26539200
1989-07-06,0.2249676138162613,0.23882854427133585,0.223368413659601,0.2377624047327255,94780800
1989-07-07,0.22816677391529083,0.23136515811010608,0.22443470645264524,0.22496776743469396,41457600
1989-07-10,0.23403051495552063,0.23456357597248742,0.22816678886131359,0.2292329291977713,27259200
1989-07-11,0.22816677391529083,0.23669644512394378,0.22710065195119342,0.2340304996253956,43488000
1989-07-12,0.2271006852388382,0.2281668073592042,0.22176939744355853,0.22603454481594656,52156800
1989-07-13,0.22603456676006317,0.22923297003672308,0.22390168172386585,0.22656762787199736,33408000
1989-07-14,0.2249676138162613,0.22816661811242805,0.22070309226684084,0.2271004968763282,42768000
1989-07-17,0.2271006852388382,0.2281668073592042,0.22390165998681613,0.22496780040970776,31291200
1989-07-18,0.22816677391529083,0.23136515811010608,0.22710065195119342,0.22710065195119342,42984000
1989-07-19,0.2308320254087448,0.23243122616054362,0.22710058139123732,0.23029896459231763,29764800
1989-07-20,0.22816677391529083,0.23563030485732336,0.22816677391529083,0.23136515811010608,44524800
1989-07-21,0.23563025891780853,0.24096090430405545,0.22496772357399406,0.22603446761589596,99763200
1989-07-24,0.23563025891780853,0.23776252073281118,0.2313651130021429,0.23349737481714555,38361600
1989-07-25,0.22176943719387054,0.24309329271778896,0.21963719257095166,0.23456363703254207,326030400
1989-07-26,0.2249676138162613,0.2271004968763282,0.2217692135029407,0.2249676138162613,123638400
1989-07-27,0.22923290729522705,0.23029902922729573,0.22710064512856729,0.2286998280266703,45561600
1989-07-28,0.2313651144504547,0.23243125451588964,0.22710060909627364,0.23029899268753934,29217600
1989-07-31,0.23349742591381073,0.23456356620587718,0.22923291965311518,0.23029904164265821,33336000
1989-08-01,0.2313651144504547,0.23563026039281953,0.23029899268753934,0.23349737627880504,62136000
1989-08-02,0.2313651144504547,0.23349737627880504,0.23029899268753934,0.23029899268753934,28368000
1989-08-03,0.23456354439258575,0.23563028856872315,0.231365142116346,0.23189822136406713,27590400
1989-08-04,0.24309325218200684,0.24522613703778068,0.23243133534918597,0.23349745748286962,178128000
1989-08-07,0.24629227817058563,0.24735840030728465,0.24309325286955435,0.24629227817058566,93571200
1989-08-08,0.2516229450702667,0.2526890672900578,0.24522615684393828,0.24522615684393828,110548800
1989-08-09,0.25055673718452454,0.25588802404364985,0.25055673718452454,0.25108981645362644,113774400
1989-08-10,0.2494906783103943,0.2516229410181661,0.24842455610777192,0.2516229410181661,48340800
1989-08-11,0.24629227817058563,0.2537551880350566,0.24629227817058566,0.2516229254591326,61473600
1989-08-14,0.24309325218200684,0.24629227747399024,0.24309325218200684,0.24629227747399024,68990400
1989-08-15,0.24522610008716583,0.24735836233577024,0.24149403259321361,0.24309321555277458,17856000
1989-08-16,0.23829549551010132,0.2473582226593522,0.23669631345355469,0.2462921012883211,46670400
1989-08-17,0.2409609705209732,0.24202711087271336,0.23563032366984588,0.2377625860708017,39960000
1989-08-18,0.24522610008716583,0.24629224036272962,0.24096095330417014,0.24096095330417014,24912000
1989-08-21,0.2393617182970047,0.24682524767875091,0.2388286574263949,0.24522604676440235,32097600
1989-08-22,0.2489575892686844,0.25055677239314234,0.23882873398449955,0.23882873398449955,64771200
1989-08-23,0.252689003944397,0.25428882746148807,0.24735835757670674,0.25002368076055187,46094400
1989-08-24,0.2516229450702667,0.2580203555825261,0.2484245601083662,0.2553550134279937,92764800
1989-08-25,0.251089870929718,0.2526890541764128,0.24629228458458083,0.25055679154496,85147200
1989-08-28,0.25215598940849304,0.25375519093433924,0.24842454358488691,0.2505567878826469,28540800
1989-08-29,0.2494906783103943,0.25588808871963065,0.2489576172090831,0.25535500931579236,54417600
1989-08-30,0.252689003944397,0.25428882746148807,0.24949061978428738,0.2505567417368163,40377600
1989-08-31,0.25055673718452454,0.2548218838079685,0.25055673718452454,0.25375513958904605,14198400
1989-09-01,0.25535494089126587,0.25695414206920697,0.25055673337421064,0.25162287359367874,44409600
1989-09-05,0.25588807463645935,0.2601525815147726,0.25428887311801307,0.2548219341899865,93340800
1989-09-06,0.252689003944397,0.25588802869280425,0.2505567417368163,0.2548218884377525,42379200
1989-09-07,0.24842460453510284,0.25268911247943293,0.24735846382212232,0.2516229900689831,41904000
1989-09-08,0.2516229450702667,0.25375520781237626,0.2462922973662567,0.24735841958604776,39787200
1989-09-11,0.25322210788726807,0.2537551689154532,0.24949064408492294,0.25055676614129324,27907200
1989-09-12,0.25695425271987915,0.2601526381505408,0.2526891043246216,0.2537552450031955,67795200
1989-09-13,0.26548388600349426,0.2708145336611001,0.25802035333641515,0.2601525977574357,181022400
1989-09-14,0.271880567073822,0.2750795915515126,0.26548379929492777,0.2676160613220663,78163200
1989-09-15,0.26761606335639954,0.2750795936425813,0.2665499231834652,0.27294670931350706,89150400
1989-09-18,0.2708144783973694,0.2708144783973694,0.2665499538205136,0.2665499538205136,39110400
1989-09-19,0.2665500044822693,0.27294679256335674,0.2665500044822693,0.27188065206524537,49204800
1989-09-20,0.27721190452575684,0.27721190452575684,0.2654838480866047,0.26761611050561884,72129600
1989-09-21,0.2793441414833069,0.2846754288313127,0.27507963505709254,0.2804102818167536,89352000
1989-09-22,0.2814762592315674,0.2814762592315674,0.27614561521067016,0.27934399796270554,43948800
1989-09-25,0.2857414782047272,0.29000600184909503,0.27934407045251297,0.2814763322746969,69940800
1989-09-26,0.2868076264858246,0.28787374827620754,0.2836092245096357,0.28574148639292163,39988800
1989-09-27,0.284142404794693,0.28734080811477475,0.2804103363720262,0.28254259915123814,69235200
1989-09-28,0.2900060713291168,0.2900060713291168,0.2836092843300147,0.2836092843300147,41428800
1989-09-29,0.29213839769363403,0.2964035455803573,0.2889399943417885,0.29000613489324634,64324800
1989-10-02,0.2969365417957306,0.2985357248195507,0.29000607149912655,0.2910721935150066,50428800
1989-10-03,0.29427117109298706,0.30066793876380826,0.29373809186831784,0.30066793876380826,68918400
1989-10-04,0.32199233770370483,0.3230584593178002,0.29213822373652154,0.29427110755280655,260020800
1989-10-05,0.3379848599433899,0.3507796724089393,0.320925561451364,0.32199230524349776,284760000
1989-10-06,0.34011733531951904,0.34331636057115156,0.3337205659930509,0.3395842559568753,87609600
1989-10-09,0.3486470878124237,0.3497132101773977,0.3369190096965148,0.33905129103152254,58536000
1989-10-10,0.3465147018432617,0.353978251640509,0.3443824577571697,0.35184597094936826,68299200
1989-10-11,0.34118402004241943,0.3433163005149439,0.33691887341665144,0.34225014197615916,106401600
1989-10-12,0.33478665351867676,0.34331632509514215,0.3337205315086065,0.3411840444699541,58881600
1989-10-13,0.3134627640247345,0.3326543498694995,0.3113298978664076,0.3315882279332187,102643200
1989-10-16,0.3230585753917694,0.3251908559911161,0.29427121328356365,0.30173412217118273,253065600
1989-10-17,0.3353196680545807,0.3475807839388909,0.31666116175636927,0.3209256860434808,177206400
1989-10-18,0.3433162569999695,0.3443823787985794,0.33478658711532416,0.33638578811575925,134784000
1989-10-19,0.3593090772628784,0.36677259416912855,0.3422503473792258,0.34544875170502665,179424000
1989-10-20,0.36357390880584717,0.36464003044798976,0.3518458386415799,0.3582426417045055,93542400
1989-10-23,0.35451123118400574,0.3657062244394401,0.3518459082488389,0.3614417004221647,60912000
1989-10-24,0.344915509223938,0.35184597987290894,0.3358527944347969,0.35184597987290894,157089600
1989-10-25,0.34011733531951904,0.3529121551492522,0.33798505447399546,0.34758084905209613,71481600
1989-10-26,0.3315882980823517,0.3422502151965959,0.3305215536346305,0.33585282333470107,135460800
1989-10-27,0.3283891975879669,0.33265434415057493,0.3251908318341102,0.3315882222326227,97041600
1989-10-30,0.33958426117897034,0.34011734054981174,0.3321213696175024,0.3326544123832919,45921600
1989-10-31,0.3486470878124237,0.3497132101773977,0.34118415804748614,0.3422502804124602,56563200
1989-11-01,0.35024675726890564,0.3539782391959548,0.34864697027727576,0.34864697027727576,74649600
1989-11-02,0.32519078254699707,0.34491540772874135,0.3241246607906302,0.34491540772874135,226051200
1989-11-03,0.3337205946445465,0.33585283906808205,0.32519092145436906,0.32625704366613684,98755200
1989-11-06,0.32945528626441956,0.3401171986793945,0.32625688458359925,0.3337204319227905,88027200
1989-11-07,0.3454485535621643,0.3513129015469,0.32945536974441186,0.3305214917064821,131544000
1989-11-08,0.3550443649291992,0.36037563390385224,0.3497130959545462,0.35024676094621393,106488000
1989-11-09,0.3571764826774597,0.36037550648753136,0.3518458378733508,0.3582426409223094,111528000
1989-11-10,0.3603755533695221,0.3625078335315793,0.35717652914328285,0.35824268752683125,59169600
1989-11-13,0.3758351802825928,0.3763682230263622,0.35717663436784,0.3603756595365149,178905600
1989-11-14,0.36890459060668945,0.3806332476273899,0.3667723105035943,0.3785003818436773,95241600
1989-11-15,0.37743425369262695,0.3806332411711068,0.3678384626184025,0.36997132836593755,94492800
1989-11-16,0.37316974997520447,0.3806332613787355,0.36783848214676274,0.37956713959119087,68054400
1989-11-17,0.3705044984817505,0.37636818774382685,0.369971419182904,0.3737028644596884,31651200
1989-11-20,0.36890459060668945,0.36997133464137383,0.360375543404386,0.36997133464137383,56937600
1989-11-21,0.3758351802825928,0.3774343817240019,0.36890470948733006,0.36890470948733006,67118400
1989-11-22,0.3763682544231415,0.37743441320972054,0.37316988787856464,0.3763682544231415,38232000
1989-11-24,0.3737028241157532,0.37956717163557585,0.37316978147949953,0.3790340923942792,17971200
1989-11-27,0.3699714243412018,0.3742359489762905,0.36570627742030615,0.3731698269687802,37281600
1989-11-28,0.37103745341300964,0.3763680987204139,0.367838465905939,0.37103745341300964,56664000
1989-11-29,0.3646400272846222,0.37530193910921644,0.3593087602295309,0.37316969584342913,85896000
1989-11-30,0.37103745341300964,0.37210361175852114,0.3571765164004412,0.35824267474595267,111211200
1989-12-01,0.36250799894332886,0.37423603935416166,0.36197491950831145,0.3715707153891874,52070400
1989-12-04,0.36783871054649353,0.37210385923572203,0.35984270066239776,0.3625080616938048,40536000
1989-12-05,0.3699714243412018,0.3721037049612699,0.3667723994278165,0.3699714243412018,44049600
1989-12-06,0.36357390880584717,0.3710374191914741,0.3603755072743844,0.3689045536215952,57384000
1989-12-07,0.3646400272846222,0.36783842878833783,0.35824263859663724,0.35824263859663724,40348800
1989-12-08,0.36144164204597473,0.36677228705535964,0.3539781313892341,0.3646400436936202,107625600
1989-12-11,0.3539782464504242,0.3614417595331916,0.3497130994499,0.3614417595331916,103377600
1989-12-12,0.3518458604812622,0.3571765056278926,0.3433162279240436,0.3571765056278926,93628800
1989-12-13,0.34118402004241943,0.35184593487567095,0.3379849953503912,0.34438242244868367,95788800
1989-12-14,0.33265432715415955,0.34011725340860827,0.33265432715415955,0.3369188512131242,61516800
1989-12-15,0.3283891975879669,0.3347866245915238,0.3198595633535499,0.33372050267357156,107164800
1989-12-18,0.3337205946445465,0.3369189612798498,0.32838928808967244,0.3294554469064947,78436800
1989-12-19,0.3427833616733551,0.34331644116113375,0.3315883629844645,0.33372064433051907,70473600
1989-12-20,0.3529120683670044,0.35397819022507765,0.34438239800661413,0.3465146417227606,111009600
1989-12-21,0.356110543012619,0.356110543012619,0.3465147478551053,0.3529121764587869,55022400
1989-12-22,0.36570611596107483,0.3678383956397415,0.3529119620236676,0.3561103266341207,54892800
1989-12-26,0.3646400272846222,0.3683714713022674,0.36144162578090655,0.36623922803648,23817600
1989-12-27,0.36783871054649353,0.3710377001811342,0.36357418414333004,0.3667725514919057,62798400
1989-12-28,0.36357390880584717,0.3657061520901324,0.35397811853090005,0.3561103618151853,123091200
1989-12-29,0.37103745341300964,0.3763680987204139,0.36357394233900797,0.3646400640794812,77630400
1990-01-02,0.37850040197372437,0.37850040197372437,0.36730540921528376,0.37210363453431233,53035200
1990-01-03,0.3806334137916565,0.38489793925447285,0.37743442486240747,0.3816995726111515,113774400
1990-01-04,0.391828328371048,0.3923614076685946,0.378500467411257,0.3806333336771466,125740800
1990-01-05,0.38223257660865784,0.39236145041604514,0.38169953385808353,0.3902291695985952,69566400
1990-01-08,0.38809630274772644,0.3880963027477264,0.3774343861994517,0.38169953351129016,58982400
1990-01-09,0.3870300054550171,0.3923612724589112,0.38489772560467184,0.3880961270776726,70300800
1990-01-10,0.3763682544231415,0.38916307498842617,0.3758352116349054,0.3838318051898362,103766400
1990-01-11,0.36890459060668945,0.38169940598145685,0.3625078235074812,0.3785003818436773,95774400
1990-01-12,0.3673054873943329,0.37210371373463874,0.3582427729234387,0.3630409626586963,148910400
1990-01-15,0.3673054873943329,0.37103755509694336,0.36357404197754395,0.3657062860428381,62467200
1990-01-16,0.37850040197372437,0.38063326787087065,0.36037556257048725,0.3646400863984421,80092800
1990-01-17,0.37316974997520447,0.3859639069214987,0.3710374697950753,0.37530199355029376,97588800
1990-01-18,0.40515565872192383,0.4051556587219238,0.38169957864158044,0.3822326214546949,292363200
1990-01-19,0.40142419934272766,0.40942079300658835,0.3987588755500798,0.40622180413252623,99259200
1990-01-22,0.3870300054550171,0.40089094093580613,0.38596384722732735,0.40089094093580613,167688000
1990-01-23,0.3827657103538513,0.38916310279100935,0.38063342923341226,0.3880963582473648,139348800
1990-01-24,0.3870300054550171,0.3870300054550171,0.37157049152331,0.3753019355051214,180345600
1990-01-25,0.3870300054550171,0.39449351570422225,0.38596384722732735,0.3902289926085659,112752000
1990-01-26,0.3870300054550171,0.3891628709859104,0.3838316039820163,0.38596384722732735,68083200
1990-01-29,0.390229195356369,0.3934275984911348,0.384897925582556,0.3902291953563691,55080000
1990-01-30,0.38916295766830444,0.3944936035739675,0.38383168947692037,0.3912952379935951,73108800
1990-01-31,0.39449363946914673,0.39449363946914673,0.3891629930784454,0.3923613955548845,112939200
1990-02-01,0.39982491731643677,0.401957197884653,0.39449364851767416,0.39449364851767416,89193600
1990-02-02,0.39982491731643677,0.4072878443976238,0.3966259290858904,0.3966259290858904,71395200
1990-02-05,0.4019571542739868,0.4019571542739868,0.39769200791955955,0.3992918313066778,59731200
1990-02-06,0.400890976190567,0.4019570979069783,0.3934274286799756,0.40089097619056696,81964800
1990-02-07,0.39769211411476135,0.40408950590930587,0.39662599196416104,0.3987588585512521,134150400
1990-02-08,0.4019571542739868,0.40515551987173204,0.39769200791955955,0.3992918313066778,95227200
1990-02-09,0.4030233323574066,0.4040894543720344,0.40089108832815085,0.4019572103427787,62380800
1990-02-12,0.40408948063850403,0.4072878834953367,0.4008911143867215,0.4030233585545765,56088000
1990-02-13,0.40408948063850403,0.4062217614114092,0.4030233585545765,0.40515560272243156,58752000
1990-02-14,0.40515565872192383,0.4062218175582629,0.40302341425935584,0.4062218175582629,35870400
1990-02-15,0.4136853516101837,0.4179504996277922,0.40515567786093365,0.40515567786093365,89496000
1990-02-16,0.4179503321647644,0.4211487343332341,0.416883588024571,0.41901645401924026,70876800
1990-02-20,0.42754602432250977,0.42861214592755653,0.4136850890706561,0.4168834904908302,132652800
1990-02-21,0.40995365381240845,0.42647928944299496,0.4083544530685318,0.4211486447000958,103348800
1990-02-22,0.4110196828842163,0.41901627048343293,0.41048664049298056,0.41261888326797586,60811200
1990-02-23,0.4158177077770233,0.41688383025095943,0.407288032489328,0.4083547772493433,56851200
1990-02-26,0.4232810437679291,0.4264794464330366,0.41475137211186014,0.4158175307369279,69220800
1990-02-27,0.4179503321647644,0.4243470998966615,0.4179503321647644,0.4243470998966615,62020800
1990-02-28,0.4211488366127014,0.4254133616713219,0.41795043366747325,0.41795043366747325,39312000
1990-03-01,0.4264794886112213,0.43394300238035294,0.42008271925342333,0.42008271925342333,76867200
1990-03-02,0.44247254729270935,0.4451378701403317,0.42701303052777884,0.42754610973931967,100209600
1990-03-05,0.4488700330257416,0.4510022769436506,0.4360752151315931,0.44140648381718994,75528000
1990-03-06,0.44567105174064636,0.44780391815243037,0.43714200202676873,0.446737796089458,68630400
1990-03-07,0.4382080137729645,0.4499360856141617,0.4382080137729645,0.4467376836253777,47606400
1990-03-08,0.4531345069408417,0.45739965353645473,0.4339429212775039,0.43927422640436387,88977600
1990-03-09,0.454200804233551,0.46059819663601587,0.4488701563689457,0.4520685231246754,75744000
1990-03-12,0.4616640508174896,0.46379633068823295,0.4520682606261431,0.45313438225899744,68875200
1990-03-13,0.4531345069408417,0.46486258022995963,0.4531345069408417,0.4627302997725105,85204800
1990-03-14,0.46006491780281067,0.46379639897475305,0.45206832718589424,0.4573995950257318,130968000
1990-03-15,0.47339221835136414,0.47659120619418927,0.45953190216971695,0.46006494479338067,81676800
1990-03-16,0.48618724942207336,0.4915178980416408,0.47659145229980204,0.47765761130776435,118900800
1990-03-19,0.4968492090702057,0.4989814538911054,0.481922104331578,0.48512113045403105,81172800
1990-03-20,0.4819219410419464,0.49791516277203995,0.47978969694351503,0.49684904072282426,92145600
1990-03-21,0.48298799991607666,0.49258379187255935,0.47872347599516984,0.48138879887010644,69840000
1990-03-22,0.4744584858417511,0.4851210254198975,0.47019396051820783,0.4840542809543676,92419200
1990-03-23,0.47019368410110474,0.4829878748362029,0.46486241744617246,0.4776572304668123,53596800
1990-03-26,0.4755250811576843,0.4797896051436493,0.4707268922659127,0.47125993488600715,55929600
1990-03-27,0.47978949546813965,0.48192173867118987,0.47232594876182704,0.47392514946663145,52516800
1990-03-28,0.47339221835136414,0.47872348650397056,0.4627302677268257,0.47872348650397056,99532800
1990-03-29,0.4712599217891693,0.48085571362536456,0.4691276781579652,0.4707268791838887,64785600
1990-03-30,0.4723260700702667,0.47339222855064894,0.4659293022131881,0.4691277044442489,36691200
1990-04-02,0.4755250811576843,0.479256525918513,0.46592928905481135,0.4680615693503148,74059200
1990-04-03,0.4947168529033661,0.4957829751527483,0.4797897870249524,0.4808559092743346,84643200
1990-04-04,0.4989813566207886,0.5064449075351745,0.4925839645140794,0.49471683120524496,79646400
1990-04-05,0.4883192479610443,0.4995142405052014,0.48831924796104437,0.49844808211483965,66369600
1990-04-06,0.487253338098526,0.49151782709458286,0.48298819021146544,0.4893855825965544,72878400
1990-04-09,0.4883192479610443,0.4915176133170101,0.48512084600003874,0.48512084600003874,31176000
1990-04-10,0.5032458901405334,0.5032458901405334,0.48831944696236357,0.4888524897697317,45187200
1990-04-11,0.516040563583374,0.516040563583374,0.5043124904186717,0.5053786123335641,70372800
1990-04-12,0.5149742364883423,0.5203048809228801,0.5117752495050898,0.5192387593569789,48254400
1990-04-16,0.5181729197502136,0.5267025924143809,0.5128416501291642,0.5203051640422574,39470400
1990-04-17,0.5288347005844116,0.5373643710530424,0.5096431159039458,0.5171066645009744,66780000
1990-04-18,0.5171065926551819,0.526702383662194,0.5011133758115893,0.5256362619387167,97797600
1990-04-19,0.5075109004974365,0.5224373396341357,0.5053786200301342,0.5117754248269963,58003200
1990-04-20,0.5053786635398865,0.5160406158699941,0.5011135165573635,0.511775468887471,44661600
1990-04-23,0.5032458901405334,0.5075110379106833,0.48831944696236357,0.5021797679207425,64879200
1990-04-24,0.4947168529033661,0.5096432964958317,0.4819220315237167,0.5096432964958317,47916000
1990-04-25,0.4947168529033661,0.5011136230047148,0.4861871794122492,0.4968491340071862,53870400
1990-04-26,0.4893852770328522,0.501113309945287,0.4883191554495058,0.4989810667785944,46296000
1990-04-27,0.47978949546813965,0.4883191637759774,0.47445822856991077,0.4872530421744523,57124800
1990-04-30,0.4947168529033661,0.49471685290336614,0.475525261422368,0.4797897870249524,51451200
1990-05-01,0.487253338098526,0.5011136228317702,0.4840543124604797,0.5011136228317702,52473600
1990-05-02,0.4968492090702057,0.4989814538911054,0.48831953429044195,0.48831953429044195,33264000
1990-05-03,0.5032458901405334,0.5096432823502655,0.4968491202167324,0.4989813646563145,45892800
1990-05-04,0.526702344417572,0.526702344417572,0.5032456183667215,0.5075107638335135,47815200
1990-05-07,0.5458940267562866,0.5629533306270839,0.5245701623043433,0.5288346862804476,97351200
1990-05-08,0.5352321267127991,0.5416288945403196,0.5309669803403776,0.5352321267127991,50824800
1990-05-09,0.5352321267127991,0.5394966141944508,0.5288346999945089,0.5362982485832121,35164800
1990-05-10,0.5501585602760315,0.5544237066118345,0.5352321221175464,0.5394966095625853,48801600
1990-05-11,0.5586882829666138,0.5629534299811729,0.5394966954181735,0.5544237948429236,49168800
1990-05-14,0.5608202815055847,0.5672176693636999,0.5586880019113623,0.5650854263745073,47232000
1990-05-15,0.5522915124893188,0.5608205619207479,0.5480263654877856,0.5586882812603665,54122400
1990-05-16,0.5522915124893188,0.5522915124893188,0.5416289744309192,0.5501586461481669,38556000
1990-05-17,0.5522915124893188,0.5565560372050333,0.5480263654877856,0.5522915124893188,41731200
1990-05-18,0.582145094871521,0.5906747677480433,0.5501587209206664,0.5512248430932305,101822400
1990-05-21,0.5992035865783691,0.6162628891281541,0.5864093933550825,0.5864093933550825,159595200
1990-05-22,0.6098660826683044,0.6162628494224546,0.5885416355609124,0.6056009370115697,142437600
1990-05-23,0.6471826434135437,0.6482494608949158,0.6130646533903777,0.6141307753758622,141184800
1990-05-24,0.6525139212608337,0.6717055071802701,0.6482494334991182,0.6546461651416916,146649600
1990-05-25,0.6333222389221191,0.6503815783635218,0.6311899953658818,0.6333222389221191,104688000
1990-05-29,0.6418518424034119,0.643984159071279,0.6311899662237728,0.6333222096815642,61480800
1990-05-30,0.6439840793609619,0.6525137110270387,0.6375866176786874,0.6493153096312018,65073600
1990-05-31,0.6226602792739868,0.6439841787034872,0.6183951333376966,0.637586716034325,69436800
1990-06-01,0.640785813331604,0.6418518985487165,0.6226603147583908,0.6247926316127801,69069600
1990-06-04,0.6525139212608337,0.6589113117942201,0.6311900914605397,0.6386536405394001,59162400
1990-06-05,0.6258587837219238,0.6610435529916354,0.6205281374363735,0.6589113091194333,80258400
1990-06-06,0.6226602792739868,0.6354544725115311,0.6183951333376966,0.6247925960068589,86292000
1990-06-07,0.6141306161880493,0.6290577111073787,0.6056009470192478,0.6247925653801616,90122400
1990-06-08,0.626924991607666,0.629057894538557,0.6098662705814298,0.6141307952665354,63770400
1990-06-11,0.6386536955833435,0.643984342349968,0.6226604375017304,0.6226604375017304,58240800
1990-06-12,0.6471826434135437,0.6482494608949158,0.635454606077327,0.643984314062137,46656000
1990-06-13,0.6525139212608337,0.663175872766026,0.6407858844202579,0.6471826160628312,80265600
1990-06-14,0.6439840793609619,0.6546459542209078,0.6333221312909494,0.6525137110270387,58204800
1990-06-15,0.6482495665550232,0.6567785438290621,0.6354547096519629,0.6354547096519629,51552000
1990-06-18,0.6386536955833435,0.6503817334347293,0.6354546339904797,0.6461165864145986,52790400
1990-06-19,0.6397197246551514,0.6439842856188269,0.6290578463803765,0.6375868218875471,41716800
1990-06-20,0.6621097326278687,0.663175891202983,0.6397197436596364,0.642918146174887,39564000
1990-06-21,0.6567783951759338,0.6631758587845351,0.6482494198323159,0.6610435417385419,34308000
1990-06-22,0.6461164355278015,0.6631757750528344,0.6439841919611112,0.6589112147093745,34034400
1990-06-25,0.635454535484314,0.6525138763487086,0.6333222917502173,0.6450503277835598,68983200
1990-06-26,0.6375870704650879,0.6450506224395511,0.6354548257569922,0.6418522187723481,50198400
1990-06-27,0.6503815650939941,0.6525138086067279,0.6354544695133815,0.6375867130261152,35762400
1990-06-28,0.6525139212608337,0.6589113117942201,0.649315518834502,0.6535800798063078,30052800
1990-06-29,0.6482495665550232,0.6525140551920426,0.6418521014984403,0.6525140551920426,34956000
1990-07-02,0.6290578246116638,0.6482494098303812,0.6279910072143281,0.6482494098303812,35474400
1990-07-03,0.6141306161880493,0.6269248087984352,0.609866092746465,0.6258586504842611,79257600
1990-07-05,0.6162627935409546,0.6183950367306448,0.6034686389071808,0.6098660273668507,61855200
1990-07-06,0.6247926950454712,0.6311900855186336,0.6119984997798633,0.615196902176086,41803200
1990-07-09,0.6333222389221191,0.6375867260345937,0.6247926058064573,0.6269248493626947,37317600
1990-07-10,0.6290578246116638,0.6397197025174816,0.6269249219178691,0.6333223122176753,29700000
1990-07-11,0.6439840793609619,0.646116322554831,0.6247924996248725,0.6311898880970803,28922400
1990-07-12,0.6610437035560608,0.6631760211240261,0.6418521133433058,0.6418521133433058,89042400
1990-07-13,0.6685071587562561,0.686632660804495,0.6610436090744867,0.6631759263376844,93628800
1990-07-16,0.6759697198867798,0.6887645689573595,0.6695729908470651,0.6717052338603033,48729600
1990-07-17,0.6631758213043213,0.6781028450936313,0.6567783580572807,0.6770367598409747,54475200
1990-07-18,0.6482495665550232,0.663176008885645,0.6439844190270555,0.6589114470385201,41853600
1990-07-19,0.6546462774276733,0.6546462774276733,0.6290579554767136,0.6429182385754854,63136800
1990-07-20,0.6247926950454712,0.667441013135389,0.6226603779745963,0.6567784028397595,87724800
1990-07-23,0.6141306161880493,0.6311899545256523,0.6077332270425586,0.6247925653801616,74203200
1990-07-24,0.5928069353103638,0.6183952535495709,0.5693502021176141,0.6183952535495709,137102400
1990-07-25,0.6098660826683044,0.6119983626563789,0.5864093555728379,0.5970712679837228,60148800
1990-07-26,0.5864095091819763,0.6311901094344636,0.5629533982278373,0.6077333761945392,303321600
1990-07-27,0.5885419845581055,0.597071622038872,0.5778800292197932,0.5842774586581889,51019200
1990-07-30,0.5800121426582336,0.5885418142761814,0.5608205553918282,0.5842772896101133,87955200
1990-07-31,0.567218005657196,0.5853434728027357,0.5629534805454197,0.5821450698176405,42307200
1990-08-01,0.5693502426147461,0.5736153896835264,0.5437618493453781,0.5650857178317943,111117600
1990-08-02,0.5629533529281616,0.5693501574482448,0.5480262921515686,0.558688206497385,91771200
1990-08-03,0.5394966006278992,0.5608204650966013,0.5149743706283865,0.5586881848043525,117180000
1990-08-06,0.516040563583374,0.5288347220579247,0.4989812219534123,0.5245701977933107,113184000
1990-08-07,0.5224372148513794,0.5309668837589723,0.5117753025908097,0.5224372148513794,91065600
1990-08-08,0.5416289567947388,0.545894103657393,0.528834760778373,0.5330999076410272,86263200
1990-08-09,0.5554897785186768,0.5608204239506404,0.5394965610464155,0.5458939871344688,77054400
1990-08-10,0.5501585602760315,0.5608204743844353,0.5352321221175464,0.5554898284730942,73188000
1990-08-13,0.5544238090515137,0.5586882972844928,0.5394967092442168,0.5437618563680817,53942400
1990-08-14,0.5480261445045471,0.5618870796617826,0.5437616215084369,0.5565558127823355,33710400
1990-08-15,0.5480261445045471,0.5608203357784457,0.5480261445045471,0.5522912897862252,51408000
1990-08-16,0.526702344417572,0.5501584481828277,0.526702344417572,0.5458939250016307,53330400
1990-08-17,0.5139085054397583,0.5267027060534869,0.5117756384016486,0.5203052763010816,95227200
1990-08-20,0.47339221835136414,0.5160405333201082,0.4733922183513642,0.5139082530103269,113601600
1990-08-21,0.4627302289009094,0.46699537484327425,0.43287673305205165,0.4627302289009094,165650400
1990-08-22,0.4584658145904541,0.47339225374031296,0.4552667899034403,0.46912772940699343,79236000
1990-08-23,0.44140660762786865,0.4584659547478781,0.43500921518890484,0.44780400006683246,107445600
1990-08-24,0.4883192479610443,0.4925837717073719,0.4456709356744226,0.4456709356744226,95443200
1990-08-27,0.5181729197502136,0.5224374449393533,0.503245855318975,0.503245855318975,110116800
1990-08-28,0.5362985134124756,0.5394968806030983,0.511775648400961,0.5139085154807438,79826400
1990-08-29,0.516040563583374,0.5437617832530572,0.5117754170330072,0.5330998686082915,77954400
1990-08-30,0.5117754340171814,0.5320331420641085,0.5117754340171814,0.5181728246096419,65383200
1990-08-31,0.5245699882507324,0.5288345108118577,0.5053784104571748,0.5117752126013776,40737600
1990-09-04,0.5309671759605408,0.5331000427728894,0.5181729767010614,0.5203052212274539,47376000
1990-09-05,0.5032458901405334,0.5373645465529541,0.4989813646563145,0.5331000210687351,54676800
1990-09-06,0.49045172333717346,0.4989813971469427,0.4797898049489833,0.4947168713850437,115617600
1990-09-07,0.4925837516784668,0.5032456645939198,0.4819218021579754,0.4861869480165555,53704800
1990-09-10,0.4755250811576843,0.5117753835930026,0.4755250811576843,0.5011134330398569,74246400
1990-09-11,0.47339221835136414,0.48192185206107924,0.4648625480366069,0.47765736465160097,78868800
1990-09-12,0.4893852770328522,0.49258367838792405,0.47552496434869174,0.47978948728710996,75016800
1990-09-13,0.49045172333717346,0.4989813971469427,0.4861871975752745,0.4947168713850437,49867200
1990-09-14,0.5096433162689209,0.5139084643229321,0.48085592793053356,0.48618719827529033,67672800
1990-09-17,0.5181729197502136,0.5267025924143809,0.5053787218969066,0.5075110027940026,70394400
1990-09-18,0.526702344417572,0.5320329892428095,0.5096430071215944,0.5171065541255427,60638400
1990-09-19,0.5288347005844116,0.5394966147962468,0.5267024568412073,0.5373643710530424,52696800
1990-09-20,0.5096433162689209,0.5288349084945124,0.5096433162689209,0.5245703827264734,52444800
1990-09-21,0.516040563583374,0.518172807413159,0.4989812219534123,0.5096431365981781,79891200
1990-09-24,0.4989813566207886,0.5117755551533405,0.49045168350378043,0.5075110297377968,81439200
1990-09-25,0.5149742364883423,0.5160403946592756,0.5011133017454327,0.5085768482023542,53308800
1990-09-26,0.5139085054397583,0.5181730315489939,0.5075111122924131,0.5160407867969061,39268800
1990-09-27,0.5053786635398865,0.5245702509441762,0.49684902846570433,0.5203051039616532,65728800
1990-09-28,0.5373643636703491,0.5416288877032116,0.4947166708038903,0.49684895112284266,97984800
1990-10-01,0.5725492238998413,0.5757476265984641,0.5501586479671638,0.5522915143153676,131623200
1990-10-02,0.5618873834609985,0.5842773767161943,0.5586883580474523,0.5821450957627486,83469600
1990-10-03,0.5608202815055847,0.5746812153214412,0.5565557589221697,0.5586880019113623,57600000
1990-10-04,0.5469602942466736,0.5608206139942659,0.545894172120015,0.5565560888825801,69292800
1990-10-05,0.5522915124893188,0.5608205619207479,0.5309670586583382,0.5373644497152046,82101600
1990-10-08,0.5629533529281616,0.5672178770732026,0.5501585725266108,0.5629533529281616,38678400
1990-10-09,0.5373643636703491,0.562953338119639,0.5330998396374866,0.5565559480871474,66376800
1990-10-10,0.5075109004974365,0.5309670105790176,0.5032457538821143,0.5288347301117153,115596000
1990-10-11,0.4947168529033661,0.5139084443843642,0.4861871794122492,0.5096432964958317,83815200
1990-10-12,0.48618724942207336,0.5011136951639121,0.46059826186902425,0.4989814503581096,109252800
1990-10-15,0.4819219410419464,0.494716760019344,0.4733923057573407,0.4925838936350813,130334400
1990-10-16,0.46592947840690613,0.49151784068809873,0.4605982081233887,0.4840543258475831,300888000
1990-10-17,0.4819219410419464,0.4840542217454267,0.4563335842638628,0.4669955002519488,135820800
1990-10-18,0.5213712453842163,0.5245702336332091,0.4840541938300249,0.4861870600912852,123739200
1990-10-19,0.5288347005844116,0.5394966147962468,0.5160405426293723,0.5288347005844116,170337600
1990-10-22,0.5458940267562866,0.552291416703633,0.5267024425949164,0.5288346862804476,80294400
1990-10-23,0.5480261445045471,0.5608203357784457,0.5394964762267588,0.5437616215084369,71884800
1990-10-24,0.5576221346855164,0.558688256666251,0.5394966700212586,0.5416289505877744,54734400
1990-10-25,0.5522915124893188,0.5650857089222812,0.5458941214324524,0.5586882812603665,51501600
1990-10-26,0.5405628681182861,0.5501586621421657,0.5394967094545765,0.5437618565801045,59126400
1990-10-29,0.5331000089645386,0.5480264518037992,0.5288348612912301,0.5437619264164075,67881600
1990-10-30,0.5448281168937683,0.5480264836664771,0.5288348920380943,0.5331000399593817,52567200
1990-10-31,0.5437616109848022,0.5565558020110898,0.5437616109848022,0.5501584136576845,61200000
1990-11-01,0.5416289567947388,0.5480263476432974,0.5352321882319786,0.537364432217883,49442400
1990-11-02,0.5544238090515137,0.5608205780060315,0.5394967092442168,0.5416289899657556,74764800
1990-11-05,0.559754490852356,0.5629534795124059,0.5522915627691788,0.5565560878731298,50702400
1990-11-06,0.5480261445045471,0.5672177242556621,0.5416287560273306,0.5608203357784457,59212800
1990-11-07,0.5437616109848022,0.5522912790975125,0.5416287455449742,0.5437616109848022,63100800
1990-11-08,0.5416289567947388,0.5522914945059516,0.537364432217883,0.5416289567947388,43466400
1990-11-09,0.5522915124893188,0.5586882812603665,0.5501586461481669,0.5522915124893188,43344000
1990-11-12,0.5874755382537842,0.5906745625511103,0.5629533092066188,0.5629533092066188,87660000
1990-11-13,0.5853432416915894,0.592806789127504,0.5778796942556748,0.5864093633973336,67658400
1990-11-14,0.5928069353103638,0.5970714231849394,0.5821449835230019,0.584277264065336,59724000
1990-11-15,0.5789461731910706,0.5906748362310121,0.5736155251051605,0.5885419693526955,63129600
1990-11-16,0.5800121426582336,0.5864095336406234,0.5736153739616554,0.5757476179921656,67075200
1990-11-19,0.5928069353103638,0.5949391792476516,0.5800121172999299,0.5800121172999299,45554400
1990-11-20,0.582145094871521,0.6013366849696937,0.5810789726989569,0.5906747677480433,68868000
1990-11-21,0.5864095091819763,0.5885417897285986,0.5714830694900196,0.5800121184664163,60739200
1990-11-23,0.5864095091819763,0.599203704932357,0.5842772652404002,0.5906746559559601,22060800
1990-11-26,0.5992035865783691,0.6013364523844495,0.5778797237776706,0.5842771498346646,47577600
1990-11-27,0.6130644083023071,0.6162627729801331,0.594938950803408,0.6013363390496372,63417600
1990-11-28,0.6002704501152039,0.6205281585831921,0.5992037058569842,0.6162630118026267,77623200
1990-11-29,0.6077333688735962,0.6077333688735962,0.5949391732773385,0.599203697714165,65865600
1990-11-30,0.6162627935409546,0.6333221300497414,0.6013363591124573,0.6077331618915944,72165600
1990-12-03,0.6301240921020508,0.6354547397559112,0.620528296718166,0.6247928587673197,68241600
1990-12-04,0.635454535484314,0.6418519255773719,0.6226603409788805,0.6269249016571593,54547200
1990-12-05,0.6418518424034119,0.6461164025290703,0.6333222096815642,0.6354544531393554,68630400
1990-12-06,0.6375870704650879,0.6546464191221102,0.6311903363408006,0.6503819297059186,108201600
1990-12-07,0.6333222389221191,0.6418518720377808,0.6162628994807164,0.6333222389221191,81921600
1990-12-10,0.6311904191970825,0.642918462127276,0.6205284621558226,0.6247930253419415,55526400
1990-12-11,0.6151968240737915,0.6354544925660979,0.6141306656737082,0.6247926157249433,61768800
1990-12-12,0.6183950304985046,0.620527932557299,0.6013363530522333,0.6119983009938998,71560800
1990-12-13,0.6205281615257263,0.6269249666007514,0.6119985268149809,0.6226604054807037,50709600
1990-12-14,0.6279909610748291,0.6333222656864769,0.6183951691704885,0.622660315353922,48636000
1990-12-17,0.6311904191970825,0.6333226641850779,0.6183955582766721,0.6226607071438178,27288000
1990-12-18,0.6418518424034119,0.6461164025290703,0.6333222096815642,0.6354544531393554,51876000
1990-12-19,0.6386536955833435,0.6461165864145986,0.6375868780551102,0.6429181837126046,34264800
1990-12-20,0.6439840793609619,0.6482492246393007,0.6311898880970803,0.6333221312909494,46994400
1990-12-21,0.6461164355278015,0.6482493379852076,0.6418518751843415,0.6461164355278015,33472800
1990-12-24,0.6418518424034119,0.643984159071279,0.6375866965971468,0.643984159071279,13550400
1990-12-26,0.6397197246551514,0.6461165294956195,0.6354545780107544,0.641851968531944,16214400
1990-12-27,0.6375870704650879,0.6418522187723481,0.6354548257569922,0.6397199740642523,22629600
1990-12-28,0.6397197246551514,0.641851968531944,0.6333223341339618,0.6354545780107544,20268000
1990-12-31,0.6418518424034119,0.6418518424034119,0.6354544531393554,0.6397195989456205,23702400
1991-01-02,0.6375870704650879,0.6418522187723481,0.6375870704650879,0.6397199740642523,38109600
1991-01-03,0.6418518424034119,0.648249304877544,0.6375866965971468,0.6375866965971468,52826400
1991-01-04,0.6471826434135437,0.6525139488368537,0.6397197529101056,0.6397197529101056,58485600
1991-01-07,0.6386536955833435,0.6631759299234786,0.6375868780551102,0.641852025075241,87552000
1991-01-08,0.626924991607666,0.6418520176695919,0.6226604303175127,0.6375868706986721,76442400
1991-01-09,0.6311904191970825,0.6461168662143332,0.6269252703299368,0.6311904191970825,115624800
1991-01-10,0.667441189289093,0.6717056781361641,0.6333224965283833,0.6333224965283833,123890400
1991-01-11,0.6653080582618713,0.6738376919275858,0.6546461076923331,0.6695732045401062,62006400
1991-01-14,0.6546462774276733,0.6610436690583505,0.6439843973038286,0.6589114248117668,58658400
1991-01-15,0.6685071587562561,0.6781029524911268,0.6546462180243162,0.6546462180243162,83440800
1991-01-16,0.70155930519104,0.7068905391591779,0.667441267331943,0.6695735120047985,139917600
1991-01-17,0.7164859175682068,0.7356774994166355,0.7143530152489772,0.7335445970974059,163526400
1991-01-18,0.7271478176116943,0.7292800608959795,0.7015588483183158,0.703691091602601,103032000
1991-01-21,0.7633990049362183,0.767663493010316,0.7218167687342201,0.7218167687342201,154512000
1991-01-22,0.7580674290657043,0.776192851304937,0.7452732373041059,0.7644648177867819,113716800
1991-01-23,0.7591336965560913,0.769795573365154,0.7527362337042851,0.7527362337042851,77083200
1991-01-24,0.7719278335571289,0.7751268944972215,0.7570013960495018,0.7612659565186721,86083200
1991-01-25,0.7633990049362183,0.7761931280493727,0.7591338579712593,0.7740608840123239,86889600
1991-01-28,0.7868556976318359,0.8017828085934657,0.7591344535199246,0.7591344535199246,130989600
1991-01-29,0.7889872789382935,0.8049804626819527,0.7676634488039329,0.7868550350240312,146980800
1991-01-30,0.82097327709198,0.8231055198568618,0.7804572236867815,0.7889868536367768,148586400
1991-01-31,0.8369665145874023,0.8486945553964894,0.8188410810801919,0.8231062291759528,111420000
1991-02-01,0.8508269190788269,0.861488867427268,0.8295024367013955,0.8444295304395563,117878400
1991-02-04,0.8454961180686951,0.8593570606165573,0.8359003230766789,0.8529595955181585,88236000
1991-02-05,0.863621175289154,0.8700185644070493,0.8358999610890907,0.8465618370251378,88740000
1991-02-06,0.9020047187805176,0.9084021105945601,0.8572241474438999,0.8614892949502432,106351200
1991-02-07,0.8785485625267029,0.9297258622499118,0.8721510980696455,0.9062691270615549,133466400
1991-02-08,0.8870777487754822,0.893475214745397,0.8678861561770117,0.8785487702838066,74232000
1991-02-11,0.8892105221748352,0.8913427664857514,0.8721511766955091,0.8881444366244297,152337600
1991-02-12,0.8806802034378052,0.8934743914877639,0.8742828165726323,0.8806802034378051,96206400
1991-02-13,0.8998719453811646,0.9009380303031428,0.8678855175885316,0.8742829788512069,95493600
1991-02-14,0.8593567609786987,0.899872171152422,0.8444296648642938,0.8977399275634393,133704000
1991-02-15,0.8806802034378052,0.8892098329612238,0.8636208711809195,0.8657531138391653,115452000
1991-02-19,0.8742832541465759,0.8828128879390292,0.8657535471440376,0.8721509372110688,66564000
1991-02-20,0.876415491104126,0.887077368539668,0.8657535404584995,0.8678857841674559,52552800
1991-02-21,0.8529596924781799,0.8828132396191006,0.8529596924781799,0.878548750469442,68277600
1991-02-22,0.8721509575843811,0.8913425425531073,0.850827128840424,0.850827128840424,105343200
1991-02-25,0.8785485625267029,0.8870775390014661,0.8657537068226866,0.8806808066453937,88524000
1991-02-26,0.8678861260414124,0.874283591789188,0.8572242444059879,0.8657538814925313,55540800
1991-02-27,0.8977400660514832,0.9020045538873012,0.8636213813814586,0.872151015943919,87674400
1991-02-28,0.8849450945854187,0.9062689219377901,0.8806806073132557,0.9041366783017086,55008000
1991-03-01,0.9020047187805176,0.906269207395916,0.8700189310719848,0.8785486404038315,77724000
1991-03-04,0.9126665592193604,0.916931706196685,0.8913426545851348,0.9020046069022476,47023200
1991-03-05,0.9510495662689209,0.9595791998285542,0.9126663982757788,0.9147986419430003,76356000
1991-03-06,0.9147986769676208,0.9638437240653908,0.9105341162598187,0.9595792365676745,101088000
1991-03-07,0.8870777487754822,0.9169319554807477,0.8828132595296444,0.8892106522894434,165391200
1991-03-08,0.8742832541465759,0.904136716184865,0.8678857908694597,0.8913425217314825,134697600
1991-03-11,0.8465620875358582,0.8742833831491528,0.8337678911946619,0.8678859189280757,160970400
1991-03-12,0.8167082071304321,0.843363257398006,0.8156420490457644,0.8380320277143152,152884800
1991-03-13,0.85722416639328,0.8625553995662701,0.818840986022225,0.818840986022225,110268000
1991-03-14,0.8359000086784363,0.8657534679871888,0.827370302455779,0.8657534679871888,100216800
1991-03-15,0.8241718411445618,0.8422973374434941,0.8209735126844497,0.8380321917993055,76932000
1991-03-18,0.8465620875358582,0.8508272345067999,0.8188408651326594,0.8209737680635614,66218400
1991-03-19,0.8444300889968872,0.8614894372686877,0.8252384960651398,0.8380326961259925,92505600
1991-03-20,0.8444300889968872,0.8614894372686877,0.8422978443369402,0.8444300889968872,83217600
1991-03-21,0.8081789612770081,0.8593569942812396,0.801782228773443,0.8486943824500609,119188800
1991-03-22,0.7996494770050049,0.8145765067859247,0.7932526700810906,0.8060468696098314,95688000
1991-03-25,0.8380323052406311,0.8422974514621767,0.8017820398364327,0.8017820398364327,59824800
1991-03-26,0.8966735005378723,0.8977403182924442,0.8422977878737246,0.8422977878737246,89928000
1991-03-27,0.9190633893013,0.9318575778528737,0.8956066692595863,0.8956066692595863,91936800
1991-03-28,0.9052025675773621,0.9233279874812682,0.9041364094712854,0.9147983565823535,30492000
1991-04-01,0.9105343818664551,0.9190640914508972,0.8913427915368356,0.9041369898629629,59205600
1991-04-02,0.9574468731880188,0.959579116670458,0.9105340024906772,0.9169314650387613,96256800
1991-04-03,0.9702414870262146,0.9958304697968671,0.9617117772959249,0.9617117772959249,91778400
1991-04-04,0.9702414870262146,0.9958304697968671,0.9617117772959249,0.972373731433516,73850400
1991-04-05,0.9382556676864624,0.9745066034303137,0.9297259582301498,0.9723737002005461,108914400
1991-04-08,0.9499835968017578,0.9659767818738322,0.9339904117296837,0.9382555588033001,46526400
1991-04-09,0.9403873682022095,0.9659763353529156,0.9361228819907224,0.9510493158315642,60768000
1991-04-10,0.9169316291809082,0.9403877026781242,0.8998722872761042,0.9361232149498495,74340000
1991-04-11,0.9467848539352417,0.9510494137960708,0.9211958841486989,0.9254603707994568,47937600
1991-04-12,0.9147986769676208,0.9382554080874628,0.8849451413911187,0.9339902616989744,176731200
1991-04-15,0.9702414870262146,0.9745066347317931,0.8956073688024262,0.9041370053226075,88819200
1991-04-16,0.9574468731880188,0.9766384555214279,0.9382552908546097,0.9702410661834205,81331200
1991-04-17,0.9510495662689209,1.0022268551561395,0.947851164163047,0.9723733939327136,128383200
1991-04-18,0.9382556676864624,0.9553150133889815,0.9211963219839432,0.9489175482714819,88084800
1991-04-19,0.9147986769676208,0.9339902616989744,0.8956070922362673,0.9062689698713303,96588000
1991-04-22,0.8710846304893494,0.9062687295010513,0.8678855702187361,0.9041364863177295,139708800
1991-04-23,0.8668197989463806,0.8785484950856587,0.8572240056529492,0.8721510311196973,103910400
1991-04-24,0.8785485625267029,0.8934750034585236,0.8572240714570368,0.8657537068226866,82130400
1991-04-25,0.8593567609786987,0.8849450750380171,0.8572238584989932,0.8742831982023808,65707200
1991-04-26,0.8593567609786987,0.8721508814033178,0.842297421275311,0.8550916149100105,88372800
1991-04-29,0.8337674140930176,0.8657531794833722,0.8337674140930177,0.8636209366634527,71258400
1991-04-30,0.8444300889968872,0.8465623336568342,0.8188411031942451,0.8337681335959815,115178400
1991-05-01,0.8593567609786987,0.8593567609786987,0.8273703251609063,0.8401651776863284,111628800
1991-05-02,0.85722416639328,0.874283512223974,0.8550919220384465,0.8636215583487402,66888000
1991-05-03,0.863621175289154,0.8636211752891542,0.850826982733957,0.857223786171259,23047200
1991-05-06,0.876415491104126,0.8806806374127987,0.8550916630229575,0.8572239067319138,44755200
1991-05-07,0.863621175289154,0.8849450003713224,0.8636211752891542,0.8806805135531705,50904000
1991-05-08,0.8785485625267029,0.8806808066453937,0.855091827338346,0.8614892185853049,57592800
1991-05-09,0.9020047187805176,0.9041369630882168,0.8764157372051875,0.8806808847115307,76298400
1991-05-10,0.876415491104126,0.9126664161395937,0.8700186867671722,0.90626895291188,52070400
1991-05-13,0.8796144723892212,0.8849451182268749,0.8636212903048339,0.8806806308407855,68745600
1991-05-14,0.863621175289154,0.8806805135531705,0.8593566884710021,0.8753492095347762,58816800
1991-05-15,0.8359000086784363,0.8572238349746099,0.824171900555037,0.8550915914441413,111160800
1991-05-16,0.8476281762123108,0.8529594081582764,0.8401652860829821,0.8465620176752253,70243200
1991-05-17,0.8465620875358582,0.8486943315758979,0.8359002084447974,0.8444298434958185,44812800
1991-05-20,0.8454961180686951,0.8529595955181585,0.8337680055341262,0.8486944479623123,65937600
1991-05-21,0.8700190782546997,0.8806810336979481,0.8486945816872641,0.8508274852467353,83570400
1991-05-22,0.9105343818664551,0.9105343818664552,0.872151201207216,0.8764157631590084,88783200
1991-05-23,0.9339902400970459,0.9361231426873451,0.9126664121100254,0.9126664121100254,67752000
1991-05-24,0.9382556676864624,0.9595795020666076,0.9339905201178819,0.9382556676864624,67932000
1991-05-28,0.9446521401405334,0.9531818472441063,0.9382554088884978,0.9425198963898549,43941600
1991-05-29,0.9403873682022095,0.9553144609336246,0.9361228819907224,0.9489169995157569,64202400
1991-05-30,0.9403873682022095,0.9531815589373076,0.9297254205728547,0.9393212100443058,61833600
1991-05-31,0.9361234903335571,0.9467853716815058,0.9211963879017169,0.9425202238077253,81784800
1991-06-03,0.9553149342536926,0.9574471784158771,0.9297258812145777,0.9339904427490469,46951200
1991-06-04,0.9638438820838928,0.9681090291716358,0.9425200501077209,0.9553149056901673,35035200
1991-06-05,0.9553149342536926,0.9745065227052538,0.9553149342536925,0.9595794225780617,41385600
1991-06-06,0.9478509426116943,0.9638434618735418,0.9425196391939945,0.9617112187047122,32680800
1991-06-07,0.9403873682022095,0.9403873682022094,0.9275931774671111,0.9361228819907224,51984000
1991-06-10,0.9425198435783386,0.9467849897314826,0.9361231126847263,0.9403875999471345,29498400
1991-06-11,0.9435858726501465,0.9638435387561325,0.9425197143756548,0.9467848599441233,41846400
1991-06-12,0.9478509426116943,0.9574467323670531,0.940387396025165,0.944651882362824,51069600
1991-06-13,0.9467848539352417,0.957446802662849,0.9425197083938424,0.9467848539352416,38001600
1991-06-14,0.9681088924407959,0.9702412094481674,0.9467850634762945,0.9489173072735785,46360800
1991-06-17,0.9681088924407959,0.9787708435280904,0.959579258360873,0.9702412094481674,29419200
1991-06-18,0.9510495662689209,0.9681088333881874,0.93612312849754,0.9659765897209659,46850400
1991-06-19,0.8817468881607056,0.9361233225250718,0.8785485586020063,0.9361233225250718,157039200
1991-06-20,0.8593567609786987,0.8678857353346295,0.8444296648642938,0.8614890045676814,187999200
1991-06-21,0.8721509575843811,0.8785484210109411,0.8636213235926768,0.8636213235926768,67680000
1991-06-24,0.8369665145874023,0.8657539032075761,0.8316358664764386,0.8614894140028512,79696800
1991-06-25,0.8422976732254028,0.8550918706871331,0.8359002816541288,0.8465621616789721,97228800
1991-06-26,0.8593567609786987,0.8657534917456469,0.8380322752066228,0.8444296648642938,96638400
1991-06-27,0.8700190782546997,0.8732174818623808,0.8540258888544164,0.8668200889660796,56510400
1991-06-28,0.8716176152229309,0.8796142038235896,0.8380320602362632,0.8668194277903389,61526400
1991-07-01,0.9131995439529419,0.9163985321005147,0.8668197797800727,0.8796145610089036,72388800
1991-07-02,0.8716176152229309,0.9243941628984904,0.8700184146388977,0.9115999725457319,43920000
1991-07-03,0.8188406825065613,0.8316354616749033,0.790053307898745,0.8252380720907323,191630400
1991-07-05,0.7900534272193909,0.8156424037401061,0.786855024784573,0.8156424037401061,78758400
1991-07-08,0.85722416639328,0.8604231552114365,0.7740609993765625,0.7772594025138662,109185600
1991-07-09,0.8684195280075073,0.8796145218234676,0.8508271438621254,0.863621338840265,76948800
1991-07-10,0.8348339200019836,0.8796144787538861,0.8316355178342318,0.8732170887377071,67310400
1991-07-11,0.8476281762123108,0.8540255666953618,0.8316355785257602,0.8412313714099777,51148800
1991-07-12,0.8700190782546997,0.8764158854700619,0.8444300923504342,0.8572242924620975,35174400
1991-07-15,0.8940078616142273,0.8988060504790384,0.876415478577698,0.8796144663811277,36763200
1991-07-16,0.863621175289154,0.8956069495174436,0.8636211752891542,0.8956069495174436,42734400
1991-07-17,0.8668197989463806,0.8668197989463805,0.8316356139909611,0.8412314072843924,40526400
1991-07-18,0.85722416639328,0.8860115516715714,0.8540257632559765,0.8700189503042003,25656000
1991-07-19,0.8668197989463806,0.8700187871646863,0.8444298098219551,0.8636213964088177,24441600
1991-07-22,0.863621175289154,0.8796143552435954,0.850826982733957,0.854025384452608,35136000
1991-07-23,0.8508269190788269,0.8732169007954502,0.8508269190788269,0.8700184993160895,35596800
1991-07-24,0.8380323052406311,0.8604228770046076,0.8316355010343494,0.8572238892208033,54321600
1991-07-25,0.8444300889968872,0.8700190747995293,0.8428308871993977,0.85722428905774,90211200
1991-07-26,0.9084020256996155,0.9179978196834819,0.8540256645641108,0.8572240673318046,149294400
1991-07-29,0.8988065719604492,0.9116007735552754,0.8796149767277066,0.9084023695768205,136468800
1991-07-30,0.9307917356491089,0.9339901374519615,0.8924085712924447,0.9020043623816107,78038400
1991-07-31,0.9403873682022095,0.9467847564100134,0.9307915787307582,0.9339899799944055,111628800
1991-08-01,0.937189519405365,0.9467853145334717,0.9339905305754261,0.9435863257035327,53942400
1991-08-02,0.937189519405365,0.9563811096615783,0.937189519405365,0.9435863257035327,81369600
1991-08-05,0.9243947863578796,0.9371895710205912,0.917997979707411,0.9371895710205912,28252800
1991-08-06,0.9531816840171814,0.9595790730644734,0.9243943118252471,0.9243943118252471,53097600
1991-08-07,0.9723737239837646,0.9787711160476316,0.9531821334730268,0.9563811223453916,69235200
1991-08-08,1.0107567310333252,1.0139557193550786,0.9723735566183791,0.9723735566183791,91852800
1991-08-09,1.0331475734710693,1.049140176488398,1.0011611960745854,1.0075585886900649,114806400
1991-08-12,1.0619350671768188,1.07153086421251,1.020352889568176,1.020352889568176,56899200
1991-08-13,1.0555371046066284,1.0715302862669474,1.052338702546827,1.0715302862669474,94497600
1991-08-14,1.0555371046066284,1.0683312985264903,1.0491397148063697,1.05873550666643,67008000
1991-08-15,1.04274320602417,1.0651331981456362,1.0363458144119704,1.0555374035677476,45460800
1991-08-16,1.0459412336349487,1.053937823860272,1.0267496513664176,1.0331470406827983,52075200
1991-08-19,1.026749610900879,1.0395438033487936,0.9851680461847154,0.9915648495683786,85425600
1991-08-20,1.029948115348816,1.047540497770227,1.0235513113269548,1.0315479020349279,57326400
1991-08-21,1.0747287273406982,1.0811261173731899,1.045941350715501,1.0491397528914084,73214400
1991-08-22,1.0747287273406982,1.090721909581589,1.0651329351322991,1.0779271295166057,43627200
1991-08-23,1.090721845626831,1.106714441249315,1.0747286643237046,1.0747286643237046,43161600
1991-08-26,1.090721845626831,1.090721845626831,1.0683312746663256,1.084324455969452,44136000
1991-08-27,1.0843244791030884,1.0875228811596933,1.0747286872526185,1.0843244791030884,34204800
1991-08-28,1.09552001953125,1.1099140073415088,1.081126617401939,1.0843250210571307,41558400
1991-08-29,1.0971187353134155,1.106714527708812,1.0875229429180193,1.1003177232323398,27974400
1991-08-30,1.090721845626831,1.1035160392609467,1.0811260539810836,1.0971186496035676,22032000
1991-09-03,1.0635337829589844,1.0875229717429677,1.0555371914707552,1.0875229717429677,33494400
1991-09-04,1.0571366548538208,1.0683316514419663,1.036345863235715,1.065133248325596,38467200
1991-09-05,1.029948115348816,1.0619344781807076,1.0235513113269548,1.0619344781807076,58459200
1991-09-06,1.0331475734710693,1.0523391656365944,1.02675018085559,1.0363459769383525,50788800
1991-09-09,1.0331475734710693,1.042743369553832,1.02675018085559,1.0331475734710693,31915200
1991-09-10,1.0235515832901,1.05553736894014,1.0235515832901,1.0491399775378112,65937600
1991-09-11,1.049139380455017,1.0523383671759856,1.029947802851081,1.029947802851081,64032000
1991-09-12,1.09552001953125,1.0971192213588459,1.0619350241088923,1.0619350241088923,53808000
1991-09-13,1.0619350671768188,1.0971192658537057,1.0555376739260343,1.0939208620687992,51360000
1991-09-16,1.0619350671768188,1.0683318747466322,1.0523392701411276,1.0619350671768188,21686400
1991-09-17,1.08112633228302,1.0843247350947163,1.049139961442883,1.0587357555587653,23366400
1991-09-18,1.0843244791030884,1.0939202709535583,1.0715302851960136,1.0747286872526185,26942400
1991-09-19,1.1035164594650269,1.1163106579709994,1.084324868865635,1.087523272071912,51364800
1991-09-20,1.1067147254943848,1.1131121167948492,1.100317919874713,1.1099137139850135,30316800
1991-09-23,1.0859242677688599,1.106715063748841,1.0811266620877742,1.1035166599614508,49771200
1991-09-24,1.125905990600586,1.1291049781731637,1.0907218127472276,1.0907218127472276,47625600
1991-09-25,1.1227076053619385,1.1307041958910606,1.106714424303694,1.1259060073013338,25766400
1991-09-26,1.1418993473052979,1.1514951401397961,1.1163103711863973,1.1195093592517067,48000000
1991-09-27,1.1291049718856812,1.1450975669370158,1.1227075824567745,1.1450975669370158,33273600
1991-09-30,1.1387009620666504,1.145097766932159,1.113111985562445,1.129105169087664,27700800
1991-10-01,1.1371015310287476,1.1418991337082274,1.1259059534154172,1.1387007319219076,19627200
1991-10-02,1.113111972808838,1.157892534757938,1.1035161799397961,1.1323035585469212,67219200
1991-10-03,1.1195095777511597,1.12910537245851,1.1035163913452992,1.1067147943541396,34632000
1991-10-04,1.127506136894226,1.1387011327678167,1.119509543932858,1.1259063497573032,26457600
1991-10-07,1.1323035955429077,1.1371017849745595,1.1099136066771635,1.116310411678384,27187200
1991-10-08,1.1418993473052979,1.1450977496898922,1.1259061640208956,1.1259061640208956,37708800
1991-10-09,1.1450977325439453,1.1674883059429895,1.1418993302072418,1.1450977325439453,60931200
1991-10-10,1.1482969522476196,1.1578927468745333,1.132303765975822,1.1578927468745333,42048000
1991-10-11,1.1466972827911377,1.1642890776939403,1.1227075131736306,1.1610906760171735,69921600
1991-10-14,1.1802822351455688,1.1802822351455688,1.1514948635566526,1.1514948635566526,50625600
1991-10-15,1.1690878868103027,1.1802828843054078,1.1610912926906858,1.1802828843054078,57854400
1991-10-16,1.1610907316207886,1.1706865227912082,1.149895739535401,1.1706865227912082,100200000
1991-10-17,1.1418993473052979,1.1610909329742944,1.1323035544707996,1.1610909329742944,95563200
1991-10-18,1.151495099067688,1.1674882817816372,1.1482966967971757,1.151495099067688,37843200
1991-10-21,1.1642895936965942,1.1706869855659796,1.1482969925443982,1.1514953956386684,28704000
1991-10-22,1.1690878868103027,1.1866802767372808,1.1674886851225588,1.170687088498047,32496000
1991-10-23,1.1546931266784668,1.1770836923491363,1.148296324212993,1.1738847054358956,36724800
1991-10-24,1.1546931266784668,1.1578921135917075,1.1418989360670155,1.1578921135917075,26942400
1991-10-25,1.1450977325439453,1.161090915588876,1.1418993302072418,1.1546935252347625,28080000
1991-10-28,1.1546931266784668,1.1546931266784668,1.1227073573095867,1.1450973372997524,37953600
1991-10-29,1.1610907316207886,1.1610907316207886,1.1482965386204333,1.1546933422803043,36523200
1991-10-30,1.2090697288513184,1.2122681307907137,1.1610907713572183,1.1610907713572183,65592000
1991-10-31,1.2010730504989624,1.2186654312405385,1.193076460554556,1.209069640443369,41092800
1991-11-01,1.185080647468567,1.199474043145976,1.1770840562341462,1.1962756409244817,34296000
1991-11-04,1.1642895936965942,1.1834811836239052,1.161091190602324,1.180282780529635,28838400
1991-11-05,1.1994740962982178,1.2090698890686036,1.1642893275798996,1.1674883156238356,51739200
1991-11-06,1.218665599822998,1.221864001970971,1.1930766255971994,1.20267241772179,38308800
1991-11-07,1.2122682332992554,1.2250630135000218,1.2090698310894052,1.2218640256094886,20894400
1991-11-08,1.218665599822998,1.2378571840721793,1.215467197675025,1.215467197675025,36494400
1991-11-11,1.2474528551101685,1.2538502444658102,1.223463669967588,1.2282612727238582,40564800
1991-11-12,1.2778395414352417,1.2890345345268548,1.253850354193309,1.2570487563107224,80035200
1991-11-13,1.2922334671020508,1.301829258724886,1.2634460922335444,1.2730418838563797,57523200
1991-11-14,1.2698427438735962,1.2986301152889717,1.2634459406794487,1.2986301152889717,44371200
1991-11-15,1.2154673337936401,1.2858362886942751,1.2122683456067451,1.2666447022958531,71592000
1991-11-18,1.2442547082901,1.2506515132761904,1.215467328810489,1.2186657313035343,72432000
1991-11-19,1.2314599752426147,1.245853958387183,1.2058715829334499,1.2314599752426147,71976000
1991-11-20,1.2346593141555786,1.2474535139434082,1.2282619214212018,1.2410561212090312,36441600
1991-11-21,1.2442547082901,1.2442547082901,1.2250631219703594,1.2314599269564497,35558400
1991-11-22,1.2282612323760986,1.2474528141319752,1.2186654414981604,1.2410554249864845,38102400
1991-11-25,1.2234638929367065,1.2410556919296474,1.2186657036253796,1.2250630941469083,33724800
1991-11-26,1.2090697288513184,1.2314597137883538,1.1866797439142829,1.229860512818656,58809600
1991-11-27,1.218665599822998,1.221864001970971,1.20267241772179,1.2058714055504347,15009600
1991-11-29,1.2442547082901,1.2506515132761904,1.212268340636709,1.212268340636709,20524800
1991-12-02,1.2954320907592773,1.2986304932873247,1.2282615379050925,1.2314599404331399,55852800
1991-12-03,1.2970311641693115,1.3146235477008974,1.2730419762121916,1.292233560850161,64996800
1991-12-04,1.3050278425216675,1.3178220379077177,1.279438866068845,1.3018294400953359,36297600
1991-12-05,1.3018296957015991,1.3082265018102364,1.2890349121226492,1.301829695701599,24892800
1991-12-06,1.3338152170181274,1.346609412362138,1.2922336428895533,1.298630447721198,51580800
1991-12-09,1.3050278425216675,1.3274178308674358,1.2954320495619494,1.3210210260147721,57720000
1991-12-10,1.3018296957015991,1.3050280987559177,1.2794391172788557,1.3050280987559177,46252800
1991-12-11,1.2890348434448242,1.314623823558544,1.273042243344455,1.306627230667956,39134400
1991-12-12,1.3050278425216675,1.3210210260147721,1.2858362566022312,1.2922336471356175,36979200
1991-12-13,1.3050278425216675,1.3146236354813858,1.2986304519882812,1.3082262449479993,26193600
1991-12-16,1.3066273927688599,1.308226594409214,1.2890350033632065,1.3050281911285058,27225600
1991-12-17,1.3034285306930542,1.3242193160612468,1.2826377453248619,1.305027731770504,27480000
1991-12-18,1.3162227869033813,1.321020976042092,1.2954320005572704,1.3050277931539909,33561600
1991-12-19,1.314623475074768,1.3210208648275632,1.2954318914970344,1.3098258720206604,38116800
1991-12-20,1.3210209608078003,1.3434109480483754,1.3082261803725914,1.33061675329386,35356800
1991-12-23,1.3658010959625244,1.3658010959625244,1.3114253225985193,1.3210211162134335,46113600
1991-12-24,1.3594039678573608,1.3753965629639704,1.3562049802915401,1.3658007716277552,23995200
1991-12-26,1.380194902420044,1.3849925057725387,1.3530067263805101,1.3594041165311908,24326400
1991-12-27,1.4121809005737305,1.4265748842223696,1.3785959148615363,1.384992720322462,36657600
1991-12-30,1.4169789552688599,1.4233757601199746,1.4009857717796277,1.41377996716258,35524800
1991-12-31,1.4233754873275757,1.4329712784459203,1.3913897121599639,1.4169786837024194,40512000
1992-01-02,1.4585601091384888,1.4681558993301893,1.4009853679882853,1.4169785468679708,74265600
1992-01-03,1.4457658529281616,1.4617584454136503,1.429772674762145,1.458560044052658,38246400
1992-01-06,1.4905457496643066,1.5065389271324618,1.4377692011081975,1.4489641910637052,63057600
1992-01-07,1.5353264808654785,1.5385248824737572,1.4809501394413018,1.490545929946711,64363200
1992-01-08,1.5897027254104614,1.6088943052517124,1.5193332088721836,1.5225321959660834,90763200
1992-01-09,1.628086805343628,1.6504767992538363,1.5865046350635532,1.5897036239656317,88348800
1992-01-10,1.6024975776672363,1.6344833620344665,1.586504392643232,1.6248875681562198,64641600
1992-01-13,1.6264877319335938,1.6488777276085926,1.5705121570651819,1.5865047601126465,52804800
1992-01-14,1.6408807039260864,1.6440791065625697,1.6120933231554533,1.6312849103358753,44006400
1992-01-15,1.6824619770050049,1.7048525484580588,1.6408804075189345,1.6472777973170436,65294400
1992-01-16,1.6344835758209229,1.688859943470211,1.63128517267009,1.6792641483368576,58761600
1992-01-17,1.6184909343719482,1.6568741139564147,1.5833061578592404,1.634483535411582,85027200
1992-01-20,1.5673128366470337,1.628086589561313,1.5673128366470337,1.628086589561313,58862400
1992-01-21,1.5273303985595703,1.5737101656903278,1.4841496197804025,1.5641143719970942,120019200
1992-01-22,1.6056958436965942,1.6056958436965942,1.5225326942858495,1.5353268898073344,56131200
1992-01-23,1.5992990732192993,1.6552746315624898,1.5833058892124616,1.6056958782774413,75590400
1992-01-24,1.5945016145706177,1.6056966142342362,1.5865050189020302,1.5929024125731022,37756800
1992-01-27,1.5433237552642822,1.6056961283807378,1.541724553750655,1.5961003336181423,46233600
1992-01-28,1.5449227094650269,1.5577169052067683,1.484149547590831,1.5481211119802776,95539200
1992-01-29,1.5929017066955566,1.608894890945521,1.5577169356179346,1.5673127290317632,97344000
1992-01-30,1.5801074504852295,1.5961000484449566,1.5545184737966469,1.5929016459891567,41923200
1992-01-31,1.538524866104126,1.5833054165464362,1.532128062955629,1.5801070149721879,49948800
1992-02-03,1.5992990732192993,1.6056958782774413,1.5033411405397563,1.5129369338077105,80265600
1992-02-04,1.5929017066955566,1.6120932935232137,1.5673127290317632,1.602497500109385,58440000
1992-02-05,1.628086805343628,1.6440794071305476,1.5801078286211327,1.5961004304080522,71212800
1992-02-06,1.6152909994125366,1.650475755314682,1.6088941970161448,1.61848998629123,62356800
1992-02-07,1.6088954210281372,1.6312854178103173,1.5865048385650138,1.6152922282910782,36499200
1992-02-10,1.5929017066955566,1.6120932935232137,1.5609159238763777,1.6072956896566746,41371200
1992-02-11,1.5673128366470337,1.596100218865127,1.5545186397770336,1.5897034132705221,41078400
1992-02-12,1.6088954210281372,1.6216896212349625,1.5177350607217948,1.5177350607217948,83342400
1992-02-13,1.5673128366470337,1.6184907954886154,1.5545186397770336,1.6056960129378246,97358400
1992-02-14,1.5161348581314087,1.5673122108583593,1.509737469410331,1.5641138093380988,82632000
1992-02-18,1.5129375457763672,1.5641149353459707,1.5097385562725945,1.5257317467485234,73694400
1992-02-19,1.4729548692703247,1.5097382631333258,1.4521634914161965,1.5097382631333258,145372800
1992-02-20,1.5033410787582397,1.5257310669030772,1.4809505049326848,1.4841494930110313,74323200
1992-02-21,1.4649579524993896,1.5161353208453157,1.4553621593294828,1.4969437345055014,91118400
1992-02-24,1.46975576877594,1.4905465593703724,1.4457665752226165,1.4649581643376033,59049600
1992-02-25,1.4809502363204956,1.490546027453632,1.4489644611035783,1.4713544451873593,57388800
1992-02-26,1.5609161853790283,1.5609161853790283,1.4841498252076146,1.4841498252076146,100670400
1992-02-27,1.5976998805999756,1.602497484419542,1.570511701913532,1.570511701913532,79579200
1992-02-28,1.5801074504852295,1.6184906226777391,1.5641142668447743,1.5992990365814843,58276800
1992-03-02,1.5737113952636719,1.608896194856398,1.55771819805221,1.583307196454304,34876800
1992-03-03,1.5769087076187134,1.6024976882873674,1.5673129130780703,1.5801076962528071,27734400
1992-03-04,1.5673128366470337,1.5897034132705221,1.5577170425743359,1.5769086307197313,33086400
1992-03-05,1.5513203144073486,1.5769087094244858,1.5257313337093918,1.5673129148728546,55689600
1992-03-06,1.5129375457763672,1.560916531523176,1.4937459514776437,1.5449233410472472,61867200
1992-03-09,1.5225330591201782,1.5417246498415214,1.5129372637595067,1.5193340702127083,30427200
1992-03-10,1.557717204093933,1.570511987971414,1.525731415761933,1.5289298188908775,45480000
1992-03-11,1.538524866104126,1.5769080277173728,1.5257306741265657,1.5641138357398128,39532800
1992-03-12,1.5497204065322876,1.554518008780841,1.5161348480702028,1.5385248299245575,50025600
1992-03-13,1.5481204986572266,1.5737094656837987,1.5417236961609637,1.567312077507029,36763200
1992-03-16,1.5897027254104614,1.5897027254104616,1.5417237758073343,1.54812057863406,55132800
1992-03-17,1.6376818418502808,1.647277632748465,1.596099690837752,1.6040962808663382,94473600
1992-03-18,1.6168912649154663,1.6504762444921215,1.6120930760155605,1.6440788545191376,69230400
1992-03-19,1.6312845945358276,1.666469359448777,1.6152914130880054,1.6248872048205691,111576000
1992-03-20,1.6440783739089966,1.6504757620118449,1.6312841833838,1.6312841833838,35774400
1992-03-23,1.6440783739089966,1.653674163223019,1.6344825845949742,1.6440783739089966,37843200
1992-03-24,1.6312845945358276,1.6616711707421712,1.6184904007859586,1.650476178000955,70228800
1992-03-25,1.6440783739089966,1.653674163223019,1.6248867952809518,1.6312841833838,36739200
1992-03-26,1.5992990732192993,1.650476442088142,1.589703279951345,1.647278039559071,60403200
1992-03-27,1.5513203144073486,1.5992992871655056,1.528929736666329,1.5929018955708114,89971200
1992-03-30,1.5353264808654785,1.5609154507734273,1.5353264808654785,1.554518061876297,40713600
1992-03-31,1.5161348581314087,1.5609154078178384,1.5065390678900705,1.5417238273351623,86702400
1992-04-01,1.541724443435669,1.544922846234068,1.496943875854128,1.5001422786525271,74203200
1992-04-02,1.496943712234497,1.5545184703973625,1.4937453097856912,1.5417242749214124,56918400
1992-04-03,1.5033410787582397,1.5257310669030772,1.4937452858846354,1.5033410787582397,59534400
1992-04-06,1.5513203144073486,1.5561179188427545,1.506539744606129,1.506539744606129,40123200
1992-04-07,1.4841492176055908,1.5673123499575559,1.480950230120863,1.5609155463493178,72758400
1992-04-08,1.5001423358917236,1.5033413244929736,1.4489649607606687,1.4809507470074765,105388800
1992-04-09,1.5353264808654785,1.5385248824737572,1.4921457164314234,1.512936498246381,70008000
1992-04-10,1.4841492176055908,1.5609155463493178,1.4585602461308123,1.551319755256352,126446400
1992-04-13,1.5033410787582397,1.5113376704330295,1.4617589191854763,1.4937452858846354,45552000
1992-04-14,1.496943712234497,1.5385252867918797,1.4905463216561587,1.5129368958399798,72806400
1992-04-15,1.6488770246505737,1.6536746278151992,1.6184904475659525,1.6472778235956986,223305600
1992-04-16,1.6328842639923096,1.6504766514957527,1.6248876709743065,1.6504766514957527,66393600
1992-04-20,1.511337161064148,1.5992984684796314,1.4777516044855794,1.5929010801597803,226118400
1992-04-21,1.4857488870620728,1.5161354708259198,1.4777522943493142,1.5129370680131338,99244800
1992-04-22,1.5049408674240112,1.5161358658664965,1.4649584791233015,1.490546879654426,61790400
1992-04-23,1.4809502363204956,1.5225323883511603,1.4361702681529338,1.5161349990355324,115334400
1992-04-24,1.436170220375061,1.4937449652585078,1.432971232983364,1.4841491744446,90393600
1992-04-27,1.4489643573760986,1.4905459207494394,1.4393685669298995,1.4393685669298995,99585600
1992-04-28,1.3945887088775635,1.4649582642174779,1.3690003121001946,1.4553624690057496,199876800
1992-04-29,1.4249759912490845,1.4265751929604136,1.3849930200613316,1.4009862085364329,137308800
1992-04-30,1.4105814695358276,1.442567248674825,1.404184079435755,1.4329714563650575,95870400
1992-05-01,1.4553624391555786,1.458560842266934,1.4105818671923638,1.4137802703037192,62083200
1992-05-04,1.4585601091384888,1.484149078209875,1.4393685287550877,1.4521627204505039,73920000
1992-05-05,1.4905457496643066,1.5033405259110315,1.4489641910637052,1.4553615791870678,59246400
1992-05-06,1.4841492176055908,1.5001418123067949,1.4777518283167441,1.4969434105026758,50016000
1992-05-07,1.4713553190231323,1.4905469126872644,1.4617595221910662,1.484150105253193,40579200
1992-05-08,1.4649579524993896,1.4969437345055014,1.4489647686559661,1.4841495388392039,59822400
1992-05-11,1.4585601091384888,1.4745532880181744,1.4489643189467882,1.4681558993301893,41112000
1992-05-12,1.4617589712142944,1.4745537526216534,1.4425673847839942,1.4681563619179738,49905600
1992-05-13,1.4425673484802246,1.461758934427548,1.4201773601019219,1.455362129565589,64320000
1992-05-14,1.4169789552688599,1.445766334141044,1.3977873693540703,1.442567346034764,72307200
1992-05-15,1.407382845878601,1.4265744274783976,1.4009854567851387,1.4105812475850368,40814400
1992-05-18,1.4425673484802246,1.4521631414538863,1.4137799695592397,1.4169789576709426,37526400
1992-05-19,1.4649579524993896,1.4649579524993896,1.4489647686559661,1.4489647686559661,51240000
1992-05-20,1.4937454462051392,1.4969438489460458,1.4649580644946383,1.4649580644946383,58800000
1992-05-21,1.4921460151672363,1.496943618540161,1.4745536314384655,1.496943618540161,48566400
1992-05-22,1.4809502363204956,1.49694341676926,1.4713544451873593,1.49694341676926,36969600
1992-05-26,1.4777523279190063,1.4969439165932792,1.4713549364673133,1.4841497193706996,38217600
1992-05-27,1.4713553190231323,1.4873485089702285,1.4681569153060967,1.4809511158551982,31166400
1992-05-28,1.5225330591201782,1.5289298655733798,1.4649582869561488,1.4681566901827496,62702400
1992-05-29,1.5481204986572266,1.5641136762588976,1.528928919807424,1.5321279067360625,89918400
1992-06-01,1.5897027254104614,1.5897027254104616,1.5353263873000715,1.5417237758073343,68529600
1992-06-02,1.5721096992492676,1.5929004712404287,1.564113113326445,1.589702071143418,42585600
1992-06-03,1.5737113952636719,1.5897045924751336,1.567313999242842,1.567313999242842,28190400
1992-06-04,1.5689119100570679,1.58010690043602,1.5673121237053398,1.576907913413088,41755200
1992-06-05,1.5481204986572266,1.5737094656837987,1.5449220974090951,1.567312077507029,40939200
1992-06-08,1.5129375457763672,1.5481217448700415,1.5129375457763672,1.5449233410472472,40228800
1992-06-09,1.4713553190231323,1.522533292581457,1.4585611184740306,1.5161358994664265,84604800
1992-06-10,1.4393693208694458,1.4777525027592977,1.432971928660845,1.4745540994954354,65457600
1992-06-11,1.3817942142486572,1.474553743302446,1.3753968235854093,1.4393689731756845,130732800
1992-06-12,1.4393693208694458,1.4457667130780465,1.3929895451390621,1.410581934452057,138028800
1992-06-15,1.4537632465362549,1.4969440315283784,1.439369261084979,1.439369261084979,54940800
1992-06-16,1.3961882591247559,1.468156418154704,1.3913900694930201,1.448964830989283,57376000
1992-06-17,1.3889912366867065,1.4057840215038981,1.3721984518695152,1.3913900386089488,70032000
1992-06-18,1.3865923881530762,1.43457135338881,1.3626026126948452,1.4009857848834324,53356800
1992-06-19,1.4105814695358276,1.4249754508408206,1.3961880739115178,1.4105814695358276,43110400
1992-06-22,1.4249759912490845,1.4297735963830718,1.3721988206897937,1.4057843993513253,54080000
1992-06-23,1.4105814695358276,1.4537628277701231,1.3961880739115178,1.434571243150588,57420800
1992-06-24,1.3865923881530762,1.4153797672945165,1.3769965951059293,1.4153797672945165,34096000
1992-06-25,1.343410849571228,1.3865922054334858,1.2762403070926667,1.3865922054334858,165340800
1992-06-26,1.2810388803482056,1.338613648326084,1.2618472910222462,1.3338154581541808,140982400
1992-06-29,1.3865923881530762,1.396188181200223,1.3098260437759017,1.314623647459111,90963200
1992-06-30,1.343410849571228,1.4009856002671377,1.3338150577885763,1.3961879972161373,74048000
1992-07-01,1.3841930627822876,1.396188243890362,1.3338152934429408,1.348209276500328,45136000
1992-07-02,1.3410125970840454,1.4009861738598792,1.3194222031536877,1.39618856884464,80563200
1992-07-06,1.3338152170181274,1.3482091992507699,1.30023023460983,1.3434110099463155,36224000
1992-07-07,1.3050278425216675,1.3386134107210423,1.2906344459224517,1.3386134107210423,54396800
1992-07-08,1.317022442817688,1.324219433987803,1.2570488829884217,1.3050278479879798,93417600
1992-07-09,1.3242194652557373,1.3578050343888248,1.3098260682563705,1.3242194652557373,61174400
1992-07-10,1.3338152170181274,1.3434110099463155,1.2978308471172424,1.3290176133943938,28905600
1992-07-13,1.343410849571228,1.3674006218681825,1.3146234742232732,1.3386132465202276,35113600
1992-07-14,1.3650016784667969,1.3721986710639158,1.3482094766479744,1.3530070812588262,41116800
1992-07-15,1.3721985816955566,1.4057841545075278,1.3626027874179654,1.3769967716747538,80172800
1992-07-16,1.3865923881530762,1.3865923881530762,1.3578050090116358,1.3626026126948452,42291200
1992-07-17,1.348209023475647,1.3817940015052441,1.3386132317985273,1.3769963985070064,59865600
1992-07-20,1.3290177583694458,1.3482093463193239,1.3146237745666451,1.333815362516523,48707200
1992-07-21,1.3769967555999756,1.3961883439311196,1.3338153890145037,1.3434111831800757,45907200
1992-07-22,1.343410849571228,1.3769964136508341,1.3338150577885763,1.3769964136508341,59008000
1992-07-23,1.362602710723877,1.3865924879079923,1.3194219317455476,1.338613519220532,68441600
1992-07-24,1.3961882591247559,1.4153798462901768,1.3626026887448888,1.3650014907203762,76259200
1992-07-27,1.400985836982727,1.4105816303867185,1.386592439717115,1.3961882331211064,30512000
1992-07-28,1.4201774597167969,1.429773253363532,1.3961882684403413,1.4105816660700616,45363200
1992-07-29,1.4201774597167969,1.4345714430272818,1.3817942851298564,1.429773253363532,145273600
1992-07-30,1.4033845663070679,1.4297731432229739,1.4009857645003636,1.4105815574079004,32035200
1992-07-31,1.3961882591247559,1.4105816566584413,1.3865924655420452,1.4105816566584413,35312000
1992-08-03,1.4153796434402466,1.4249754356477036,1.3817940778738087,1.3961880590253326,31516800
1992-08-04,1.4177782535552979,1.4297728457741936,1.4105812639517212,1.4201770548629575,31430400
1992-08-05,1.3817942142486572,1.4153797831297905,1.3674008173572676,1.4153797831297905,60150400
1992-08-06,1.3721985816955566,1.381794375973148,1.34820938884198,1.3721985816955566,3705600
1992-08-07,1.3578052520751953,1.4153800206646558,1.3530070618523238,1.372198651382144,55008000
1992-08-10,1.3602041006088257,1.391390288235265,1.3578052982562194,1.362602902961432,42067200
1992-08-11,1.3697996139526367,1.3793954070702021,1.343411036459149,1.3674008120934285,33436800
1992-08-12,1.362602710723877,1.3913900919363533,1.3578051066955161,1.3769966941705003,30441600
1992-08-13,1.3602041006088257,1.3769968884387749,1.3530071078701542,1.3674010933474972,28227200
1992-08-14,1.362602710723877,1.3769966941705003,1.3578051066955161,1.362602710723877,33942400
1992-08-17,1.3338152170181274,1.3626025958026915,1.3338152170181277,1.357804992178958,63318400
1992-08-18,1.3338152170181274,1.357804992178958,1.3050278382335636,1.3242194240899396,66313600
1992-08-19,1.3290177583694458,1.353006950466401,1.3194219643945069,1.333815362516523,27433600
1992-08-20,1.3506076335906982,1.3578046227488698,1.324219063797776,1.333814854115151,36534400
1992-08-21,1.3386131525039673,1.3602035360783902,1.3242191730006123,1.3530065463267127,52710400
1992-08-24,1.3242194652557373,1.343411051708719,1.3194218614828614,1.336214060368666,42800000
1992-08-25,1.3506076335906982,1.3578046227488698,1.3146232734804009,1.3194214614793691,37123200
1992-08-26,1.3745969533920288,1.3865921317433503,1.3482089666526087,1.3482089666526087,50016000
1992-08-27,1.412980318069458,1.4201773089607184,1.3817941384482664,1.3817941384482664,88028800
1992-08-28,1.4273748397827148,1.4297736424269587,1.4105820499111605,1.4105820499111605,49468800
1992-08-31,1.429772973060608,1.4393687648261155,1.410581389529593,1.424975370018179,25651200
1992-09-01,1.429772973060608,1.4321717745818223,1.4057837864871643,1.4201771812951005,30825600
1992-09-02,1.4465662240982056,1.4537632166760175,1.415380037168807,1.429773436643591,61955200
1992-09-03,1.470555305480957,1.4825504874161137,1.4489649150869461,1.4537631049971678,85296000
1992-09-04,1.4585601091384888,1.4681558993301893,1.4489643189467882,1.463358297074616,28585600
1992-09-08,1.4729548692703247,1.4753536716716558,1.4441674834117602,1.45856088350061,49376000
1992-09-09,1.4993427991867065,1.5041409894530677,1.468156612338292,1.4729548026046533,60982400
1992-09-10,1.5161348581314087,1.5161348581314087,1.4873474874073946,1.50174146560968,53302400
1992-09-11,1.511337161064148,1.5209329507036646,1.4969431837646128,1.5065389734041297,30796800
1992-09-14,1.5689119100570679,1.5737095120706799,1.5305287512260757,1.5305287512260757,95100800
1992-09-15,1.5593165159225464,1.5689123080645908,1.5353267427270991,1.5641141191532324,44614400
1992-09-16,1.5425240993499756,1.5689126804237206,1.5257313126957004,1.5305295027458412,35708800
1992-09-17,1.5569170713424683,1.564114061604369,1.540124874972235,1.5449224780264013,23590400
1992-09-18,1.5329278707504272,1.564114047360459,1.5041404956456335,1.559316444349983,71683200
1992-09-21,1.5185333490371704,1.5257303366679777,1.5017411588058696,1.5113369470868,31811200
1992-09-22,1.4921460151672363,1.5185340050797023,1.4873478261136215,1.51613520339324,30777600
1992-09-23,1.5185333490371704,1.5305285236486617,1.4873471835442549,1.4921453705249388,37654400
1992-09-24,1.5401253700256348,1.544922974621929,1.5209337802787786,1.5209337802787786,36953600
1992-09-25,1.511337161064148,1.5425233309724473,1.4585600252065458,1.5401245299826982,41817600
1992-09-28,1.4777523279190063,1.5017421066022507,1.463358929253705,1.46815653358187,52854400
1992-09-29,1.511337161064148,1.5161347630436464,1.4777516044855794,1.4777516044855794,39392000
1992-09-30,1.5449227094650269,1.5449227094650269,1.5113377260126784,1.53052931246566,59843200
1992-10-01,1.5281299352645874,1.5545185132366293,1.525731133361877,1.535326926653461,47804800
1992-10-02,1.511337161064148,1.5305287403431815,1.4969431837646128,1.5209329507036646,36803200
1992-10-05,1.5689119100570679,1.5689119100570679,1.4537624335640913,1.5065389841164436,71347200
1992-10-06,1.583305835723877,1.6024974216114392,1.5593166462047852,1.5785082320923474,74316800
1992-10-07,1.5569170713424683,1.6168912092841057,1.554518269815385,1.5833056451823366,58153600
1992-10-08,1.600098729133606,1.6216891183122473,1.568912546355484,1.5785083399549646,59532800
1992-10-09,1.5809074640274048,1.6024978576048547,1.5641146753867745,1.6024978576048547,40182400
1992-10-12,1.609694480895996,1.6120932828133292,1.5881040922785041,1.5929016961131706,34700800
1992-10-13,1.6168912649154663,1.6384816507633642,1.597699680677186,1.6264870570346066,86643200
1992-10-14,1.6024975776672363,1.6312849593019771,1.5929017837889896,1.6192903633743632,47456000
1992-10-15,1.6216892004013062,1.6264873902843093,1.58810421394345,1.5977000080286647,35942400
1992-10-16,1.6384814977645874,1.6408802991502085,1.6072953227096647,1.626486905155866,47644800
1992-10-19,1.6864607334136963,1.6936577244440887,1.6312847783152091,1.6312847783152091,83280000
1992-10-20,1.6864607334136963,1.7224451028849455,1.6696679495696847,1.6936577244440887,84150400
1992-10-21,1.727242350578308,1.7272423505783083,1.6840615846541471,1.6936573754906932,60396800
1992-10-22,1.7224444150924683,1.7320402040743748,1.6936570481467486,1.7272420167431815,49174400
1992-10-23,1.7008535861968994,1.7320403421343342,1.693657183147208,1.7320403421343342,46006400
1992-10-26,1.727242350578308,1.7320405388368778,1.6840615846541471,1.6984549780686697,40121600
1992-10-27,1.6888601779937744,1.7320415549306745,1.6792643815279007,1.7272433638572693,49116800
1992-10-28,1.6984553337097168,1.7032535229729835,1.6744661444355307,1.6936577301271658,36172800
1992-10-29,1.727242350578308,1.7272423505783083,1.6984549780686697,1.7032531663272394,32774400
1992-10-30,1.7032537460327148,1.7272429384485486,1.6984555561410728,1.7248441363431237,24998400
1992-11-02,1.7200465202331543,1.7272435146310305,1.6840627196057487,1.7080519200240192,31091200
1992-11-03,1.6936583518981934,1.7224457410039904,1.6816631671767464,1.7176475499792254,35267200
1992-11-04,1.6984553337097168,1.7224451086646186,1.6888595408638993,1.6936577301271658,23657600
1992-11-05,1.7632273435592651,1.7704243356820744,1.6936579815209178,1.7080513800857333,90361600
1992-11-06,1.7800201177597046,1.7896159119641213,1.7512327351464543,1.7608285293508712,61155200
1992-11-09,1.7632273435592651,1.780020129952219,1.736838762896167,1.780020129952219,54796800
1992-11-10,1.782419204711914,1.7896161979354683,1.75603062001281,1.765626415750585,38710400
1992-11-11,1.7992109060287476,1.8232000880309915,1.7704235362177319,1.7800193261547372,60748800
1992-11-12,1.7944139242172241,1.8088079116369726,1.765626535058659,1.7992121152507843,46960000
1992-11-13,1.7896157503128052,1.7992115436504588,1.7752217674659516,1.794413354141259,25811200
1992-11-16,1.7800201177597046,1.7944135162259305,1.770424323555288,1.7848177220215136,19312000
1992-11-17,1.727242350578308,1.8040086772706776,1.7128489571637855,1.7824182943085969,56649600
1992-11-18,1.7656264305114746,1.7752222263294717,1.724844444705211,1.7368390430574832,33273600
1992-11-19,1.8040094375610352,1.8232010273223227,1.7704244483192018,1.7704244483192018,46857600
1992-11-20,1.8232004642486572,1.8232004642486572,1.7992112772962412,1.8040088804144607,41113600
1992-11-23,1.6984553337097168,1.7608282800478892,1.6744661444355307,1.7320409015104363,309884800
1992-11-24,1.756029725074768,1.7800194950335726,1.712848959101751,1.7512321224913634,145513600
1992-11-25,1.748833417892456,1.7752219994394647,1.7320412166178347,1.7656262048479,53152000
1992-11-27,1.760827660560608,1.7752210519251517,1.7464336835155547,1.7560294729854204,17593600
1992-11-30,1.787216305732727,1.7896156932511957,1.7608283141561154,1.7752217108632922,35251200
1992-12-01,1.787216305732727,1.794413296926679,1.7656259178315987,1.7800199002195023,33593600
1992-12-02,1.7416367530822754,1.7944133226734806,1.7368385636572192,1.7848175295041038,49881600
1992-12-03,1.7584295272827148,1.7752223172444481,1.7368391320067302,1.7416373230019087,26048000
1992-12-04,1.760827660560608,1.7752210519251517,1.7512318710907424,1.7560294729854204,23548800
1992-12-07,1.7920143604278564,1.79441316208534,1.746434200532256,1.7656257851534896,46422400
1992-12-08,1.7752219438552856,1.8040093267286146,1.7560303552730663,1.7992117224234616,26908800
1992-12-09,1.7656264305114746,1.789616212896916,1.7512330296249274,1.7608288254429245,26048000
1992-12-10,1.7080509662628174,1.7608281148022797,1.6984551743175207,1.727242550153411,89296000
1992-12-11,1.6576727628707886,1.7080505107277448,1.645678172558276,1.698454721341634,112934400
1992-12-14,1.6720664501190186,1.6936574193204395,1.6600718576830789,1.6648700460658197,51286400
1992-12-15,1.6576727628707886,1.6840613301027199,1.6408799850249685,1.674465540716609,45289600
1992-12-16,1.6696678400039673,1.6936576133041321,1.636082860200547,1.6600720478200366,73792000
1992-12-17,1.727242350578308,1.7320405388368778,1.6696676055590314,1.6744657938176009,51859200
1992-12-18,1.727242350578308,1.7320405388368778,1.6984549780686697,1.708050768905216,74387200
1992-12-21,1.736838459968567,1.7656258377581011,1.7128492713176384,1.72244506391415,64928000
1992-12-22,1.6840617656707764,1.7560299118402964,1.6696677850284787,1.7464341199723168,56928000
1992-12-23,1.6744667291641235,1.6936583215575178,1.6504769458319202,1.6888601306187092,59974400
1992-12-24,1.6744667291641235,1.6744667291641233,1.6504769458319202,1.6744667291641233,32723200
1992-12-28,1.6792633533477783,1.6840615414833469,1.6504759815761023,1.674465750892788,45731200
1992-12-29,1.6600719690322876,1.6792635524893083,1.6552743660083562,1.6744659494653769,60035200
1992-12-30,1.6480778455734253,1.6696682366967137,1.6360832489139112,1.6648706323052338,50860800
1992-12-31,1.6384814977645874,1.6552742788251678,1.6360826963789665,1.6504760903733091,30851200
1993-01-04,1.633683443069458,1.6456786223408935,1.6216888494786872,1.631284641487437,72646400
1993-01-05,1.6600719690322876,1.6648701577368665,1.6264869908228252,1.6312845938467566,71529600
1993-01-06,1.7080509662628174,1.7128491550757963,1.6648701953493126,1.6696677984816306,87440000
1993-01-07,1.6744667291641235,1.7248445127765537,1.6696685382253147,1.7080517230121035,58748800
1993-01-08,1.6720664501190186,1.6936574193204395,1.6552742549809463,1.6744658371506929,43977600
1993-01-11,1.7104496955871582,1.7128490827326384,1.6552743334925604,1.6744659165725864,58348800
1993-01-12,1.7224444150924683,1.7512317820381877,1.703252837128655,1.7080504387793685,85129600
1993-01-13,1.7512325048446655,1.7704240907296442,1.6936577471897294,1.717646936705592,83696000
1993-01-14,1.7512325048446655,1.804009073187996,1.7368385225905707,1.7704240907296442,121264000
1993-01-15,1.7224444150924683,1.7464335947069947,1.669667282851742,1.6792630718336488,181958400
1993-01-18,1.712849497795105,1.7224452916603976,1.69365791006452,1.7176471018873622,50611200
1993-01-19,1.6960562467575073,1.712849027834467,1.6936574453695463,1.7080508393779281,52960000
1993-01-20,1.6960562467575073,1.7080508393779281,1.684061654137086,1.6984550481454679,47968000
1993-01-21,1.7176470756530762,1.7272428693718085,1.6648705030404334,1.6840620904778978,73363200
1993-01-22,1.7152482271194458,1.7320410120919345,1.7032536317165623,1.722445218633477,49088000
1993-01-25,1.6984553337097168,1.7320409015104363,1.6840619372813483,1.7128493158188012,49609600
1993-01-26,1.6888601779937744,1.7272433638572693,1.6792643815279007,1.6984559744596481,42345600
1993-01-27,1.6552741527557373,1.6840615242325276,1.640880174177056,1.6792633361461098,64192000
1993-01-28,1.6696678400039673,1.6720666416297811,1.6264870680166161,1.6552744445684087,77030400
1993-01-29,1.6600719690322876,1.6888593442178186,1.6456785742798459,1.6792635524893083,39424000
1993-02-01,1.6792633533477783,1.6888591439383371,1.6408801909855435,1.6552741697116706,42854400
1993-02-02,1.7080509662628174,1.7176467582081143,1.6744659872946093,1.6768647888607684,70371200
1993-02-03,1.6960562467575073,1.7320406102993875,1.6888592569130076,1.7176466306103886,71728000
1993-02-04,1.6312845945358276,1.6840617419052517,1.6216888028032639,1.6840617419052517,124214400
1993-02-05,1.7080509662628174,1.7176467582081143,1.578508067841642,1.6264870275681256,177216000
1993-02-08,1.6456788778305054,1.708051242730278,1.6312848947424003,1.6984554492317934,92665600
1993-02-09,1.609694480895996,1.674466232429218,1.6024974894632498,1.664870439079139,64550400
1993-02-10,1.6408807039260864,1.6552746871517834,1.6120933231554533,1.6216891167456642,39193600
1993-02-11,1.6360836029052734,1.6600728014147268,1.626487806365304,1.6552751959852126,31635200
1993-02-12,1.604896068572998,1.63608283189166,1.5976996638200744,1.63608283189166,34752000
1993-02-16,1.5377249717712402,1.6072948781572431,1.5305285696047888,1.5905021017412801,91180800
1993-02-17,1.5401253700256348,1.5593169597724912,1.482550600785066,1.5545187694953573,121913600
1993-02-18,1.5665130615234375,1.5881040350435414,1.5161352946713125,1.5593166560307947,138553600
1993-02-19,1.5305286645889282,1.573709422989241,1.5257304771663984,1.5713106221182218,97094400
1993-02-22,1.4729548692703247,1.5545188363624924,1.472954869270325,1.5305296409874543,76256000
1993-02-23,1.5257316827774048,1.5449232762714602,1.4729550935092295,1.4969442925363219,105974400
1993-02-24,1.609694480895996,1.6120932828133292,1.5113377454778694,1.5161353493125358,77548800
1993-02-25,1.6192903518676758,1.6312849477100562,1.5833059786597603,1.5833059786597603,60806400
1993-02-26,1.600098729133606,1.631284911911728,1.592901737513805,1.6168915143528877,29833600
1993-03-01,1.5641144514083862,1.6072958180606727,1.559316847158575,1.6072958180606727,26432000
1993-03-02,1.6240880489349365,1.626487436785432,1.559316876268528,1.5689126706280858,38380800
1993-03-03,1.6264877319335938,1.640881133244403,1.6024979488410254,1.6264877319335938,42352000
1993-03-04,1.6072957515716553,1.6264873391385957,1.568912576437774,1.6264873391385957,56659200
1993-03-05,1.588104009628296,1.6312847846160086,1.5833058203625965,1.6024974060639614,35724800
1993-03-08,1.604896068572998,1.621688851024483,1.5737098909350011,1.5857044845372052,48022400
1993-03-09,1.6168912649154663,1.6312846602538411,1.6072954727963262,1.6120930760155605,41312000
1993-03-10,1.6312845945358276,1.645678574974997,1.6024972193381364,1.6216888028032639,26592000
1993-03-11,1.6600719690322876,1.6840617411938872,1.6312845938467566,1.6360827825513355,57779200
1993-03-12,1.7080509662628174,1.7128491550757963,1.6360828195134225,1.6504762145910372,73580800
1993-03-15,1.6816630363464355,1.7128498113788062,1.6696684382390772,1.7128498113788062,35347200
1993-03-16,1.6840617656707764,1.7032533494067357,1.6696677850284787,1.693657557538756,36336000
1993-03-17,1.6384814977645874,1.679263464042611,1.6360826963789665,1.6648700700482684,39644800
1993-03-18,1.6360836029052734,1.6648709925251821,1.6312854117948181,1.645679399445243,34406400
1993-03-19,1.6168912649154663,1.6456786412728872,1.6120930760155605,1.6456786412728872,45404800
1993-03-22,1.600098729133606,1.6120933247127665,1.5833059439143242,1.5976999271539263,34083200
1993-03-23,1.5953001976013184,1.6312845623076762,1.5929013961357308,1.6024971876787173,34409600
1993-03-24,1.6552741527557373,1.6648699432480007,1.5929012217157386,1.5976994098021562,50576000
1993-03-25,1.6768651008605957,1.6936578863095189,1.657673513399189,1.6600723154116723,43833600
1993-03-26,1.6624704599380493,1.6936572164894435,1.6504758689385723,1.6888590286813296,28380800
1993-03-29,1.6696678400039673,1.6984552165557598,1.6648702367523396,1.6648702367523396,48262400
1993-03-30,1.7464345693588257,1.7512327593677972,1.674466404670706,1.6984555976731437,140777600
1993-03-31,1.7752219438552856,1.8088075167145712,1.7416369566768037,1.7512327509679133,179660800
1993-04-01,1.7848166227340698,1.8184021746042311,1.7752208344398008,1.7752208344398008,100412800
1993-04-02,1.7224444150924683,1.7656251726708079,1.7224444150924683,1.7608275710200945,73251200
1993-04-05,1.756029725074768,1.7704237041861697,1.6888591891429463,1.703253168254348,61187200
1993-04-06,1.7224444150924683,1.7848167506346209,1.7128486261105615,1.7608275710200945,55699200
1993-04-07,1.7320404052734375,1.736838007481455,1.7128488250802723,1.7272422173848723,39417600
1993-04-08,1.7080509662628174,1.7320407389663897,1.6936575711852027,1.727242550153411,40185600
1993-04-12,1.7296416759490967,1.7512326511338403,1.6984554927010496,1.7032536824134716,48976000
1993-04-13,1.7056528329849243,1.7704246004139332,1.7032540304788957,1.7320414175939116,53337600
1993-04-14,1.7080509662628174,1.7320407389663897,1.684061779239906,1.7080509662628174,38592000
1993-04-15,1.6720664501190186,1.7248435939261255,1.6504760665982057,1.6888592309376986,109152000
1993-04-16,1.6696678400039673,1.6840618211202012,1.6408804634521748,1.6744660289362705,49600000
1993-04-19,1.6696678400039673,1.6744660289362705,1.631284671268244,1.6696678400039673,45673600
1993-04-20,1.6648709774017334,1.6792643792404696,1.631285396976456,1.6648709774017334,46009600
1993-04-21,1.6288862228393555,1.6648705977518792,1.6168916264287818,1.6648705977518792,92528000
1993-04-22,1.5976998805999756,1.6312848643791746,1.5905028891898814,1.621689071059297,79872000
1993-04-23,1.5617154836654663,1.5976998544461405,1.5497208886321534,1.5929016650243744,89296000
1993-04-26,1.5425240993499756,1.5833060792125193,1.5305295027458412,1.5641144903735797,65376000
1993-04-27,1.583305835723877,1.5881040250361285,1.540125060317223,1.5449226639487528,58208000
1993-04-28,1.6504766941070557,1.6504766941070557,1.5881043211817973,1.5929019257079722,55372800
1993-04-29,1.6408807039260864,1.6456788935615725,1.6120933231554533,1.6456788935615725,49660800
1993-04-30,1.6408807039260864,1.6648704807419945,1.6312849103358753,1.6312849103358753,46825600
1993-05-03,1.6528756618499756,1.6696684507344814,1.6312852679589762,1.6408810636528526,38096000
1993-05-04,1.6888601779937744,1.6984559744596481,1.6600727885961533,1.6648709796695584,49664000
1993-05-05,1.712849497795105,1.7272428957526549,1.6792639264261922,1.6888597202914848,51868800
1993-05-06,1.6744667291641235,1.7224457101476094,1.6648709329674263,1.7080517230121035,47244800
1993-05-07,1.6696678400039673,1.6840618211202012,1.6600720478200366,1.6744660289362705,31798400
1993-05-10,1.7104496955871582,1.7272424772023398,1.6888593110422878,1.698455102582301,69091200
1993-05-11,1.6840617656707764,1.7032533494067357,1.6744659738027965,1.693657557538756,38220800
1993-05-12,1.6552741527557373,1.6888591266383735,1.6456783622634736,1.6792633361461098,48272000
1993-05-13,1.6456788778305054,1.6504764817393698,1.6216891012439156,1.6456788778305051,43708800
1993-05-14,1.6408807039260864,1.6648704807419945,1.6264873063811502,1.6504764975162973,49116800
1993-05-17,1.6600719690322876,1.6624707705442534,1.6360827825513355,1.6456785742798459,27763200
1993-05-18,1.6984553337097168,1.7032535229729835,1.6600721623264465,1.664870351589713,84185600
1993-05-19,1.7752219438552856,1.7848177381463952,1.7176471781086275,1.7416369566768037,181017600
1993-05-20,1.8064079284667969,1.8279989024869565,1.7656259536743937,1.7704241431280088,150256000
1993-05-21,1.7752219438552856,1.8088075167145712,1.7656261495641759,1.7944135324375048,75500800
1993-05-24,1.7680249214172363,1.8040092958124165,1.7656261193057694,1.7704243092094971,64252800
1993-05-25,1.7512325048446655,1.7656259014180387,1.7272427296480812,1.7608282977871548,36716800
1993-05-26,1.8279985189437866,1.8279985189437866,1.7512321892386538,1.7560297920049164,87484800
1993-05-27,1.8064079284667969,1.8327965062598326,1.7848175401273763,1.8232007130333414,95052800
1993-05-28,1.7776196002960205,1.7992105627958075,1.7608274103700883,1.7944123759023793,35136000
1993-06-01,1.8471903800964355,1.8807753615698304,1.7800198314689417,1.7848174349591248,173088000
1993-06-02,1.8375942707061768,1.871179246390839,1.8279984796990445,1.837594270706177,70710400
1993-06-03,1.8160039186477661,1.8423924993027718,1.8136051165011662,1.8375948950095722,23936000
1993-06-04,1.8040094375610352,1.813605232441679,1.7944136426803914,1.8040094375610352,32652800
1993-06-07,1.7896157503128052,1.837594717001074,1.7848175608036054,1.8088073369881126,52761600
1993-06-08,1.770424485206604,1.7896160753677548,1.7416370999648774,1.784817884987041,48131200
1993-06-09,1.7464345693588257,1.7848177467073714,1.741636965030661,1.7800201423792066,62480000
1993-06-10,1.748833417892456,1.7752219994394647,1.7176472318900766,1.751232805800964,56544000
1993-06-11,1.7152482271194458,1.7752217898146163,1.7080512356054145,1.7608283924673067,67542400
1993-06-14,1.770424485206604,1.770424485206604,1.732041304884302,1.746434704664739,40489600
1993-06-15,1.7752219438552856,1.7848177381463952,1.7560303552730663,1.7848177381463952,42345600
1993-06-16,1.7512325048446655,1.7896156766146227,1.712849333074708,1.7800198836721335,66966400
1993-06-17,1.7440345287322998,1.7608273033177144,1.7368375416699235,1.756029116716,28083200
1993-06-18,1.6792633533477783,1.751232075617258,1.6696675627572197,1.7368380968911308,75910400
1993-06-21,1.7008535861968994,1.7128487626407711,1.669667415939991,1.7032529728939896,68102400
1993-06-22,1.6888601779937744,1.7224457584648007,1.6744667761354322,1.712849961998927,41062400
1993-06-23,1.7008535861968994,1.7128487626407711,1.6840613934004265,1.688858995433554,33129600
1993-06-24,1.6984553337097168,1.717646919401352,1.6744661444355307,1.6936577301271658,35782400
1993-06-25,1.6984553337097168,1.7128493158188012,1.664870351589713,1.6984553337097168,45484800
1993-06-28,1.7320404052734375,1.7320404052734375,1.6984548470951244,1.7032530349836896,52224000
1993-06-29,1.7080509662628174,1.7608281148022797,1.6984551743175207,1.7320407389663897,42361600
1993-06-30,1.6888601779937744,1.7320415549306745,1.6744667761354322,1.712849961998927,56422400
1993-07-01,1.6720664501190186,1.698455022022572,1.6600718576830789,1.6936574193204395,57907200
1993-07-02,1.6744667291641235,1.679264334422012,1.6600727420286174,1.6744667291641233,25404800
1993-07-06,1.6504766941070557,1.684062268513603,1.6360832948477002,1.6648706790472418,47721600
1993-07-07,1.600098729133606,1.6168915143528877,1.5593167527560032,1.5761089522945233,182569600
1993-07-08,1.6288862228393555,1.6408808192499293,1.612093436456071,1.612093436456071,70105600
1993-07-09,1.6240880489349365,1.6312850411248068,1.6024976580461336,1.6312850411248068,50000000
1993-07-12,1.6072957515716553,1.6264873391385957,1.6024975618395336,1.6264873391385957,26540800
1993-07-13,1.588104009628296,1.6120931989146439,1.5833058203625965,1.6120931989146439,36476800
1993-07-14,1.6168912649154663,1.6408804523729814,1.5833056996581398,1.5929014917772801,43491200
1993-07-15,1.6024975776672363,1.6168915613249961,1.5881041796902555,1.6168915613249961,34432000
1993-07-16,1.5569170713424683,1.597699625706138,1.5497206667612187,1.597699625706138,86217600
1993-07-19,1.511337161064148,1.5401245299826982,1.4969431837646128,1.525730552683163,122435200
1993-07-20,1.5449227094650269,1.5449227094650269,1.4969437433325727,1.5209335192391693,74822400
1993-07-21,1.5161348581314087,1.5161348581314087,1.4729540948856659,1.5065390678900705,178963200
1993-07-22,1.4897468090057373,1.568912545414546,1.4729546094772883,1.5497209582270945,147584000
1993-07-23,1.4897468090057373,1.5017419902584657,1.4729546094772883,1.4777522134337704,92790400
1993-07-26,1.501741886138916,1.5209334719957668,1.4921460932104909,1.5017418861389162,65801600
1993-07-27,1.4489643573760986,1.511337288116679,1.4489643573760986,1.5065391000532946,112220800
1993-07-28,1.501741886138916,1.525731075619619,1.4345713356399392,1.458560525120642,113459200
1993-07-29,1.5161348581314087,1.54972041681637,1.4873474874073946,1.4969432776487326,96534400
1993-07-30,1.4201774597167969,1.4249756493805465,1.3817942851298564,1.4009858724233266,287936000
1993-08-02,1.3961882591247559,1.4537630206210186,1.3865924655420452,1.4345714334555977,148208000
1993-08-03,1.400985836982727,1.4057840265250976,1.3817942501747444,1.400985836982727,85136000
1993-08-04,1.400985836982727,1.4153798199290888,1.3769966463131238,1.4057840265250976,94416000
1993-08-05,1.4345711469650269,1.4393687499578982,1.405783771965869,1.4105813749587401,67910400
1993-08-06,1.4057836532592773,1.4561614088336658,1.3961878624031752,1.4345710258275843,71760000
1993-08-09,1.400985836982727,1.4201774237907097,1.386592439717115,1.4057840265250976,70876800
1993-08-10,1.362602710723877,1.4057840753829765,1.3506081149722045,1.4009858856738453,192028800
1993-08-11,1.3889912366867065,1.4009858319786659,1.3650014604220406,1.3674008480250306,95974400
1993-08-12,1.4201774597167969,1.429773253363532,1.3865924747936063,1.3913900787765914,77366400
1993-08-13,1.4441670179367065,1.453762810130038,1.4009856602263775,1.4201772446130403,61900800
1993-08-16,1.4921460151672363,1.5017418075937758,1.4489646564074634,1.4537628454610783,78451200
1993-08-17,1.4825501441955566,1.5065393311506192,1.4585603715598352,1.4969435392324624,54272000
1993-08-18,1.4825501441955566,1.520933311868184,1.468156163477992,1.4921459361137135,66012800
1993-08-19,1.4249759912490845,1.494545365458236,1.415380195300205,1.4825507669423625,114742400
1993-08-20,1.463358759880066,1.4729545531065558,1.405784000521127,1.4105816042940025,73683200
1993-08-23,1.4777523279190063,1.5017421066022507,1.4489649449075972,1.4489649449075972,59472000
1993-08-24,1.4561617374420166,1.4777521253203467,1.453762935606808,1.468156332298786,39417600
1993-08-25,1.4249759912490845,1.458560984229711,1.3985874059694392,1.4393693923319515,68800000
1993-08-26,1.3841930627822876,1.4153798308463754,1.3721984673549679,1.410581641266995,136256000
1993-08-27,1.3793952465057373,1.3913898400863154,1.3674006529251592,1.3865922369263497,67763200
1993-08-30,1.3937891721725464,1.4057843559994145,1.3769969690405277,1.3913903696795276,54012800
1993-08-31,1.441767692565918,1.4489646834402667,1.410581513018008,1.415379702161141,93020800
1993-09-01,1.4729548692703247,1.482550664556513,1.4393692929282338,1.4441674834117602,86035200
1993-09-02,1.470555305480957,1.506539679924838,1.4609595113413083,1.4825504874161137,55497600
1993-09-03,1.4537632465362549,1.4729548366840546,1.4441674514623548,1.4681566463066786,26800000
1993-09-07,1.4345711469650269,1.463358521964185,1.424975355298641,1.453762730297799,38659200
1993-09-08,1.429772973060608,1.4345711617836867,1.4057837864871643,1.4201771812951005,54777600
1993-09-09,1.463358759880066,1.4681563636529413,1.4297731907469822,1.439368983973472,29856000
1993-09-10,1.496943712234497,1.5017419015884326,1.4633587294798558,1.4777521261802087,56540800
1993-09-13,1.4657577276229858,1.5065397070300306,1.463358925465114,1.5065397070300306,33481600
1993-09-14,1.4441670179367065,1.4633586023233693,1.424975433550044,1.4585604133863657,57756800
1993-09-15,1.4681568145751953,1.4729550055025018,1.427374827257225,1.4537634131551136,60428800
1993-09-16,1.4585601091384888,1.482549877458017,1.4537625068829154,1.4729540872663165,25641600
1993-09-17,1.4585601091384888,1.4681558993301893,1.4441667166912147,1.4489643189467882,25286400
1993-09-20,1.4513633251190186,1.4921458784558033,1.4393687321049695,1.463358503813704,34691200
1993-09-21,1.4585601091384888,1.4849486785858037,1.4345709264995141,1.4489643189467882,57846400
1993-09-22,1.4825501441955566,1.4969435392324624,1.4441669765229295,1.4585603715598352,72051200
1993-09-23,1.511337161064148,1.5209329507036646,1.472954002506081,1.4825497921455977,72214400
1993-09-24,1.5353264808654785,1.5497204594638787,1.5065391093492508,1.5065391093492508,91481600
1993-09-27,1.5785084962844849,1.583306100718981,1.559316907184861,1.568912701734673,73472000
1993-09-28,1.6120933294296265,1.6168915190837867,1.5785083445735575,1.5785083445735575,84012800
1993-09-29,1.5929017066955566,1.6120932935232137,1.5497209291737029,1.6072956896566746,87529600
1993-09-30,1.583305835723877,1.5976998179799096,1.5785082320923474,1.5881040250361285,38400000
1993-10-01,1.5737113952636719,1.5977011910808645,1.5737113952636717,1.583307196454304,46048000
1993-10-04,1.5857049226760864,1.612093504436776,1.5833061204289764,1.5833061204289764,40505600
1993-10-05,1.5976998805999756,1.6264872605596081,1.5833058977797871,1.5881040872800982,86931200
1993-10-06,1.6288862228393555,1.6408808192499293,1.592901847926832,1.597700037899543,77321600
1993-10-07,1.614491581916809,1.6456783398523884,1.607295178406042,1.6312843614697266,41596800
1993-10-08,1.6216892004013062,1.6264873902843093,1.578508419858235,1.6168915961990944,38086400
1993-10-11,1.6120933294296265,1.626487312711344,1.5785083445735575,1.6216891230571837,36457600
1993-10-12,1.6168912649154663,1.636082849153747,1.5785080964389053,1.6168912649154663,79296000
1993-10-13,1.5976998805999756,1.6168914672397308,1.5593167073204657,1.6072956739198532,62409600
1993-10-14,1.576108455657959,1.6120928167374207,1.5737096544341487,1.6072952142898003,63257600
1993-10-15,1.5497204065322876,1.592901169491479,1.540124616354628,1.5785077770652662,126425600
1993-10-18,1.5929017066955566,1.597699896242846,1.5497209291737029,1.5545185330402418,67750400
1993-10-19,1.5401253700256348,1.612093538735926,1.5257313848750729,1.5737103592422135,91392000
1993-10-20,1.5545176267623901,1.568911601331876,1.5209326622342714,1.5449218389428692,81590400
1993-10-21,1.5257316827774048,1.5353274795244327,1.4969442925363219,1.5113382804973403,127142400
1993-10-22,1.5425240993499756,1.5497210915847808,1.5209337083263714,1.5209337083263714,47625600
1993-10-25,1.5449227094650269,1.5593166921451327,1.5161353297855544,1.5449227094650269,48553600
1993-10-26,1.5257316827774048,1.5497214674854511,1.520934077244368,1.5449232762714602,66944000
1993-10-27,1.5329278707504272,1.5449224639572632,1.5257308805540672,1.5257308805540672,45564800
1993-10-28,1.5161348581314087,1.5449222288554227,1.511337255851018,1.530528836333694,56009600
1993-10-29,1.5377249717712402,1.5401243581738455,1.5209327810357318,1.525730382480033,39843200
1993-11-01,1.5521196126937866,1.564114207125802,1.530529225580018,1.5401250182617714,30163200
1993-11-02,1.5401253700256348,1.5641145643687855,1.5257313848750729,1.5593169597724912,42422400
1993-11-03,1.5065388679504395,1.5449220238217882,1.492145477338923,1.535326234853951,56796800
1993-11-04,1.4681568145751953,1.5161357954436658,1.4681568145751953,1.5113381901972782,63177600
1993-11-05,1.511337161064148,1.5161347630436464,1.4585600252065458,1.4633582128665643,56432000
1993-11-08,1.5065388679504395,1.5257304458861136,1.492145477338923,1.5161346569182765,28819200
1993-11-09,1.501741886138916,1.5353268685480441,1.496943696834343,1.5161352826911936,36320000
1993-11-10,1.5617154836654663,1.5665130874064976,1.5161353197219947,1.5353269060475896,57177600
1993-11-11,1.5665130615234375,1.5833058457010543,1.5545184666883076,1.5593166560307947,31158400
1993-11-12,1.5713112354278564,1.5833058301451397,1.5689124336205438,1.5689124336205438,34339200
1993-11-15,1.5449227094650269,1.5737100891444995,1.5449227094650269,1.5737100891444995,29244800
1993-11-16,1.5785084962844849,1.5881042908342968,1.544922922519733,1.554518717069545,47664000
1993-11-17,1.5497204065322876,1.592901169491479,1.5497204065322876,1.5881035672429256,72217600
1993-11-18,1.5401253700256348,1.5641145643687855,1.535327179748501,1.549721164899063,48438400
1993-11-19,1.5377249717712402,1.5401243581738455,1.525730382480033,1.5305285696047888,38403200
1993-11-22,1.4777523279190063,1.5305294896136599,1.46815653358187,1.5305294896136599,80355200
1993-11-23,1.4849488735198975,1.5065392578653258,1.4825500720772125,1.4921458635285838,98256000
1993-11-24,1.511337161064148,1.5305287403431815,1.487347394125096,1.487347394125096,32467200
1993-11-26,1.5161348581314087,1.520933046092356,1.511337255851018,1.5161348581314087,6403200
1993-11-29,1.5257316827774048,1.5353274795244327,1.5161358860303773,1.5161358860303773,32105600
1993-11-30,1.5353264808654785,1.5449222713708877,1.5017415069368325,1.5065391093492508,44153600
1993-12-01,1.5641144514083862,1.578508435519414,1.5449228630475471,1.5449228630475471,58886400
1993-12-02,1.5905026197433472,1.59290142124675,1.568912234851429,1.573709837858235,51936000
1993-12-03,1.6456788778305054,1.6600722752378545,1.6024975142469462,1.6072957038365665,114502400
1993-12-06,1.6288862228393555,1.6408808192499293,1.612093436456071,1.63128502498531,59337600
1993-12-07,1.6408807039260864,1.6504764975162973,1.6312849103358753,1.6312849103358753,32780800
1993-12-08,1.6024975776672363,1.6072957674467492,1.5785083858120086,1.5929017837889896,105900800
1993-12-09,1.5569170713424683,1.6024972287603043,1.5449224780264013,1.6024972287603043,61465600
1993-12-10,1.5713112354278564,1.5785082265305144,1.5497208478006026,1.5593166407105732,19916800
1993-12-13,1.5617154836654663,1.5737100786987794,1.5497208886321534,1.564114285535982,20112000
1993-12-14,1.5353264808654785,1.5641138523817062,1.520933087947651,1.554518061876297,47414400
1993-12-15,1.5305286645889282,1.554517844660104,1.5305286645889282,1.535326266330967,35219200
1993-12-16,1.5353264808654785,1.554518061876297,1.5305288784530602,1.5353264808654785,29113600
1993-12-17,1.5449227094650269,1.5449227094650269,1.53052931246566,1.5449227094650269,26112000
1993-12-20,1.5737113952636719,1.5737113952636717,1.5449239916917754,1.5545197928824075,35462400
1993-12-21,1.583305835723877,1.583305835723877,1.564114249836315,1.573710042780096,31008000
1993-12-22,1.5569170713424683,1.5833056451823366,1.554518269815385,1.5785080421281703,24169600
1993-12-23,1.5521196126937866,1.578508188988785,1.5497208109435248,1.5545184144440487,31820800
1993-12-27,1.5449227094650269,1.5593166921451327,1.53052931246566,1.5497208989186417,24537600
1993-12-28,1.588104009628296,1.592901613213279,1.5449226489598669,1.5449226489598669,27776000
1993-12-29,1.5641144514083862,1.6024976281300642,1.5449228630475471,1.5881042296998336,48988800
1993-12-30,1.5593165159225464,1.5785081002066352,1.5497207237805022,1.5689123080645908,25328000
1993-12-31,1.547321081161499,1.5641138610592733,1.5401246775029467,1.5545180705006274,22995200
1994-01-03,1.5377249717712402,1.5497201467429023,1.5209327810357318,1.5449219596181467,36646400
1994-01-04,1.5449227094650269,1.5497208989186417,1.5209335192391693,1.540125105692151,45302400
1994-01-05,1.5785084962844849,1.583306100718981,1.535327127969921,1.5401253180852368,53974400
1994-01-06,1.6240880489349365,1.626487436785432,1.5833060693270185,1.5857048714967057,82006400
1994-01-07,1.6360836029052734,1.645679399445243,1.5977004167453954,1.6168920098253345,70832000
1994-01-10,1.6456788778305054,1.6600722752378545,1.6312848947424003,1.6312848947424003,74185600
1994-01-11,1.6360836029052734,1.6504770048747572,1.6192908125400916,1.6312854117948181,35360000
1994-01-12,1.6408807039260864,1.6456788935615725,1.6072957192007282,1.6312849103358753,39488000
1994-01-13,1.6384814977645874,1.6408802991502085,1.6120929254809067,1.626486905155866,40755200
1994-01-14,1.6432785987854004,1.650475586425388,1.6264864085326798,1.640879798132217,45216000
1994-01-17,1.6264877319335938,1.6504769293452477,1.6216895410427143,1.6360835280344381,30755200
1994-01-18,1.6240880489349365,1.6408808354843645,1.6120934524056914,1.6360832311449898,43686400
1994-01-19,1.5976998805999756,1.6168914672397308,1.5833058977797871,1.6072956739198532,76563200
1994-01-20,1.6552741527557373,1.65767295395866,1.5976994098021562,1.5976994098021562,145004800
1994-01-21,1.6552741527557373,1.6696675456538463,1.6312843836847926,1.655274152755737,99078400
1994-01-24,1.6360836029052734,1.6696685979546964,1.6312854117948181,1.6504770048747572,38374400
1994-01-25,1.633683443069458,1.6384816319141653,1.6120930574699375,1.636082830332144,70361600
1994-01-26,1.6168912649154663,1.6312846602538411,1.6120930760155605,1.6312846602538411,50489600
1994-01-27,1.6168912649154663,1.6264870570346066,1.597699680677186,1.6120930760155605,51129600
1994-01-28,1.6288862228393555,1.6408808192499293,1.6168916264287818,1.6216892307206905,41875200
1994-01-31,1.633683443069458,1.6480774239229148,1.6264870383233943,1.636082830332144,62566400
1994-02-01,1.633683443069458,1.6456786223408935,1.6216888494786872,1.631284641487437,44003200
1994-02-02,1.6120933294296265,1.6408807103122982,1.6120933294296262,1.626487312711344,40924800
1994-02-03,1.6216892004013062,1.6216892004013062,1.6024976122308765,1.6168915961990944,31792000
1994-02-04,1.5593165159225464,1.6216888720054985,1.5593165159225464,1.612093079863454,78217600
1994-02-07,1.5497204065322876,1.5593161967099471,1.5257306382478624,1.5305288261769685,118851200
1994-02-08,1.511337161064148,1.5449221319621966,1.4969431837646128,1.5449221319621966,149875200
1994-02-09,1.5281299352645874,1.5401251161396246,1.4969437534871246,1.5065395467787086,98585600
1994-02-10,1.5233327150344849,1.549721299651175,1.5161357218334075,1.5305297082355622,66620800
1994-02-11,1.511337161064148,1.525730552683163,1.4969431837646128,1.5209329507036646,53747200
1994-02-14,1.5185333490371704,1.5257303366679777,1.5113369470868,1.516134548387047,55270400
1994-02-15,1.5305286645889282,1.5401244537534966,1.5209328754243596,1.5305286645889282,28876800
1994-02-16,1.511337161064148,1.5401245299826982,1.511337161064148,1.5401245299826982,43731200
1994-02-17,1.5089384317398071,1.5257312173446114,1.4969438358852791,1.5161354235248339,85017600
1994-02-18,1.5353264808654785,1.5497204594638787,1.5065391093492508,1.5065391093492508,79465600
1994-02-22,1.5257316827774048,1.5401256707384234,1.5065400892833496,1.5353274795244327,63235200
1994-02-23,1.5545176267623901,1.5737092024014319,1.5017410865952294,1.5305284500537923,139462400
1994-02-24,1.5329278707504272,1.549720652648385,1.5209332775435913,1.5353266722556653,82553600
1994-02-25,1.5545176267623901,1.559315813512355,1.5305284500537923,1.540124237873313,52995200
1994-02-28,1.583305835723877,1.592901628667658,1.5545184568925339,1.5593166462047852,55494400
1994-03-01,1.5976998805999756,1.5976998805999756,1.5785082939602206,1.5929016910996647,48070400
1994-03-02,1.588104009628296,1.592901613213279,1.5545184418105493,1.568912423926931,68499200
1994-03-03,1.5545176267623901,1.5976989647904387,1.5449218389428692,1.5929007780404738,31564800
1994-03-04,1.5545176267623901,1.564113414581911,1.5449218389428692,1.5545176267623901,25705600
1994-03-07,1.5593165159225464,1.5785081002066352,1.5497207237805022,1.5593165159225464,30540800
1994-03-08,1.5545176267623901,1.559315813512355,1.5305284500537923,1.559315813512355,24723200
1994-03-09,1.5521196126937866,1.5689123963070315,1.535326829080542,1.5593166036252781,37024000
1994-03-10,1.5521196126937866,1.578508188988785,1.5449226217622953,1.564114207125802,46588800
1994-03-11,1.5689119100570679,1.578507699764816,1.5497203306415719,1.554517932655184,34857600
1994-03-14,1.609694480895996,1.6168914723287422,1.5785082989284247,1.5833059027630911,69203200
1994-03-15,1.6288862228393555,1.6360832149580207,1.6024976421914514,1.612093436456071,62934400
1994-03-16,1.6264877319335938,1.6360835280344381,1.6216895410427143,1.6312853371435587,41286400
1994-03-17,1.6216892004013062,1.636083184369524,1.6216892004013062,1.6264873902843093,30992000
1994-03-18,1.6264877319335938,1.6312853371435587,1.6024979488410254,1.6216895410427143,36857600
1994-03-21,1.5976998805999756,1.6384818557892689,1.5929016910996647,1.6312848643791746,65078400
1994-03-22,1.6264877319335938,1.6456793241352825,1.5785087514293714,1.5785087514293714,89024000
1994-03-23,1.6552741527557373,1.6792633361461098,1.6312843836847926,1.6360825717712102,116441600
1994-03-24,1.6744667291641235,1.6744667291641233,1.6312853534385259,1.6456793405740318,60166400
1994-03-25,1.6792633533477783,1.712848913255023,1.6696675627572197,1.6696675627572197,102051200
1994-03-28,1.6576727628707886,1.6888589319555232,1.6072950150138325,1.6792631425694122,118403200
1994-03-29,1.583305835723877,1.6600721792741255,1.583305835723877,1.6600721792741255,78339200
1994-03-30,1.604896068572998,1.631284643042379,1.5833056829528975,1.5881038718021783,86860800
1994-03-31,1.6264877319335938,1.6456793241352825,1.5833063566393364,1.6024979488410254,72297600
1994-04-04,1.6216892004013062,1.645678978454739,1.5737102299752321,1.5833060240604468,73996800
1994-04-05,1.6840617656707764,1.6840617656707761,1.6312846175565596,1.6360828063308774,101878400
1994-04-06,1.7080509662628174,1.7128491550757963,1.6744659872946093,1.6792635904269273,80780800
1994-04-07,1.7224444150924683,1.7296408175685383,1.703252837128655,1.7128486261105615,76630400
1994-04-08,1.6696678400039673,1.7272425931075523,1.6648702367523396,1.7224449898559246,118710400
1994-04-11,1.6696678400039673,1.6744660289362705,1.6504762556361057,1.6696678400039673,40400000
1994-04-12,1.6264877319335938,1.6648709163369715,1.6120937449418697,1.6648709163369715,84969600
1994-04-13,1.6288862228393555,1.6408808192499293,1.592901847926832,1.6264874206934012,69644800
1994-04-14,1.614491581916809,1.636082549490802,1.607295178406042,1.62168857110814,53088000
1994-04-15,1.6288862228393555,1.6360832149580207,1.6024976421914514,1.6024976421914514,35241600
1994-04-18,1.5929017066955566,1.6456788633119892,1.5785083094151886,1.626487276484332,78006400
1994-04-19,1.6912583112716675,1.7176468875281703,1.6456787353603592,1.6696679241893946,291273600
1994-04-20,1.7176470756530762,1.7200458776625671,1.669668107059415,1.6984554882156118,104732800
1994-04-21,1.756029725074768,1.7608279133387665,1.712848959101751,1.7176465616851557,141980800
1994-04-22,1.760827660560608,1.7800192395003394,1.7416360816208767,1.765625262455286,66060800
1994-04-25,1.7992109060287476,1.8088066959657527,1.756029558471955,1.7656253484089601,142745600
1994-04-26,1.822001576423645,1.8279990942395115,1.8040093158164459,1.813605110049512,113193600
1994-04-28,1.7680249214172363,1.8279990739694678,1.7608285150828353,1.8279990739694678,141382400
1994-04-29,1.7752219438552856,1.7944135324375048,1.7512327509679133,1.7656261495641759,56803200
1994-05-02,1.8327964544296265,1.833995782128837,1.765625903743724,1.7800198860167786,79260800
1994-05-03,1.7944139242172241,1.8327971097619775,1.789616318864596,1.8279995044093493,41929600
1994-05-04,1.825599193572998,1.8279985807178287,1.7800196230307548,1.7992112061055843,68889600
1994-05-05,1.8112072944641113,1.8471916888587718,1.8040102984489552,1.8280000899391022,56374400
1994-05-06,1.7752219438552856,1.8088075167145712,1.7440357588293802,1.789615928132352,96403200
1994-05-09,1.770424485206604,1.7968124824175473,1.7584293020952455,1.7608286901260284,47600000
1994-05-10,1.8040094375610352,1.813605232441679,1.7800202431998455,1.7848178477997476,65305600
1994-05-11,1.7944139242172241,1.8088079116369726,1.7800205224784076,1.8040097206034125,57433600
1994-05-12,1.8136051893234253,1.8288983406306483,1.7896159955325759,1.7944136000184154,58998400
1994-05-13,1.851987361907959,1.871178940787834,1.8136042041482086,1.871178940787834,179920000
1994-05-16,1.8232004642486572,1.8567860287988303,1.8184028611304375,1.8471902368817321,56633600
1994-05-17,1.8160039186477661,1.8279991007423702,1.7944135279667623,1.823200910768368,122464000
1994-05-18,1.8627839088439941,1.8711803774708335,1.8184037878698271,1.82799958467737,96953600
1994-05-19,1.8879727125167847,1.8999673092102818,1.8615841312464378,1.8663823213323263,89651200
1994-05-20,1.8759781122207642,1.9047654956383657,1.8663823177482306,1.8807757166166237,78140800
1994-05-23,1.940748929977417,1.9575417136470168,1.8615837865074571,1.880775371935369,74947200
1994-05-24,1.9623409509658813,1.991128344483613,1.9287553656880176,1.967138557044993,85144000
1994-05-25,2.0151169300079346,2.024712724912734,1.9287547758647372,1.9575421605791363,86003200
1994-05-26,1.9959254264831543,2.024712812442046,1.9671380405242629,2.024712812442046,64296000
1994-05-27,2.010319232940674,2.024712631795495,1.9671378650145808,1.9863294539415524,47544000
1994-05-31,2.0630950927734375,2.063695122559317,1.9911269521449022,2.005520345998365,76000000
1994-06-01,2.034308433532715,2.0535000225283064,2.0103192401286334,2.0535000225283064,100764800
1994-06-02,2.0055205821990967,2.048701940206403,1.995924789939771,2.0439037512364,60291200
1994-06-03,2.029510974884033,2.0535001700110223,2.0055211940761852,2.0151169892631526,86841600
1994-06-06,2.0918824672698975,2.0966806556773356,1.986328764792976,2.019914326603211,764504000
1994-06-07,2.058298110961914,2.0822873031812117,2.053499921109582,2.0726915091573352,166171200
1994-06-08,1.9959254264831543,2.0582983889011865,1.981532026344142,2.0582983889011865,203835200
1994-06-09,2.0055205821990967,2.017515176103084,1.986328997680445,1.991127186650448,79356800
1994-06-10,2.0175154209136963,2.0343082058253668,1.9911274282590719,2.005520825554253,53726400
1994-06-13,2.029510974884033,2.048702565257968,1.9911277941361636,2.019915179697066,56628800
1994-06-14,2.055898427963257,2.0774894006770523,2.0343080409301644,2.0391062300934646,59249600
1994-06-15,2.082287311553955,2.096681295488041,2.0439041353041127,2.0582981192381986,58860800
1994-06-16,2.055898427963257,2.0822870041596495,2.0534996262219583,2.0822870041596495,48478400
1994-06-17,2.034308433532715,2.0582982126176126,2.0295108291242254,2.0535000225283064,47622400
1994-06-20,2.053499221801758,2.053499221801758,2.0103184562396788,2.015116058777426,45668800
1994-06-21,2.0199148654937744,2.0487022465767204,1.9959250884176023,2.0007232781051436,86995200
1994-06-22,1.9767332077026367,2.0343079613250437,1.9671374154322356,2.024712169054643,82924800
1994-06-23,1.9239572286605835,2.0055211949446994,1.9191590382245927,1.9767338093713305,85979200
1994-06-24,1.8999671936035156,1.9335527651187157,1.8903713996964273,1.9191587814176927,81454400
1994-06-27,1.991127848625183,2.0007236440747485,1.8951698941295327,1.909563294463443,76161600
1994-06-28,1.9695366621017456,2.024712626543879,1.9263558799684675,1.9959252432280894,99417600
1994-06-29,1.9719358682632446,1.991127455371983,1.9527442811545064,1.9719358682632446,53435200
1994-06-30,1.981532335281372,2.0007239289127607,1.957542550401657,1.9863299408487403,40827200
1994-07-01,1.9287540912628174,1.986328840255737,1.913760667045911,1.9815312373466438,66622400
1994-07-05,1.8855741024017334,1.9575422755750853,1.8807759118270428,1.93355307974426,40430400
1994-07-06,1.854386329650879,1.8807748994045004,1.8327959478890796,1.863982119953963,89254400
1994-07-07,1.9335521459579468,1.9383497485348158,1.8399930389030736,1.8615834218601697,89667200
1994-07-08,1.8999671936035156,1.9527443529328925,1.8855737955832732,1.9143611773045386,48945600
1994-07-11,1.8567867279052734,1.9047657055555276,1.8327969462397067,1.9047657055555276,85406400
1994-07-12,1.8423922061920166,1.8519879989326,1.7992114316997458,1.8519879989326,83752000
1994-07-13,1.8999671936035156,1.8999671936035158,1.837594826047831,1.8519882240680734,82956800
1994-07-14,1.871179461479187,1.9047650267050462,1.8567860661542979,1.8951692345948965,81446400
1994-07-15,1.8663828372955322,1.8951702287267156,1.842393051595724,1.8711804430269072,45520000
1994-07-18,1.9383500814437866,1.9863290438557617,1.8999669115142068,1.9767332513733666,150499200
1994-07-19,1.9239572286605835,1.9431488190428297,1.9047656382783378,1.9431488190428297,70126400
1994-07-20,1.8567867279052734,1.919159106010164,1.8375951368451717,1.919159106010164,112604800
1994-07-21,1.8327964544296265,1.875977815568068,1.8232006614744976,1.866382022612939,85740800
1994-07-22,1.940748929977417,1.9479459209330607,1.8136048229376773,1.8615837865074571,152916800
1994-07-25,1.9647387266159058,1.9815315104736546,1.9287543571152193,1.9431483391877795,51513600
1994-07-26,1.9335521459579468,1.9671371210378081,1.9095623760318234,1.9623395184609391,54308800
1994-07-27,1.8999671936035156,1.9335527651187157,1.8999671936035158,1.9335527651187157,29291200
1994-07-28,1.8999671936035156,1.9287545753247812,1.8903713996964273,1.8999671936035158,39899200
1994-07-29,1.9767332077026367,1.9815313966781778,1.9047650585149685,1.9143608507853698,67064000
1994-08-01,2.0487024784088135,2.0582982731889934,1.9767337247170478,1.9815319149475545,83934400
1994-08-02,2.027111053466797,2.09668098952818,2.019914648230685,2.0630954223701736,95249600
1994-08-03,2.0487024784088135,2.0726916725188462,2.0391066836286336,2.0630958777386663,58771200
1994-08-04,2.024712562561035,2.0582981348751934,2.024712562561035,2.053499944967116,40192000
1994-08-05,2.0151169300079346,2.0295109152055546,2.005521135103135,2.019915120300755,31204800
1994-08-08,2.034308433532715,2.034308433532715,1.9959252555415317,2.0103192401286334,34537600
1994-08-09,2.053499221801758,2.0678932007761763,2.024711849533509,2.034307640289592,40198400
1994-08-10,2.0774898529052734,2.087085647639984,2.0439042784933705,2.053500073228081,48646400
1994-08-11,2.1206703186035156,2.149457698494061,2.0678937483112203,2.0678937483112203,81428800
1994-08-12,2.1206703186035156,2.1350643013891597,2.1062769214986146,2.1254685080923115,38088000
1994-08-15,2.089484453201294,2.130266434467973,2.0870856509340383,2.130266434467973,36113600
1994-08-16,2.1062769889831543,2.1158727825874495,2.0726914185277403,2.1062769889831543,56779200
1994-08-17,2.144659996032715,2.159053392475527,2.1158726174663745,2.1254684103218215,79790400
1994-08-18,2.1302664279937744,2.163852002356614,2.125468823473843,2.1446604129152282,61276800
1994-08-19,2.1062769889831543,2.1494577673621014,2.101478799340626,2.1446601634003346,74761600
1994-08-22,2.0966806411743164,2.1110740349358483,2.0918824528000677,2.1110740349358483,62835200
1994-08-23,2.1302664279937744,2.163852002356614,2.0918832491110035,2.096681439311765,58363200
1994-08-24,2.139862298965454,2.1494580940280796,2.130266503902829,2.130266503902829,35246400
1994-08-25,2.1566555500030518,2.1782459471114453,2.1398627586160894,2.144660950018497,55174400
1994-08-26,2.1830430030822754,2.2166279827072,2.1590532299096106,2.1638514188164124,60961600
1994-08-29,2.1902401447296143,2.231022714274546,2.18784134230958,2.202235328191525,56625600
1994-08-30,2.240617275238037,2.245414877435018,2.1734467447164767,2.1878401369879663,39851200
1994-08-31,2.231022357940674,2.2742031373280334,2.2166283743577035,2.240618151769062,60968000
1994-09-01,2.1542556285858154,2.1878406082403976,2.139861647533371,2.1878406082403976,115568000
1994-09-02,2.1494574546813965,2.1686490390981947,2.1398616624729976,2.1686490390981947,46964800
1994-09-06,2.1494574546813965,2.159053246889796,2.137462860841067,2.1446598514175355,28804800
1994-09-07,2.1830430030822754,2.219026784320265,2.1542556266834807,2.1590532299096106,43588800
1994-09-08,2.2238247394561768,2.226223540817077,2.1878403763202305,2.1878403763202305,28377600
1994-09-09,2.1830430030822754,2.221426171614002,2.144659834550549,2.1542556266834807,60800000
1994-09-12,2.1542556285858154,2.1926387971514365,2.1446598364444105,2.1926387971514365,36238400
1994-09-13,2.2094311714172363,2.221426351816959,2.1638515943488827,2.1638515943488827,41134400
1994-09-14,2.2118310928344727,2.2310226832899525,2.2070329023801722,2.2166286976079124,29968000
1994-09-15,2.2358195781707764,2.2358195781707764,2.2022345983776472,2.211830390558638,40640000
1994-09-16,2.1830430030822754,2.2310219637469335,2.1782448141754736,2.2262237748401317,52921600
1994-09-19,2.1830430030822754,2.197436398441337,2.173447210949344,2.192638795215207,48350400
1994-09-20,2.1494574546813965,2.192638812459531,2.147058653049466,2.183043020251132,40276800
1994-09-21,2.1974363327026367,2.2022345214658956,2.111074206089869,2.161451966860487,82948800
1994-09-22,2.1878411769866943,2.2070327662585076,2.173447777873247,2.1974369716226008,44320000
1994-09-23,2.1494574546813965,2.2070322079317912,2.1494574546813965,2.183043020251132,48371200
1994-09-26,2.132664918899536,2.1494577036293263,2.120670323670005,2.1494577036293263,29921600
1994-09-27,2.1686489582061768,2.1686489582061768,2.1062766040184506,2.1302657908042977,50585600
1994-09-28,2.1878411769866943,2.2070327662585076,2.1686495877148815,2.173447777873247,33355200
1994-09-29,2.1686489582061768,2.197436333757586,2.1638513551212695,2.183042938822209,27105600
1994-09-30,2.1542556285858154,2.207032192523208,2.1542556285858154,2.1686490239575873,34608000
1994-10-03,2.144659996032715,2.1638515817436086,2.130266013909187,2.154255788888162,28833600
1994-10-04,2.111074209213257,2.1542555654238558,2.1062766061235543,2.1494573766534977,42622400
1994-10-05,2.1302664279937744,2.1446604129152282,2.0774898498703798,2.106277234032458,50985600
1994-10-06,2.0918824672698975,2.1446596113486636,2.082286676135632,2.1302656318069597,40790400
1994-10-07,2.0870864391326904,2.1062780358802042,2.067894842385176,2.0966822375064473,51518400
1994-10-10,2.1014788150787354,2.125468592109515,2.0870854174048805,2.0870854174048805,39480000
1994-10-11,2.1422603130340576,2.173447074772591,2.115872325582332,2.115872325582332,55692800
1994-10-12,2.1590538024902344,2.1686495971679687,2.1398622131347658,2.1446604033140466,27912000
1994-10-13,2.1974363327026367,2.2166279163943625,2.1734471459283062,2.1734471459283062,63033600
1994-10-14,2.1470582485198975,2.2022341897426028,2.11827087731856,2.1974360017020964,99878400
1994-10-17,2.115873098373413,2.159053883196927,2.111074908014773,2.149458088160496,31160000
1994-10-18,2.1734466552734375,2.1782442572729845,2.1134725305154416,2.1206695191952845,52686400
1994-10-19,2.2118310928344727,2.226224492835652,2.159053926241473,2.1734479119235135,59488000
1994-10-20,2.2885968685150146,2.298192661285139,2.221426319124144,2.2358197154389754,136558400
1994-10-21,2.279000759124756,2.288596550561743,2.240617593376807,2.274202570565947,67099200
1994-10-24,2.2598094940185547,2.283798683143997,2.2406179084459157,2.283798683143997,57145600
1994-10-25,2.2909958362579346,2.2933946382040684,2.240618066985356,2.2550114643429127,44780800
1994-10-26,2.3413729667663574,2.3461711550303557,2.2933940125293417,2.2981922007933404,97904000
1994-10-27,2.365363597869873,2.365363597869873,2.3317780248363533,2.346172009188092,41238400
1994-10-28,2.384554386138916,2.39415017725883,2.3557670127791743,2.3653628038990884,58414400
1994-10-31,2.4181394577026367,2.4469268321990967,2.3797562917073565,2.3893520832061768,59932800
1994-11-01,2.408543825149536,2.4133420140559068,2.3845546376596976,2.408543825149536,39624000
1994-11-02,2.4181394577026367,2.461320812287643,2.3989478747049966,2.4085436662038164,61408000
1994-11-03,2.4037458896636963,2.427735073837606,2.394150098858014,2.4181392830319237,63441600
1994-11-04,2.3605644702911377,2.422937401574077,2.3533674809737652,2.4037458205147995,46947200
1994-11-07,2.3749589920043945,2.379756595525988,2.336575821108814,2.3605650100781976,47094400
1994-11-08,2.4421298503875732,2.4517256443268547,2.3677623009379447,2.3749592928126013,43328000
1994-11-09,2.4469268321990967,2.4805123952852832,2.4229376462923633,2.4661184151967364,60206400
1994-11-10,2.444528579711914,2.470917158679906,2.4373315880514137,2.4373315880514137,24689600
1994-11-11,2.389352321624756,2.4061451048434965,2.33177756688681,2.389352321624756,132899200
1994-11-14,2.4757142066955566,2.4757142066955566,2.4085436662038164,2.4085436662038164,48934400
1994-11-15,2.4781136512756348,2.499704774707708,2.4661192009209043,2.475714995477017,52544000
1994-11-16,2.480513334274292,2.490109129405564,2.475715143868228,2.4853109389995005,30196800
1994-11-17,2.466118335723877,2.485309918103051,2.4517249417798035,2.4805123153485646,33232000
1994-11-18,2.461320400238037,2.485309582128742,2.456522212451575,2.461320400238037,25694400
1994-11-21,2.437331199645996,2.485310160268949,2.4325335964240367,2.4757143681443585,35560000
1994-11-22,2.379756212234497,2.4517249389125406,2.3749586094856214,2.4277351681263215,56358400
1994-11-23,2.3605644702911377,2.3821548525626817,2.3437716904441266,2.3653626583962444,87507200
1994-11-25,2.389352321624756,2.394150510693264,2.365363133324291,2.370160736712107,12563200
1994-11-28,2.43253493309021,2.4373325389484304,2.3893535519612565,2.3989493493586913,43449600
1994-11-29,2.461320400238037,2.4709161901304264,2.437330632666797,2.4421288204532594,37673600
1994-11-30,2.413342237472534,2.4661188062444053,2.4085440481219678,2.4661188062444053,40934400
1994-12-01,2.4013471603393555,2.4337334024383344,2.3989483584011424,2.4037465479583204,43096000
1994-12-02,2.427736282348633,2.427736282348633,2.3797573044366045,2.4085446911838213,37715200
1994-12-05,2.430135488510132,2.466119874341982,2.422939079888546,2.432534877064974,38166400
1994-12-06,2.43253493309021,2.4613223252825143,2.418140944153561,2.4277367415509956,38830400
1994-12-07,2.4181394577026367,2.4517250207888233,2.4181394577026367,2.4373310407002764,36744000
1994-12-08,2.3989481925964355,2.446927156448364,2.3893523998260497,2.4229379673627554,41934400
1994-12-09,2.422938823699951,2.427736428940402,2.389353244293123,2.398949040454943,79956800
1994-12-12,2.422938823699951,2.437332225102222,2.3653640467290327,2.422938823699951,65313600
1994-12-13,2.408543825149536,2.4373312015457453,2.389352240885396,2.4325335983200467,30219200
1994-12-14,2.427736282348633,2.4421302685626824,2.3989488956014156,2.3989488956014156,33641600
1994-12-15,2.437331199645996,2.4613209727978083,2.4181396153968153,2.4325335964240367,28854400
1994-12-16,2.43253493309021,2.4661199311407347,2.425937383118728,2.4421307304876447,54020800
1994-12-19,2.4037458896636963,2.442129052886425,2.3989477014205596,2.4325332620807427,31507200
1994-12-20,2.298192262649536,2.408543567524497,2.2550109098336923,2.4037459648119643,253456000
1994-12-21,2.3605644702911377,2.3653626583962444,2.307787915218412,2.312585517642944,69395200
1994-12-22,2.3269801139831543,2.3797566830656156,2.312586131527473,2.3605650969118606,57355200
1994-12-23,2.336576461791992,2.3557680525020666,2.317384871081918,2.326980666436955,19486400
1994-12-27,2.331778049468994,2.3653636228573083,2.3269804450882714,2.3413738439112537,20566400
1994-12-28,2.3413729667663574,2.3413729667663574,2.302989803376745,2.3317771759189543,34961600
1994-12-29,2.3725595474243164,2.374958934808037,2.326979972344043,2.3365757648368417,23446400
1994-12-30,2.3461718559265137,2.3749592370686745,2.3461718559265137,2.3749592370686745,20686400
1995-01-03,2.310187578201294,2.3605653508542037,2.3077887760942013,2.3605653508542037,39545600
1995-01-04,2.3269801139831543,2.331777717681228,2.283798752296841,2.312586131527473,51611200
1995-01-05,2.2885968685150146,2.3413734359103433,2.2790010757448904,2.3365758323656367,39824000
1995-01-06,2.3269801139831543,2.350969303834983,2.2933945453737183,2.2981927347525217,46681600
1995-01-09,2.3125853538513184,2.341372723401335,2.2933937741513075,2.3365751213165984,46000000
1995-01-10,2.3413729667663574,2.3605645484611637,2.322181385071551,2.32697957333555,42184000
1995-01-11,2.3557677268981934,2.3701611251009225,2.3317779489859274,2.3461719328694444,31512000
1995-01-12,2.350969076156616,2.3845546415134757,2.341373284009038,2.350969076156616,26996800
1995-01-13,2.408543825149536,2.418139617281606,2.3749588455276274,2.3797564487533265,41307200
1995-01-16,2.461320400238037,2.4757137922363532,2.4181390528820192,2.427734842774408,74648000
1995-01-17,2.480513334274292,2.4997049245368363,2.4709175391430196,2.4853109389995005,73932800
1995-01-18,2.4973044395446777,2.5045015759941722,2.4661184100785527,2.4901081816161312,50504000
1995-01-19,2.437331199645996,2.4949059523935393,2.4349323980350164,2.4757143681443585,67108800
1995-01-20,2.365363597869873,2.437331762586147,2.350969613518134,2.4133425695743247,82388800
1995-01-23,2.4109416007995605,2.418138588256143,2.322180707769788,2.341372283867059,53843200
1995-01-24,2.3803563117980957,2.4229376364002633,2.3797562819915528,2.418139447830126,36739200
1995-01-25,2.3701608180999756,2.3893524036716354,2.341373439742486,2.3653632145474166,52459200
1995-01-26,2.298192262649536,2.34137302978477,2.2933940742563936,2.3365754270722374,80836800
1995-01-27,2.298192262649536,2.312585656467744,2.2933940742563936,2.3077880537552113,58376000
1995-01-30,2.2646071910858154,2.307788553247735,2.2598095873349004,2.307788553247735,55164800
1995-01-31,2.279000759124756,2.2933941534399214,2.235819404817999,2.269404967687769,59945600
1995-02-01,2.269404888153076,2.331777237467245,2.26400666997833,2.2790006792537647,66705600
1995-02-02,2.2646071910858154,2.2790011737000344,2.240618000969766,2.2550113979032487,46312000
1995-02-03,2.307788372039795,2.322181767843105,2.2742028056975867,2.2837985981266904,60332800
1995-02-06,2.336576461791992,2.3461722571470296,2.3077890757268804,2.3077890757268804,48345600
1995-02-07,2.3413729667663574,2.3461711550303557,2.32697957333555,2.3317771759189543,33152000
1995-02-08,2.3749589920043945,2.379756595525988,2.3413734246304077,2.3509692173543026,49150400
1995-02-09,2.3749589920043945,2.398948180973778,2.370160802802093,2.3845547847282895,42398400
1995-02-10,2.379756212234497,2.403745983020716,2.3605646298777674,2.379756212234497,49862400
1995-02-13,2.379756212234497,2.408543585769592,2.365362818307257,2.379756212234497,38160000
1995-02-14,2.3749589920043945,2.389352388249883,2.3605650100781976,2.3845547847282895,31121600
1995-02-15,2.331778049468994,2.3557678284150487,2.288597267319234,2.3077888562037527,147001600
1995-02-16,2.336576461791992,2.3461722571470296,2.3125866805639648,2.336576461791992,56744000
1995-02-17,2.317383289337158,2.3365748669478985,2.3125851020942383,2.331776679704979,37824000
1995-02-21,2.293394088745117,2.3317772534103076,2.28379829757882,2.32218146224401,55392000
1995-02-22,2.3605644702911377,2.3797560513504155,2.288596334159134,2.2933939365836666,60902400
1995-02-23,2.365363597869873,2.384555186551654,2.3413738191772437,2.350969613518134,59939200
1995-02-24,2.350969076156616,2.3749588493658975,2.350969076156616,2.3557672650707415,34177600
1995-02-27,2.3701608180999756,2.3797566108858055,2.346171628975757,2.3557674217615867,28592000
1995-02-28,2.4181394577026367,2.4277352492014566,2.3701605002085366,2.374958688798263,52544000
1995-03-01,2.427736282348633,2.4565236690958496,2.4085446911838213,2.422938677397871,52032000
1995-03-02,2.4469268321990967,2.4469268321990967,2.4229376462923633,2.4277352492014566,26038400
1995-03-03,2.4421298503875732,2.4517256443268547,2.42293826250901,2.4421298503875732,31776000
1995-03-06,2.468518018722534,2.470917553199858,2.413342782084687,2.4277361820230503,45156800
1995-03-07,2.5080997943878174,2.5338890705875547,2.46611849801103,2.470916686761884,91750400
1995-03-08,2.629246950149536,2.634045138884295,2.5236932404720003,2.5236932404720003,140096000
1995-03-09,2.605257511138916,2.6388424863061517,2.5668743477017357,2.6292466954468563,58238400
1995-03-10,2.631645441055298,2.6388425772882096,2.552480456576959,2.6052576009630304,44324800
1995-03-13,2.6484389305114746,2.674827654724694,2.619651550832002,2.634045533512108,34550400
1995-03-14,2.753992795944214,2.7635885896583052,2.6580348588033007,2.6628330485007305,78643200
1995-03-15,2.7060136795043945,2.758790834888288,2.7012160757498966,2.753992645453054,57294400
1995-03-16,2.691620111465454,2.7060135074947573,2.672428526305917,2.6868219223352203,47510400
1995-03-17,2.6844236850738525,2.7539928992707856,2.682024736555324,2.706013928900214,59868800
1995-03-20,2.730004072189331,2.7443974723858857,2.6868227002379297,2.6916208907573607,37772800
1995-03-21,2.70361590385437,2.744397745341534,2.701216954776274,2.734801949029151,74772800
1995-03-22,2.722806215286255,2.7252048703952205,2.6820241001482983,2.706013286800888,52464000
1995-03-23,2.7923760414123535,2.8115676293258405,2.7348012776718926,2.739599467490656,105286400
1995-03-24,2.8355565071105957,2.845152298021832,2.806769134376887,2.8115667369922064,65683200
1995-03-27,2.801971673965454,2.8355572437197987,2.787578276699842,2.7923758805614627,61008000
1995-03-28,2.825960874557495,2.840354268890612,2.7971735002106306,2.7971735002106306,47603200
1995-03-29,2.7731845378875732,2.8403550976287946,2.765987399360613,2.8259616990960765,65763200
1995-03-30,2.7683868408203125,2.792376032797772,2.7012162833303317,2.782780238870632,75011200
1995-03-31,2.730004072189331,2.7683872536213014,2.7060142909539153,2.753993267743878,63080000
1995-04-03,2.686821699142456,2.7395988467873655,2.6676301155771527,2.7252048662730624,65617600
1995-04-04,2.682025194168091,2.7443975734515442,2.6772270034719607,2.696418594894699,66689600
1995-04-05,2.7108120918273926,2.7108120918273926,2.6388433441466375,2.6820247098912473,65792000
1995-04-06,2.686821699142456,2.720407263222062,2.6652314604718153,2.7108114714394107,35414400
1995-04-07,2.672429323196411,2.7156101098410796,2.6676311326354067,2.6964185189588106,43148800
1995-04-10,2.722806215286255,2.734800662192387,2.6628325165539657,2.667630119612223,43169600
1995-04-11,2.7683868408203125,2.7689862851003677,2.730003665111752,2.7491952529660324,43624000
1995-04-12,2.749194622039795,2.811566975411676,2.7156090581621304,2.768386205489704,40430400
1995-04-13,2.782778739929199,2.7827787399291988,2.7300021945983612,2.7539913736540695,32814400
1995-04-17,2.969897747039795,2.9986851213939096,2.8979290183141937,2.8979290183141937,187913600
1995-04-18,2.945909261703491,2.9746966486256747,2.917121874781307,2.969899043645754,75609600
1995-04-19,2.921919584274292,2.9555045706457808,2.8979298062825514,2.9411111723953685,59163200
1995-04-20,2.8883330821990967,2.950706016349345,2.8403541273452912,2.9363120370529026,83913600
1995-04-21,2.8787386417388916,2.91232421873295,2.873941036843098,2.9027284232604873,53555200
1995-04-24,2.9842915534973145,2.984891583386202,2.8835360221842237,2.8931318149607423,68089600
1995-04-25,3.070652961730957,3.075451149823948,2.9794932447698557,2.9794932447698557,69371200
1995-04-26,3.056260585784912,3.0802497771905606,3.037068998388086,3.0610581897937346,44305600
1995-04-27,3.0178773403167725,3.0898454985290917,2.931515199053537,3.056260514211544,128844800
1995-04-28,3.1378235816955566,3.152217560690418,3.0178764899144612,3.0274722806841723,92104000
1995-05-01,3.1522176265716553,3.2145899750380633,3.13782364727596,3.142621835601392,65550400
1995-05-02,3.0538599491119385,3.1570149869670994,3.0514612943937314,3.152217384690406,78099200
1995-05-03,3.1042392253875732,3.1090368288880974,3.080249450842837,3.080249450842837,61566400
1995-05-04,3.1282289028167725,3.1953994620797093,3.109037314455933,3.1282289028167725,66524800
1995-05-05,3.070652961730957,3.1330258928564034,3.065855359318539,3.1234301023509943,43707200
1995-05-08,3.0658557415008545,3.08504732490405,3.0370683663960607,3.0658557415008545,43988800
1995-05-09,3.063457727432251,3.0850488551511317,3.0370698728445893,3.0706548676187007,36748800
1995-05-10,3.0418660640716553,3.0850474209130043,3.0274726689116482,3.0754516289127785,38688000
1995-05-11,3.1234309673309326,3.128228571071964,3.0322706394439893,3.0370688288657557,38673600
1995-05-12,3.099440336227417,3.1570150793152325,3.0850469432957497,3.1234301053542937,36192000
1995-05-15,3.1210336685180664,3.1474224114546816,3.0658584039984147,3.094645804103183,35232000
1995-05-16,3.257772445678711,3.26317007995256,3.1282289302659474,3.1282289302659474,86708800
1995-05-17,3.3009533882141113,3.3345389626206585,3.2673683994883946,3.2721660040145695,66515200
1995-05-18,3.2481770515441895,3.329741020000597,3.2481770515441895,3.28656023333094,58326400
1995-05-19,3.276962995529175,3.281760598300417,3.2241858509618133,3.2337816421849137,45190400
1995-05-22,3.3489325046539307,3.358528299796206,3.224187167804357,3.276964333927297,91382400
1995-05-23,3.3969106674194336,3.3969106674194336,3.302152213066985,3.3585274960361633,55516800
1995-05-24,3.3585267066955566,3.4352930314200267,3.3393351255144395,3.4208996383744776,68684800
1995-05-25,3.4256980419158936,3.4304962311735,3.3441340956630152,3.3729214741665103,43440000
1995-05-26,3.3585267066955566,3.425697240829468,3.3393351255144395,3.4232985860221175,52934400
1995-05-30,3.1858034133911133,3.3921132646288044,3.171410016110745,3.377719281667686,99612800
1995-05-31,3.250574827194214,3.2529734823497156,3.1090366025997285,3.1953987304497207,119756800
1995-06-01,3.2289841175079346,3.286558866239006,3.219388326052756,3.262569094760744,61153600
1995-06-02,3.190601348876953,3.2289845194758895,3.1714097635774845,3.2145905376609365,55556800
1995-06-05,3.25297474861145,3.2769645307484403,3.1378251999880358,3.171410777843644,55852800
1995-06-06,3.190601348876953,3.301552701389504,3.190601348876953,3.257771897425092,49036800
1995-06-07,3.224186658859253,3.2529740397419245,3.1522184994929545,3.1810058803756265,64590400
1995-06-08,3.2289841175079346,3.2481757004182916,3.209792534597577,3.2289841175079346,29320000
1995-06-09,3.257772445678711,3.296155622737189,3.171410297297136,3.2145910786475222,81214400
1995-06-12,3.2145915031433105,3.2529746852703947,3.1953999120797683,3.248177080344949,45832000
1995-06-13,3.219388961791992,3.2529739456768962,3.2001973750918333,3.228984755142071,37691200
1995-06-14,3.2169878482818604,3.2289831697606863,3.176206039407641,3.200195803844605,43096000
1995-06-15,3.257772445678711,3.26257004997062,3.2193892686202332,3.224186872912142,43912000
1995-06-16,3.3393356800079346,3.3585272643757964,3.25777173928486,3.262569342536488,92278400
1995-06-19,3.4472880363464355,3.4502870142330377,3.3345380642875275,3.348931459669265,78982400
1995-06-20,3.507262945175171,3.507262945175171,3.444889992306941,3.4688797697734226,56670400
1995-06-21,3.473676919937134,3.5456456572513195,3.4544853347441107,3.526454072058297,57224000
1995-06-22,3.5264546871185303,3.5312522914132014,3.4784757157678077,3.4784757157678077,46296000
1995-06-23,3.4976677894592285,3.5384499207641116,3.4640822120147656,3.4832738032170636,46356800
1995-06-26,3.444888114929199,3.497665245184778,3.4352923263082262,3.492867058034063,41048000
1995-06-27,3.3345391750335693,3.4736779146875247,3.3297409845209147,3.435294733309762,66004800
1995-06-28,3.3729214668273926,3.4161022416483204,3.257771953063966,3.3297401063257506,107286400
1995-06-29,3.4304964542388916,3.444889851586201,3.3777192973769994,3.3777192973769994,57643200
1995-06-30,3.4688806533813477,3.492869851277682,3.440093264497191,3.440093264497191,53342400
1995-07-03,3.490471601486206,3.4976684495452695,3.4688810573090163,3.488072652133185,16763200
1995-07-05,3.4808759689331055,3.531253614892005,3.4688812215999127,3.5168602109326845,48547200
1995-07-06,3.5600392818450928,3.5696350750576133,3.4688795391665175,3.478475332379038,47070400
1995-07-07,3.6703908443450928,3.6703908443450928,3.5600389401523214,3.56483712913842,66699200
1995-07-10,3.7951364517211914,3.828721434623135,3.6751887455154404,3.684784538584671,111982400
1995-07-11,3.703974723815918,3.8047308057755167,3.703974723815918,3.799932618215294,78227200
1995-07-12,3.8335204124450684,3.838318017126051,3.7135726815694543,3.7135726815694543,94675200
1995-07-13,3.8431172370910645,3.8958938311254125,3.7663508561821892,3.843117237091064,84811200
1995-07-14,3.9774563312530518,3.9774563312530513,3.761550704602602,3.7711464972163844,89905600
1995-07-17,4.183764934539795,4.193360725674061,4.087807023197139,4.1357859788684666,155830400
1995-07-18,3.9102861881256104,4.1117978538949105,3.886296411265074,4.106999664250498,289624000
1995-07-19,3.6272103786468506,3.7903388877394337,3.3969113069867327,3.7231683251718994,305092800
1995-07-20,3.689582109451294,3.7375610667544277,3.608017589195651,3.655996546498785,177848000
1995-07-21,3.531252861022949,3.6847855941109033,3.521657065204952,3.6080192275669263,169257600
1995-07-24,3.5936243534088135,3.5984219565104993,3.5360496021046455,3.5552411858727018,94811200
1995-07-25,3.6991801261901855,3.747159112355551,3.646402948567791,3.6655945430339374,109422400
1995-07-26,3.684784412384033,3.766348943519347,3.6416036378917624,3.74715735803818,77470400
1995-07-27,3.703974723815918,3.747156069135891,3.69437893437598,3.703974723815918,52916800
1995-07-28,3.5552401542663574,3.6847830142716003,3.53125038867695,3.6847830142716003,158468800
1995-07-31,3.473676919937134,3.5888264310952707,3.4544853347441107,3.5744330350408537,101435200
1995-08-01,3.4352941513061523,3.488670753866601,3.3729217849747775,3.483273119899814,166144000
1995-08-02,3.4161019325256348,3.555241208572768,3.377718764744448,3.4928682680880088,129804800
1995-08-03,3.4976677894592285,3.507263585060378,3.3585284604021273,3.3777200516044252,113536000
1995-08-04,3.6032207012176514,3.603220701217652,3.5024645780498176,3.5072627675724513,77705600
1995-08-07,3.5936243534088135,3.665592499698695,3.521655621438275,3.6272093321625833,64273600
1995-08-08,3.5888278484344482,3.6416050213989504,3.58403024308182,3.612817632240385,43913600
1995-08-09,3.703974723815918,3.766347648015766,3.6847831449360426,3.751953671015606,144384000
1995-08-10,3.61281681060791,3.7279663410546835,3.6032210164040124,3.7231681511123353,71883200
1995-08-11,3.703974723815918,3.7087729113761405,3.5360487014572635,3.6368041977363545,97195200
1995-08-14,3.7903404235839844,3.809532020665422,3.675190841095357,3.718372227369124,88872000
1995-08-15,3.7759454250335693,3.8143286029974135,3.718370658087803,3.8095304129115246,63267200
1995-08-16,3.7903404235839844,3.7951386156948757,3.727968025909843,3.775947018613438,38118400
1995-08-17,3.8047335147857666,3.867105897714899,3.7861413666678283,3.7951377185135207,74564800
1995-08-18,3.72796630859375,3.828721854016958,3.7231681186931818,3.8263231983272687,77502400
1995-08-21,3.6272103786468506,3.771147298434424,3.622412774161011,3.7423599144769093,110491200
1995-08-22,3.8119282722473145,3.814327806049523,3.622411956328307,3.651199333786489,94320000
1995-08-23,3.75675368309021,3.857509228302491,3.7423596990994317,3.838317640101981,111188800
1995-08-24,3.689582109451294,3.766348441136308,3.6655923379594118,3.766348441136308,95275200
1995-08-25,3.6224145889282227,3.713574390956094,3.6224145889282227,3.6991809846069015,73489600
1995-08-28,3.4568843841552734,3.6224124109968323,3.4496881245681803,3.6224124109968323,112622400
1995-08-29,3.5264546871185303,3.5264546871185307,3.33933640601031,3.4592841272275185,163929600
1995-08-30,3.579230546951294,3.5984221316534457,3.5120600004937628,3.564837151265023,79499200
1995-08-31,3.5504438877105713,3.608018653457229,3.5120607105461326,3.5840294605698566,38764800
1995-09-01,3.444888114929199,3.5312502125179535,3.430494724837969,3.521654423896981,80262400
1995-09-05,3.6464009284973145,3.651199117296193,3.4640808820724485,3.4880706547055236,92052800
1995-09-06,3.5888278484344482,3.703977405068709,3.5696362556620715,3.655998423137767,100265600
1995-09-07,3.6320085525512695,3.708774909427589,3.5792313893583882,3.6176145677965477,93932800
1995-09-08,3.665592908859253,3.670391098177179,3.5792307722630925,3.5984223581733508,64417600
1995-09-11,3.7471582889556885,3.756754084080183,3.6464021473080646,3.6607961328352343,77408000
1995-09-12,3.694380283355713,3.7519550410183995,3.670391093836621,3.7519550410183995,71155200
1995-09-13,3.689582109451294,3.7231670867231723,3.651198943608787,3.689582109451294,61208000
1995-09-14,3.641606330871582,3.703978736969618,3.6368081381126562,3.689585330055126,54230400
1995-09-15,3.5864274501800537,3.6607948360513123,3.550442938369766,3.6368050638976794,88316800
1995-09-18,3.531252861022949,3.5840300308623823,3.4880720726824106,3.579231840112935,76827200
1995-09-19,3.5816292762756348,3.6272095837263008,3.512060073131815,3.5312516582308957,58011200
1995-09-20,3.5744330883026123,3.6320078447395887,3.5552415028236206,3.588826484571502,44652800
1995-09-21,3.478475570678711,3.5720339752294463,3.4736773809033727,3.5024647625130694,83836800
1995-09-22,3.444888114929199,3.48327126941309,3.416100749066281,3.4496863020799142,99899200
1995-09-25,3.4634830951690674,3.4784771154302336,3.3969125384738175,3.4736789235240733,57878400
1995-09-26,3.3873157501220703,3.526455075191314,3.3825181452994415,3.468880303234565,76548800
1995-09-27,3.401707649230957,3.4065052511105773,3.2001960709962467,3.377717882791333,140756800
1995-09-28,3.512059450149536,3.512059450149536,3.4113039390921003,3.416101541675505,105510400
1995-09-29,3.473676919937134,3.5600390533057364,3.4568839900528885,3.5168582794617853,95158400
1995-10-02,3.3873157501220703,3.4880718938868145,3.3825181452994415,3.473677908057194,67731200
1995-10-03,3.4113056659698486,3.425699066686912,3.348932701046869,3.3825182788548327,80736000
1995-10-04,3.3057518005371094,3.3825181635605444,3.281762019251851,3.3825181635605444,73473600
1995-10-05,3.3585267066955566,3.3585267066955566,3.2625688007899694,3.3009519631522046,101289600
1995-10-06,3.2961556911468506,3.416102829103621,3.281761706610782,3.3585280623209757,76616000
1995-10-09,3.190601348876953,3.2913568788588097,3.1762073670619997,3.257771897425092,108614400
1995-10-10,3.2145915031433105,3.2289854892814067,3.085048556304841,3.1186335478255995,157644800
1995-10-11,3.324941635131836,3.3537290060607674,3.262568705278871,3.296154264202905,107009600
1995-10-12,3.3633267879486084,3.3825183799321072,3.3249436039816107,3.339337005128781,78700800
1995-10-13,3.3105475902557373,3.4065054914225703,3.300951800139054,3.396909701305887,68644800
1995-10-16,3.3297414779663086,3.35373126272297,3.281762494133941,3.2913582909004147,61067200
1995-10-17,3.4976677894592285,3.51206119002051,3.3297410735986803,3.3489326648009783,123140800
1995-10-18,3.6703908443450928,3.785540351843281,3.6416034674705453,3.7711463705656665,294329600
1995-10-19,3.7135725021362305,3.7231682967153943,3.6368061455029235,3.65599773466125,95840000
1995-10-20,3.665592908859253,3.7183700629528236,3.641603719311792,3.703976080679769,79984000
1995-10-23,3.6991801261901855,3.7279675178894047,3.627211354101645,3.646402948567791,93473600
1995-10-24,3.742358922958374,3.7663486960740835,3.6991781513030357,3.6991781513030357,68681600
1995-10-25,3.679986000061035,3.7519541369577865,3.679986000061035,3.747156534482274,60211200
1995-10-26,3.761549472808838,3.766347660384818,3.660793976198856,3.6751873675657776,82841600
1995-10-27,3.838315963745117,3.843713595569134,3.7375604625370764,3.74235806465149,130683200
1995-10-30,3.943871259689331,3.967861037077707,3.7807427647630085,3.809530146220595,125464000
1995-10-31,3.838315963745117,3.9678594203617834,3.828720173835755,3.953465442657471,91958400
1995-11-01,3.7759454250335693,3.876700974348252,3.771147234947681,3.8431159864702966,72819200
1995-11-02,3.838315963745117,3.85270994144943,3.771145434379578,3.7855394120838906,63504000
1995-11-03,3.819124698638916,3.8431144682294525,3.7903373265386224,3.8383162800391113,40635200
1995-11-06,3.737562656402588,3.7951374296538662,3.7183710653188284,3.7231686702493283,87729600
1995-11-07,3.5696332454681396,3.7375598334580697,3.5648356441612243,3.7039742815879086,115921600
1995-11-08,3.655996561050415,3.665592352549235,3.5840284176495816,3.6032200006472217,71280000
1995-11-09,3.7999343872070312,3.800534417166615,3.6847848603219697,3.703976448136147,99814400
1995-11-10,3.718369245529175,3.7999331748768923,3.708173424915376,3.7807415931855948,60819200
1995-11-13,3.69677996635437,3.7327644927366177,3.6871841707432216,3.7087752965491894,59003200
1995-11-14,3.6080188751220703,3.6847852341672205,3.6032212705221682,3.679987629567319,75657600
1995-11-15,3.6080188751220703,3.6320086551640998,3.526454911477018,3.6224128602834558,108686400
1995-11-16,3.449688196182251,3.5252544873827434,3.440092402292566,3.4736773880660747,195126400
1995-11-17,3.3537302017211914,3.4784755202203343,3.3537302017211914,3.454485743053191,143803200
1995-11-20,3.3009533882141113,3.4304969099524643,3.2913575934809307,3.392113731019742,115296000
1995-11-21,3.377720355987549,3.40650774538517,3.233783408999443,3.2961563788680905,130163200
1995-11-22,3.3537302017211914,3.4352941555917846,3.348932012015455,3.3921133766440046,65428800
1995-11-24,3.377720355987549,3.3873161524534225,3.353731157663333,3.3633269541292066,15014400
1995-11-27,3.3489325046539307,3.4352946609344044,3.3447343442791855,3.4017096707768704,79100800
1995-11-28,3.512059450149536,3.512059450149536,3.320143633201474,3.33933521489628,86537600
1995-11-29,3.444888114929199,3.550441789759899,3.4256965376872537,3.526452611047696,91067200
1995-11-30,3.3441338539123535,3.444889378550514,3.334538061771544,3.435293586409705,93512000
1995-12-01,3.3105475902557373,3.3729205188544533,3.2961541979209867,3.3441331485044032,96124800
1995-12-04,3.3729214668273926,3.4400920165227244,3.2721653494440375,3.3057509171320603,130436800
1995-12-05,3.3009533882141113,3.382517936286561,3.2673683994883946,3.372922141553381,104528000
1995-12-06,3.478475570678711,3.49286896864317,3.300953091245194,3.3057512810205325,145272000
1995-12-07,3.473676919937134,3.5312516755162022,3.4107045310225277,3.4976666942687626,132876800
1995-12-08,3.6272103786468506,3.6320085688135157,3.5402481967681116,3.5552422115934768,147041600
1995-12-11,3.5744330883026123,3.6368054482689818,3.56963489909251,3.627209655529486,61924800
1995-12-12,3.507262945175171,3.5744335021282314,3.497667151324734,3.569635312362624,44739200
1995-12-13,3.5216543674468994,3.5360483429878604,3.473675425111111,3.4976651891192296,39577600
1995-12-14,3.4065070152282715,3.588827109001052,3.40170941086413,3.5408481369555833,92822400
1995-12-15,3.3921124935150146,3.444889052453237,3.3489311401286344,3.420899867212395,115470400
1995-12-18,3.3393356800079346,3.4161020174793815,3.276963323652722,3.392112829859892,99460800
1995-12-19,3.4880690574645996,3.493466687946309,3.3537280321420644,3.3537280321420644,84340800
1995-12-20,3.3441338539123535,3.5072623203061104,3.3393356650016126,3.497666528165301,84980800
1995-12-21,3.454484701156616,3.4544847011566167,3.3537291902131785,3.368122583627701,60593600
1995-12-22,3.473676919937134,3.488070901672251,3.420900353496671,3.459283523882717,36057600
1995-12-26,3.464080333709717,3.502463495302068,3.449686940952868,3.464080333709717,34707200
1995-12-27,3.4113056659698486,3.4784762359048864,3.392114074559838,3.468880440199881,40539200
1995-12-28,3.3537302017211914,3.3969109806689715,3.348932012015455,3.387315186938268,49777600
1995-12-29,3.3681228160858154,3.4065059820810952,3.3105480670928955,3.3489312330881753,52342400
1996-01-02,3.444888114929199,3.444888114929199,3.3537284158701874,3.372919993112133,57779200
1996-01-03,3.3345391750335693,3.459284514511298,3.3297409845209147,3.420901333133535,62857600
1996-01-04,3.3537302017211914,3.358527805746158,3.2577722644141582,3.348932012015455,102353600
1996-01-05,3.315345525741577,3.363324472672132,3.3057497363554664,3.3105473382082695,62083200
1996-01-08,3.3105475902557373,3.36332472873777,3.3057499880376704,3.3201433803724205,11377600
1996-01-09,3.0778517723083496,3.300953730123021,3.0658570276494723,3.300953730123021,177424000
1996-01-10,3.1618149280548096,3.1953999196551894,3.0892461384928707,3.0898461685554683,181571200
1996-01-11,3.324941635131836,3.33453742544148,3.190600570796824,3.2049939634210087,116617600
1996-01-12,3.2913572788238525,3.3345386438353986,3.2193891180456427,3.3201446602712914,80544000
1996-01-15,3.166611671447754,3.2961551690291593,3.142622481928662,3.2961551690291593,84572800
1996-01-16,3.315345525741577,3.3195430979174962,3.1953978655749387,3.209791842494357,122006400
1996-01-17,3.257772445678711,3.3585279926168146,3.2481766514140915,3.2529742557060004,143078400
1996-01-18,3.3633267879486084,3.411305767907355,3.262570637194786,3.281762229178285,121331200
1996-01-19,3.5264546871185303,3.5792312627639244,3.4400925386872294,3.4640817315221897,227440000
1996-01-22,3.531252861022949,3.5600402484769407,3.4880720726824106,3.516859460136402,82643200
1996-01-23,3.4352941513061523,3.521656294774743,3.4256983575874203,3.507262897037029,66473600
1996-01-24,3.502464771270752,3.550443740740214,3.4352942140135045,3.449688197694733,92217600
1996-01-25,3.4304964542388916,3.516858595365008,3.416102471210829,3.507262801906551,59881600
1996-01-26,3.473676919937134,3.488070901672251,3.4161021643580654,3.420900353496671,50881600
1996-01-29,3.4688806533813477,3.5024656475724005,3.429897438093589,3.483274054982963,39587200
1996-01-30,3.4856715202331543,3.5072626401999516,3.478475261151856,3.488071054167888,45120000
1996-01-31,3.5504438877105713,3.5552420776965277,3.4592841347854315,3.4832733276728036,68774400
1996-02-01,3.61281681060791,3.61761441486946,3.5312522670343798,3.5408480612382776,78587200
1996-02-02,3.5696332454681396,3.61281458563257,3.5360482792784165,3.6080163986452165,44686400
1996-02-05,3.72796630859375,3.732763912813525,3.5600396186473464,3.5600396186473464,126480000
1996-02-06,3.703974723815918,3.742357881575668,3.6703897536163903,3.703974723815918,98158400
1996-02-07,3.718369245529175,3.727965036374824,3.6649920732696604,3.6847836847291076,65555200
1996-02-08,3.7951364517211914,3.819125641553904,3.665592952446209,3.7087743140981133,103924800
1996-02-09,3.8431172370910645,3.8479148430573655,3.7807442597620997,3.790340057375709,122832000
1996-02-12,3.819124698638916,3.8814976310298435,3.8047313054290615,3.8287204893390134,87779200
1996-02-13,3.8239245414733887,3.8479137357636657,3.7423599923886024,3.751955787240881,114513600
1996-02-14,3.7903404235839844,3.84311760839847,3.775947018613438,3.84311760839847,80212800
1996-02-15,3.7807416915893555,3.804731462168171,3.7519543183031425,3.780741691589356,52195200
1996-02-16,3.75675368309021,3.8095302578012165,3.7567536830902104,3.7903386696007066,62206400
1996-02-20,3.751955986022949,3.780743372104967,3.71837099510103,3.7327643953016043,64182400
1996-02-21,3.8335204124450684,3.8431162074878835,3.7423600666979,3.751955861740715,80046400
1996-02-22,3.934277057647705,3.939075249339001,3.838319080631907,3.838319080631907,106500800
1996-02-23,3.9726576805114746,3.977455869101201,3.910285328609461,3.939072703105921,102640000
1996-02-26,3.862307548522949,3.9630630971351315,3.8575093584705153,3.9534673027110756,63696000
1996-02-27,3.8431172370910645,3.8695050948474834,3.828123217638793,3.8671064382845843,60958400
1996-02-28,3.8431172370910645,3.9150854263526313,3.8335214394774546,3.8671064382845843,60051200
1996-02-29,3.787940502166748,3.8431163253551617,3.783142018817322,3.7999349534977083,61723200
1996-03-01,3.665592908859253,3.785540613638726,3.632007926356663,3.775944820683597,157652800
1996-03-04,3.694380283355713,3.7375616444430886,3.66559290452437,3.684784490411932,72564800
1996-03-05,3.766348123550415,3.7717457557918785,3.675187819520962,3.6847836101724525,57369600
1996-03-06,3.7231669425964355,3.7951356686054853,3.7231669425964355,3.771145898042266,44256000
1996-03-07,3.7351632118225098,3.747158542219727,3.7087753591274937,3.7279669506736104,44291200
1996-03-08,3.6511988639831543,3.742358588030774,3.6368048842658034,3.6655922580198865,108524800
1996-03-11,3.703974723815918,3.7087729113761405,3.651198174736515,3.651198174736515,74592000
1996-03-12,3.675187587738037,3.7087731457404067,3.6368044275527835,3.694379167830664,76888000
1996-03-13,3.871901035308838,3.876698636821108,3.7519533836560726,3.770544931431784,156710400
1996-03-14,3.8239245414733887,3.9102866951438946,3.8239245414733887,3.8814993105870594,60640000
1996-03-15,3.9294774532318115,3.958264831696218,3.823923732195655,3.838317128587501,121721600
1996-03-18,4.039828777313232,4.063818552204143,3.929477452721043,3.929477452721043,119472000
1996-03-19,4.102200508117676,4.109396764920078,4.02063600047072,4.083008928163161,92491200
1996-03-20,4.015841007232666,4.092607376922362,3.9816553975493028,4.078213389765083,92944000
1996-03-21,3.8671035766601562,4.006242831936106,3.8575077861473517,4.001444643839418,66313600
1996-03-22,3.881497859954834,3.8934925990373883,3.8287207151512863,3.881497859954834,48046400
1996-03-25,3.8335204124450684,3.9294783628732195,3.792737697832254,3.8958927873829414,63379200
1996-03-26,3.943871259689331,3.948669449439316,3.790338558582204,3.81432833597058,79899200
1996-03-27,3.934277057647705,3.9918518438571833,3.8815004631295222,3.963064450752444,52729600
1996-03-28,3.9246809482574463,3.9726599329549703,3.8815001548701575,3.910287545688672,54955200
1996-03-29,3.9582648277282715,3.9966479989756696,3.919881656480874,3.9294774492927234,53508800
1996-04-01,3.943871259689331,3.9726586411469174,3.91988206798173,3.958864687531824,31692800
1996-04-02,4.015841007232666,4.030234408709024,3.9390746375429706,3.943872242808116,54396800
1996-04-03,4.011041164398193,4.035030937886848,3.967860392071567,3.9966477688495448,46072000
1996-04-04,4.006245136260986,4.0254367283252765,3.972659557308024,4.015840932293131,28961600
1996-04-08,3.98225474357605,3.987052933697877,3.9102865771952064,3.9342757707618805,73753600
1996-04-09,3.9006924629211426,3.9918522576962663,3.895894270732414,3.9918522576962663,66942400
1996-04-10,3.9006924629211426,3.9534690629107256,3.8862984720360285,3.895894270732414,51910400
1996-04-11,3.881497859954834,3.929476816285051,3.823923112358574,3.8958912540135895,62465600
1996-04-12,3.881497859954834,3.9006894424869207,3.857508088949416,3.881497859954834,33737600
1996-04-15,3.9732582569122314,3.9774564162704964,3.8767002988317882,3.8767002988317882,50102400
1996-04-16,4.039828777313232,4.049424570133454,3.9918498132121254,4.001445606032347,80116800
1996-04-17,4.06621789932251,4.068616554922526,4.003844654191274,4.039829173637697,62630400
1996-04-18,4.183764934539795,4.193360725674061,4.049423858660076,4.068615440928608,133958400
1996-04-19,4.212553977966309,4.303714322721719,4.202958183027889,4.284522732844879,169492800
1996-04-22,4.32770299911499,4.351692776429407,4.231745061218871,4.241340855008483,92758400
1996-04-23,4.32290506362915,4.346894253423574,4.2749260983595745,4.3277026673157435,57139200
1996-04-24,4.279724597930908,4.3420975586783985,4.270128802868283,4.3372993683066605,69251200
1996-04-25,4.32770299911499,4.3660861742734385,4.231745061218871,4.279724030166931,63896000
1996-04-26,4.356490135192871,4.370884117907226,4.313309358411286,4.327702755444901,54296000
1996-04-29,4.32290506362915,4.356490046477489,4.2989152881539985,4.351692442790895,34267200
1996-04-30,4.346893310546875,4.346893310546875,4.294116753038373,4.322904125955901,28441600
1996-05-01,4.418862819671631,4.423660423168771,4.322904892921766,4.332500685596752,65014400
1996-05-02,4.284521102905273,4.423659783740085,4.265329520329395,4.418862180936426,87340800
1996-05-03,4.255734920501709,4.394873640290605,4.2269475385784085,4.318107288495136,75300800
1996-05-06,4.2893195152282715,4.313309290815999,4.207755566727608,4.260532135931437,75852800
1996-05-07,4.34209680557251,4.3564902028295895,4.284522045182691,4.284522045182691,47366400
1996-05-08,4.3852763175964355,4.390074505751382,4.250935248786042,4.332499761975499,77851200
1996-05-09,4.356490135192871,4.418863084153844,4.346894341943548,4.385277514940841,47776000
1996-05-10,4.409267425537109,4.419462663335446,4.380480044910144,4.390075838452466,43913600
1996-05-13,4.553204536437988,4.562800330418173,4.414065230884919,4.414065230884919,95606400
1996-05-14,4.567597389221191,4.605980560559185,4.538209980825183,4.57719318205569,76832000
1996-05-15,4.5148210525512695,4.596385002978788,4.505225259225635,4.567597623001885,56323200
1996-05-16,4.495630741119385,4.505226537166938,4.438055964834062,4.452449366064937,67092800
1996-05-17,4.490830421447754,4.529213587443033,4.46684123554102,4.52441598453394,35392000
1996-05-20,4.481234073638916,4.524415422863298,4.476436471325408,4.505223842248141,38457600
1996-05-21,4.418862819671631,4.486033368396536,4.418862819671631,4.48123517921869,42113600
1996-05-22,4.486034870147705,4.500428271138187,4.399672707162111,4.414066108152593,45646400
1996-05-23,4.548405170440674,4.5723949420280405,4.486032818538661,4.486032818538661,51976000
1996-05-24,4.548405170440674,4.5675967534383135,4.5388093789418535,4.548405170440674,26443200
1996-05-28,4.500425338745117,4.572993497858678,4.495627736767952,4.558000076554223,43376000
1996-05-29,4.495630741119385,4.538811530492921,4.476439149024277,4.505226537166938,33569600
1996-05-30,4.538809299468994,4.538809299468994,4.476436948659098,4.500426134145789,33824000
1996-05-31,4.558000564575195,4.581990334071145,4.529213192588404,4.550803428738206,40259200
1996-06-03,4.54360818862915,4.586788963436206,4.534012395818614,4.558001585004598,31684800
1996-06-04,4.524415969848633,4.562799135719329,4.4620430324684355,4.553203344251655,65852800
1996-06-05,4.639566421508789,4.653959818829742,4.524416900218156,4.529214504098223,50968000
1996-06-06,4.598784446716309,4.721131125429133,4.596385790814136,4.673152150577211,88136000
1996-06-07,4.65395975112915,4.65395975112915,4.514821041100713,4.514821041100713,70198400
1996-06-10,4.629970073699951,4.653959261589453,4.605380270271181,4.644363469297516,45819200
1996-06-11,4.687543869018555,4.730724632663028,4.629969127038883,4.634766729363575,65259200
1996-06-12,4.797896385192871,4.812290367188805,4.711534250259399,4.7163324394849475,88844800
1996-06-13,4.783502101898193,4.831481056853638,4.74991654058908,4.8026936838803715,62577600
1996-06-14,4.721128940582275,4.7978952648193856,4.716331338157744,4.788299474289747,55944000
1996-06-17,4.783502101898193,4.797895495544526,4.697139982978392,4.725927355951659,57499200
1996-06-18,4.697141647338867,4.778705606823768,4.682747662911644,4.778705606823768,74585600
1996-06-19,4.673151969909668,4.7259291330468,4.658758570850973,4.701939353707879,73409600
1996-06-20,4.673151969909668,4.701339323705005,4.567598229316226,4.682747764509071,102228800
1996-06-21,4.754716396331787,4.764312190687975,4.663556057107592,4.697141630194656,56806400
1996-06-24,4.764310836791992,4.8026940033092265,4.7211294816197835,4.759512648137017,48102400
1996-06-25,4.682745933532715,4.769108051159343,4.658756749254504,4.769108051159343,41145600
1996-06-26,4.625170707702637,4.68274544680267,4.567595968602604,4.6779478447179335,71457600
1996-06-27,4.603582859039307,4.644364694195439,4.567598335613696,4.6251731045500035,77582400
1996-06-28,4.61077880859375,4.644363791102269,4.572395636766458,4.6251722051886235,52000000
1996-07-01,4.6947407722473145,4.701937908825634,4.610778180984642,4.615575783969653,47862400
1996-07-02,4.668354034423828,4.706737210099745,4.653960050704969,4.697141416180766,38548800
1996-07-03,4.649164199829102,4.716334782592611,4.629972604753813,4.6683557949043895,44243200
1996-07-05,4.54360818862915,4.610778738302902,4.54360818862915,4.610778738302902,35331200
1996-07-08,4.617974281311035,4.6347672089664425,4.534011692916179,4.548405087060235,64432000
1996-07-09,4.605980396270752,4.658757547818368,4.605980396270752,4.639565962833906,35571200
1996-07-10,4.586788177490234,4.60597975982283,4.534011618915905,4.60597975982283,77980800
1996-07-11,4.394872665405273,4.543607731856477,4.3660852898676845,4.538809543093219,140915200
1996-07-12,4.3133111000061035,4.421263817649292,4.2407422985760945,4.421263817649292,139478400
1996-07-15,4.246139049530029,4.366086179194999,4.217351668128744,4.313309606133029,111832000
1996-07-16,4.4284586906433105,4.438054483487954,4.126190923196684,4.231744644487762,182100800
1996-07-17,4.495630741119385,4.5340139253095995,4.438055964834062,4.519619938397813,126208000
1996-07-18,4.601182460784912,4.605980063844425,4.447649791990098,4.500426354047989,98537600
1996-07-19,4.643764495849609,4.668354304872319,4.519619197671182,4.519619197671182,99208000
1996-07-22,4.596384048461914,4.663554587792254,4.524415906305431,4.644963034925062,144475200
1996-07-23,4.303714752197266,4.605982030080872,4.231745990136801,4.605982030080872,257678400
1996-07-24,4.404468536376953,4.442851704449955,4.2029569039936945,4.2029569039936945,192225600
1996-07-25,4.548405170440674,4.558000961939493,4.4188622780469204,4.452447255452474,100920000
1996-07-26,4.572396278381348,4.586789676995954,4.53881070547926,4.586789676995954,59304000
1996-07-29,4.486034870147705,4.601184420795164,4.481236679363611,4.577194638236493,56748800
1996-07-30,4.553204536437988,4.558002140587688,4.457246596636143,4.524417154497435,66976000
1996-07-31,4.524415969848633,4.591586510122351,4.514820178380958,4.56759673861285,56320000
1996-08-01,4.629970073699951,4.639565865991888,4.505224773904771,4.5244163584886445,96025600
1996-08-02,4.735522270202637,4.754713848631663,4.6299685888429885,4.687543324130069,109289600
1996-08-05,4.673151969909668,4.749918326704899,4.65396038071086,4.740322532105495,55072000
1996-08-06,4.759512424468994,4.764310612898483,4.6395653275797395,4.668352701114834,67388800
1996-08-07,4.788300037384033,4.802694017711481,4.716331892788722,4.773906642737228,76790400
1996-08-08,4.807490825653076,4.831480593671259,4.7499160852260935,4.764310063173112,54379200
1996-08-09,4.778704643249512,4.817087813074809,4.754715454949047,4.788300435705836,44313600
1996-08-12,4.807490825653076,4.841076383742423,4.759511875297257,4.769107665368421,66187200
1996-08-13,4.740321636199951,4.83148196050569,4.735524032647392,4.79789639291493,72508800
1996-08-14,4.793097972869873,4.802693764021083,4.74991661984912,4.754714808265032,52032000
1996-08-15,4.802694797515869,4.826683987715837,4.7739074178674645,4.788300814851298,35556800
1996-08-16,4.769108772277832,4.807491941471215,4.749917187681141,4.802694338162383,47598400
1996-08-19,4.740321636199951,4.764311411004882,4.692342672270802,4.754715618219052,43131200
1996-08-20,4.735522270202637,4.764309637846177,4.730724082755133,4.7499156611841595,25678400
1996-08-21,4.740321636199951,4.740321636199951,4.673151086699142,4.701938465056632,49345600
1996-08-22,4.797896385192871,4.802694574418419,4.740321628570556,4.764311403336876,50236800
1996-08-23,4.730726718902588,4.797897280834268,4.730726718902588,4.793099676393844,44006400
1996-08-26,4.71633243560791,4.749917417436297,4.711534246386306,4.735524021132906,31944000
1996-08-27,4.788300037384033,4.788300037384033,4.7211294957774435,4.725927684446807,28038400
1996-08-28,4.821883678436279,4.82668127951209,4.793096314940183,4.797893916015994,32070400
1996-08-29,4.764310836791992,4.80749160628356,4.7451192535333755,4.80749160628356,34182400
1996-08-30,4.701938152313232,4.769108697346279,4.701938152313232,4.769108697346279,28088000
1996-09-03,4.735522270202637,4.735522270202637,4.6299685888429885,4.682745136682565,48524800
1996-09-04,4.735522270202637,4.74511805941715,4.718729639077238,4.735522270202637,27126400
1996-09-05,4.663556098937988,4.711535071149285,4.663556098937988,4.711535071149285,40372800
1996-09-06,4.701938152313232,4.71153394446081,4.668353172637046,4.682746568018076,41921600
1996-09-09,4.793097972869873,4.797895575605172,4.692341872941858,4.701937664093069,41747200
1996-09-10,4.7739057540893555,4.802693123704928,4.745118384473782,4.7882991460568745,38904000
1996-09-11,4.802694797515869,4.817088194499703,4.74512003821906,4.757114779739228,36387200
1996-09-12,4.937037467956543,4.970622167189093,4.805094984384727,4.817089436156225,95944000
1996-09-13,5.028195381164551,5.042589655913478,4.946631728792016,4.975419106928455,80137600
1996-09-16,5.047388076782227,5.109761328811133,5.028196487136667,5.032994970228893,62409600
1996-09-17,5.138549327850342,5.167336715761655,5.0761760683615895,5.100166143968591,75624000
1996-09-18,5.239302158355713,5.292079597279856,5.114556868871053,5.143344243367513,86049600
1996-09-19,5.287281513214111,5.30647309765409,5.210515175454196,5.2393025521141645,75912000
1996-09-20,5.301676273345947,5.32086785954564,5.215314135447328,5.258494618715906,104849600
1996-09-23,5.287281513214111,5.301675787224772,5.229706759894175,5.282484202784794,46385600
1996-09-24,5.253698348999023,5.311273119007989,5.22491096399454,5.277687250821912,72520000
1996-09-25,5.205717086791992,5.292079203861121,5.196121296006533,5.277684932002343,44067200
1996-09-26,5.066577911376953,5.224909056788116,5.056982119878133,5.210514783859253,92604800
1996-09-27,5.157739162445068,5.19132385121771,5.037791168002399,5.085770131507184,98372800
1996-09-30,5.061782360076904,5.176931898072644,5.056983876979578,5.124154440810426,89574400
1996-10-01,5.071377277374268,5.138547829582129,5.02339831151151,5.056983001934705,69124800
1996-10-02,5.1721320152282715,5.210515184172452,5.080972574666522,5.100164159138613,68760000
1996-10-03,5.143346309661865,5.1865279744350445,5.128953202311964,5.172133695723406,58294400
1996-10-04,5.234507083892822,5.244102879489912,5.152942235636684,5.167336514713201,45166400
1996-10-07,5.277687072753906,5.301677145129069,5.215314993029461,5.234506582384929,42432000
1996-10-08,5.19612455368042,5.287284037613488,5.181730272797248,5.287284037613488,48465600
1996-10-09,5.162537574768066,5.224910826315055,5.114558601024869,5.2201123432599035,64955200
1996-10-10,5.133749961853027,5.224910593585429,5.119356856052002,5.133749961853027,51739200
1996-10-11,5.263291835784912,5.268089145500953,5.152939655981807,5.16733392785229,36523200
1996-10-14,5.2441020011901855,5.301676765129904,5.234506207200232,5.272889383160044,36091200
1996-10-15,5.330466270446777,5.340062068259137,5.27289148357262,5.3256677858595785,61206400
1996-10-16,5.296877861022949,5.33286208562229,5.258494688116986,5.325665240702422,36427200
1996-10-17,5.200918674468994,5.335259747241256,5.200918674468994,5.306472374504343,49097600
1996-10-18,5.1721320152282715,5.181727807464317,5.126552002107058,5.143344638520137,69646400
1996-10-21,5.143346309661865,5.22011267249264,5.124154718954172,5.172133695723406,71401600
1996-10-22,5.085772514343262,5.119358390213303,5.0377935283588915,5.109762593016429,113806400
1996-10-23,5.162537574768066,5.172133369516706,5.056983832533032,5.090569699834101,67443200
1996-10-24,5.2441020011901855,5.272889383160044,5.138548267300701,5.176931443260513,81417600
1996-10-25,5.236905574798584,5.292081986508052,5.224911415690663,5.2441030073527735,53084800
1996-10-28,5.2441020011901855,5.282485177149998,5.22970772452447,5.246500364006888,51240000
1996-10-29,5.19612455368042,5.272890928092231,5.176932960077467,5.253699334489278,66756800
1996-10-30,5.229706764221191,5.258494140904977,5.17693049264826,5.1961220771041186,60526400
1996-10-31,5.26809024810791,5.27288873018945,5.224909766181181,5.234505558982835,37028800
1996-11-01,5.272889137268066,5.325665416070894,5.239303274188663,5.268090654816073,56531200
1996-11-04,5.296877861022949,5.311272136543424,5.2488988948904955,5.268090481343477,36006400
1996-11-05,5.431219577789307,5.431219577789307,5.308873200374442,5.316070046104728,86417600
1996-11-06,5.5463690757751465,5.5463690757751465,5.412027956292703,5.426422233346623,71438400
1996-11-07,5.507985591888428,5.608742011567156,5.49359248699806,5.555964560458885,76742400
1996-11-08,5.507985591888428,5.507985591888428,5.431219242175698,5.503188280712151,67369600
1996-11-11,5.512784481048584,5.555964970266214,5.4887944093130825,5.503188686626708,38593600
1996-11-12,5.440815448760986,5.599146642739077,5.431219654318728,5.52717759874132,81156800
1996-11-13,5.565557479858398,5.594344846133527,5.49358964985104,5.512781227367793,90409600
1996-11-14,5.743082523345947,5.743082523345947,5.575155565218887,5.575155565218887,114969600
1996-11-15,5.719091892242432,5.791060916164388,5.656719831447283,5.786262434600984,104041600
1996-11-18,5.771871566772461,5.824647856230411,5.704700998413956,5.733488384853315,98585600
1996-11-19,5.982980251312256,5.982980251312256,5.767074224610087,5.776670021988806,104739200
1996-11-20,5.882221698760986,6.06454178404069,5.882221698760985,5.987775432343972,123857600
1996-11-21,5.771871566772461,5.935000089928832,5.757477287871905,5.930201606508062,130718400
1996-11-22,5.776666164398193,5.853432492164282,5.73348569071037,5.786261955368955,94424000
1996-11-25,5.891818523406982,5.896617006908232,5.776668975718246,5.800659050500952,75129600
1996-11-26,5.901413440704346,5.9637866887665725,5.848637158216244,5.911009234916873,108238400
1996-11-27,5.968583106994629,5.978178899771147,5.901412557558998,5.9158068324044875,44446400
1996-11-29,6.021360397338867,6.030956189867406,5.968582952751207,5.968582952751207,17152000
1996-12-02,6.054945945739746,6.054945945739747,5.958988006821525,6.0453501518479245,64502400
1996-12-03,5.9373979568481445,6.122117004394531,5.934999593859539,6.078936514025554,77563200
1996-12-04,5.882221698760986,5.9589880504577035,5.839041211612366,5.9541907391574425,102542400
1996-12-05,5.872627258300781,5.963787907631794,5.829446761200077,5.887021538242241,74950400
1996-12-06,5.86782693862915,5.930198996111517,5.69090395166891,5.719091588482952,110238400
1996-12-09,6.275647163391113,6.285242954160824,5.987773440299778,6.016560812608911,94718400
1996-12-10,6.285243988037109,6.4915541092029825,6.275648195688961,6.477159835000075,125725600
1996-12-11,6.400394916534424,6.4195865054895505,6.15090426011779,6.21807482146073,113558400
1996-12-12,6.2180705070495605,6.544327292913272,6.2180705070495605,6.52513571727423,78272800
1996-12-13,6.141305923461914,6.294838571548461,6.082531706616282,6.227668038010597,74532000
1996-12-16,5.891818523406982,6.198883983910277,5.872626932125526,6.160500801347365,64883200
1996-12-17,6.131711006164551,6.150902589908415,5.863028833750455,5.882220417494319,68944800
1996-12-18,6.342820167541504,6.352415962046105,6.141308482944875,6.24686222249549,61796800
1996-12-19,6.515544891357422,6.534736481611787,6.371607964449673,6.448374325467139,94609600
1996-12-20,6.419585227966309,6.5731179090536935,6.400393642830385,6.563522116485732,90414400
1996-12-23,6.429183006286621,6.505949370540789,6.362012437564223,6.457970392881934,36892800
1996-12-24,6.515544891357422,6.534736481611787,6.381203759576856,6.457970120594322,16246400
1996-12-26,6.563522815704346,6.611501783655401,6.534735434933713,6.544331228523923,27905600
1996-12-27,6.467564582824707,6.582714100619805,6.449572470669223,6.563522514320622,19079200
1996-12-30,6.409990310668945,6.573118806599144,6.409990310668946,6.55392721884265,27279200
1996-12-31,6.342820167541504,6.467565496101321,6.333224373036902,6.448373907092119,34367200
1997-01-02,6.26605224609375,6.381201751381843,6.198881701342362,6.381201751381843,54480800
1997-01-03,6.4963531494140625,6.505948944317185,6.294841456448486,6.314033046254732,44131200
1997-01-06,6.477161407470703,6.544331970214844,6.381203460693359,6.496352996826172,55948000
1997-01-07,6.5251383781433105,6.534734169875874,6.400393085619982,6.4867552112130555,36880800
1997-01-08,6.400394916534424,6.543132359388172,6.381203327579299,6.525140244742741,50593600
1997-01-09,6.323629856109619,6.429183616985501,6.314034059666358,6.429183616985501,47763200
1997-01-10,6.467564582824707,6.477160375974298,6.266052926683284,6.294840306132059,66556800
1997-01-13,6.429183006286621,6.563524143731416,6.409991415223079,6.534736757136103,50361600
1997-01-14,6.55392599105835,6.649883911864475,6.467563862332836,6.467563862332836,63728000
1997-01-15,6.4963531494140625,6.6210984831546575,6.477161559607818,6.573119508639044,53058400
1997-01-16,6.601906776428223,6.688268929026847,6.525140418562778,6.525140418562778,58688000
1997-01-17,6.688266754150391,6.736245712214597,6.563521463183454,6.573117254796295,65368800
1997-01-20,6.966546535491943,7.129675035634316,6.649885329333218,6.678672711711284,146220800
1997-01-21,7.292801856994629,7.297600338633837,6.880182804559406,6.956949139896191,114592000
1997-01-22,7.475124835968018,7.561486997102436,7.264017330972772,7.30240051369918,129236800
1997-01-23,7.2736101150512695,7.657441783391706,7.254418531634247,7.532696491181063,105048000
1997-01-24,7.364771842956543,7.503910258227598,7.2448238426621945,7.302398601676729,89817600
1997-01-27,7.379164218902588,7.476321615152768,7.331185257791388,7.407951595569307,53263200
1997-01-28,7.340781211853027,7.580676022697897,7.273610664816463,7.551888645396512,64656800
1997-01-29,7.465529441833496,7.475125238031226,7.350379887460743,7.427146257042579,48933600
1997-01-30,7.762995719909668,7.772591511899668,7.523100920159679,7.542292504139678,79937600
1997-01-31,7.830164432525635,7.926122329983056,7.743802324813955,7.820568642779892,86516000
1997-02-03,7.858953952789307,7.93691976581301,7.762996029067825,7.8781455375336025,60804800
1997-02-04,7.916529178619385,7.9261249715631665,7.715017526799983,7.858954420956699,56464000
1997-02-05,7.5518903732299805,7.945317953029763,7.436740837678824,7.916530569141974,110099200
1997-02-06,7.455931663513184,7.551889599980535,7.369569520692567,7.542293806333799,102122400
1997-02-07,7.705424785614014,7.71502058235824,7.4847214604968,7.551892037706387,62448000
1997-02-10,7.503911972045898,7.791785832866074,7.494316176685226,7.734211060702039,66804800
1997-02-11,7.561483383178711,7.571079174274116,7.302397023602791,7.542291800987902,88834400
1997-02-12,7.66703987121582,7.676635665798067,7.484719774153116,7.551890336228849,72001600
1997-02-13,7.676631927490234,7.7629940366745,7.628652977943421,7.715015087127687,58292000
1997-02-14,7.513506889343262,7.715018568367793,7.494315300864734,7.628656420214423,57395200
1997-02-18,7.475124835968018,7.513508018694425,7.388762674833599,7.4943164273312215,52545600
1997-02-19,7.484717845916748,7.532696806467496,7.40795150903555,7.475122053806598,56383200
1997-02-20,7.31199312210083,7.484717369079589,7.30239733060201,7.436738411585489,75395200
1997-02-21,7.292801856994629,7.321589232745923,7.216035521657843,7.28320606507753,61131200
1997-02-24,7.6862335205078125,7.695829317662004,7.216039459952403,7.235231054260787,68599200
1997-02-25,7.638249397277832,7.754598359516517,7.590270443777342,7.676632560078223,63941600
1997-02-26,7.695827007293701,7.705422801567135,7.551890093192198,7.6382522416531,48849600
1997-02-27,7.379164218902588,7.6958253622365085,7.369568426680347,7.6958253622365085,56628800
1997-02-28,7.484717845916748,7.551888390687795,7.326387861779948,7.379164132705101,78412000
1997-03-03,7.638249397277832,7.68622835077832,7.4175462111755825,7.446333583275876,53874400
1997-03-04,7.609466075897217,7.686232442362762,7.571082892664443,7.6190618717054095,63920800
1997-03-05,7.743802070617676,7.7533978600484295,7.619056808017887,7.638248386879393,46393600
1997-03-06,7.503911972045898,7.743806856062712,7.502712497625815,7.734211060702039,57018400
1997-03-07,7.427145004272461,7.638252485014056,7.407953415114135,7.551890333801586,46032000
1997-03-10,7.676631927490234,7.686227717399598,7.364769341116481,7.455928759574891,45997600
1997-03-11,7.5518903732299805,7.719817364922907,7.5518903732299805,7.64784831952261,47577600
1997-03-12,7.580680847167969,7.638255638412282,7.5039144588422175,7.5039144588422175,43234400
1997-03-13,7.647849082946777,7.686232265295318,7.523103740314019,7.5422953314882895,45505600
1997-03-14,7.5998687744140625,7.695826713484948,7.590272980506975,7.657443537856594,61327200
1997-03-17,7.7150163650512695,7.734207948048909,7.523100535074869,7.561483701070149,83958400
1997-03-18,7.647849082946777,7.7390097267054445,7.5902743094239655,7.724615447643859,59012000
1997-03-19,7.427145004272461,7.542294539222422,7.288006568555414,7.503911360905769,111560000
1997-03-20,7.369568824768066,7.503909923136234,7.321589861065149,7.4175477884709835,81410400
1997-03-21,7.216037750244141,7.455932622260236,7.1296755963183465,7.407953647857017,85829600
1997-03-24,6.918567657470703,7.177654102341311,6.726651772381363,7.14886671957791,186269600
1997-03-25,6.932960033416748,7.014523676533003,6.8226078440697195,6.956948926794017,89701600
1997-03-26,7.235227584838867,7.264014962497377,6.9569496008066025,6.966545393359439,81270400
1997-03-27,7.196842193603516,7.379162195841472,6.985734822591146,7.302395879109701,93919200
1997-03-31,7.038512229919434,7.2544169093996205,7.004926380769475,7.1488632242099435,93825600
1997-04-01,7.158461093902588,7.196844263306891,6.889778908072464,6.918566285125691,86680800
1997-04-02,7.062505722045898,7.1872510676798615,6.985739355501921,7.129676292771879,63331200
1997-04-03,7.302397727966309,7.32158931200827,6.956949215211004,6.985736591273946,92252800
1997-04-04,7.23043155670166,7.427144753245049,7.196845691128924,7.196845691128924,94964000
1997-04-07,7.359971046447754,7.494312108573268,7.2928005153849975,7.3407794661441095,76511200
1997-04-08,7.542295455932617,7.542295455932616,7.331187949532467,7.417550111241619,53339200
1997-04-09,7.523098945617676,7.6190568403321866,7.503907366674773,7.609461050860736,73762400
1997-04-10,7.427145004272461,7.503911360905769,7.331187058480827,7.503911360905769,67913600
1997-04-11,7.292801856994629,7.465526111502396,7.2880045467167385,7.3311850246630215,60033600
1997-04-14,7.475124835968018,7.475124835968017,7.16805937415675,7.273613126654373,59107200
1997-04-15,7.455931663513184,7.59986856821421,7.359973727045832,7.513506425393594,84440000
1997-04-16,7.542295455932617,7.561487047423539,7.388762724005235,7.417550111241619,42710400
1997-04-17,7.53269624710083,7.676633118064541,7.484717290112927,7.561483621293573,71720800
1997-04-18,8.261975288391113,8.261975288391113,7.906931054162924,7.983697375077127,231764000
1997-04-21,8.261975288391113,8.588232152276477,8.146825807019809,8.213996337819736,155695200
1997-04-22,8.492278099060059,8.506672376434196,8.25238323750469,8.261979031966904,82300000
1997-04-23,8.837725639343262,8.885704605897786,8.473085493528881,8.492277080150691,102814400
1997-04-24,8.760961532592773,9.04883540551477,8.65540777918804,8.952877447874105,118163200
1997-04-25,8.722576141357422,8.856917248044995,8.693788761352943,8.712980348022596,58566400
1997-04-28,8.818533897399902,8.832928172793476,8.569043275710678,8.732171759122863,67224000
1997-04-29,9.135194778442383,9.14479057127688,8.943278921752416,9.010449471593905,73953600
1997-04-30,9.327112197875977,9.41347434785631,9.087217336819496,9.106408925704015,90204000
1997-05-01,9.288725852966309,9.461450094033864,9.154384776580432,9.365492182329666,72325600
1997-05-02,9.26953125,9.480638586956522,9.130392909049988,9.365489130434781,96192000
1997-05-05,9.22635555267334,9.26953603548088,8.866512729590406,9.18317389850435,111063200
1997-05-06,9.005651473999023,9.19276883431964,8.933682447548627,9.16398145801175,74770400
1997-05-07,8.866512298583984,9.135194489450166,8.83772492099118,8.93368284630053,70532800
1997-05-08,8.933682441711426,9.068023531060469,8.837724520747823,8.847320312844182,53834400
1997-05-09,8.962468147277832,9.096809211583924,8.885701824817207,9.058426050353612,58392000
1997-05-12,9.068024635314941,9.096812015109592,8.981662495930989,9.020045668990523,42976000
1997-05-13,9.039237022399902,9.154386538608819,8.972066471278033,9.08721598748695,49813600
1997-05-14,8.895298957824707,9.10640637645701,8.87610737431268,9.08721479294498,60744800
1997-05-15,8.99126148223877,9.04883626227445,8.895303515512635,8.904899312185249,41861600
1997-05-16,8.861714363098145,8.981661175595853,8.818532714073278,8.933682216324508,59913600
1997-05-19,8.837725639343262,8.991258332317738,8.837725639343262,8.9144919858305,45632000
1997-05-20,9.144791603088379,9.154387397005577,8.847321991655285,8.895300961241267,64876800
1997-05-21,9.240750312805176,9.437464690191618,9.19277133921844,9.25994190223987,76620000
1997-05-22,9.259939193725586,9.336705529010358,9.192768650351411,9.288726569457376,33655200
1997-05-23,9.432663917541504,9.442259709929644,9.279131239331265,9.317514408883826,28904800
1997-05-27,9.720542907714844,9.778117692953035,9.394285791365085,9.423073183984181,69036000
1997-05-28,9.662961959838867,9.768515665457763,9.586195628479672,9.768515665457763,52241600
1997-05-29,9.662961959838867,9.907654641046307,9.595791419899571,9.768515665457763,51111200
1997-05-30,9.519024848937988,9.643770134256732,9.020043707663012,9.020043707663012,83337600
1997-06-02,9.547811508178711,9.634173622323042,9.4518536035739,9.595790460481117,38939200
1997-06-03,9.26953125,9.480638586956522,9.259935461956522,9.471042798913043,41995200
1997-06-04,9.149584770202637,9.384680998912122,9.077615771953852,9.259935750460324,54639200
1997-06-05,9.25514030456543,9.327108145936853,9.173575501559291,9.232349716985077,35892000
1997-06-06,9.523823738098145,9.543015321276819,9.288726258478736,9.317513633246747,35964000
1997-06-09,9.605389595031738,9.682155945441583,9.403877925205897,9.586198007429276,48200000
1997-06-10,9.581401824951172,9.754126133721194,9.499836982351153,9.605390726599499,53135200
1997-06-11,9.749324798583984,9.778112174957757,9.485441100838417,9.581399022084323,49056800
1997-06-12,9.749324798583984,9.8356869277053,9.624579500964307,9.730133214334804,44614400
1997-06-13,9.950835227966309,9.984420496334565,9.715738935069112,9.73013203583205,50116000
1997-06-16,10.085180282592773,10.085180282592773,9.893264387586251,9.950839156088207,40612800
1997-06-17,10.301078796386719,10.358653526501595,10.046790405046012,10.09476934680841,53191200
1997-06-18,9.9940185546875,10.24830707288166,9.984422761548098,10.229115486602856,55657600
1997-06-19,9.926846504211426,10.037198108656503,9.826090691457226,9.854878066529855,65519200
1997-06-20,9.9700288772583,10.085178392683806,9.864475154784921,9.9316457054498,64240000
1997-06-23,9.830893516540527,10.09477792035201,9.82609561828941,9.970032565822946,35724800
1997-06-24,10.137955665588379,10.142753562259267,9.854879762005929,9.94124190208193,39319200
1997-06-25,10.013211250305176,10.22911661986135,9.965232279292692,10.20032923725386,49576000
1997-06-26,9.845280647277832,10.041994344421298,9.816493276964154,9.989217498846221,37312000
1997-06-27,9.787707328796387,9.979623158772785,9.768515745798746,9.912452618281046,38198400
1997-06-30,9.701348304748535,9.883668401474768,9.686955198582547,9.816497839522999,38286400
1997-07-01,9.590995788574219,9.739729995934857,9.461451996051004,9.706145305767537,59377600
1997-07-02,9.854880332946777,9.864476126844485,9.52382602915661,9.643772867197187,53237600
1997-07-03,9.946043968200684,9.984427157658285,9.864479690603282,9.984427157658285,28764000
1997-07-07,9.941242218017578,10.11396650365881,9.931646424370843,10.027604360838193,39320000
1997-07-08,10.075584411621094,10.080382308959962,9.898062210083008,9.931647491455077,36007200
1997-07-09,10.037196159362793,10.181133006772393,9.941238261089726,10.171537216945087,48266400
1997-07-10,9.9700288772583,10.07558259973168,9.893262533641298,10.018007842018928,43780800
1997-07-11,9.960433006286621,10.061188831494723,9.859677181078519,9.998816177794469,38094400
1997-07-14,10.4354248046875,10.440222701149425,10.0180078125,10.041997294809626,57424000
1997-07-15,10.629738807678223,10.689712508917662,10.488200872753145,10.598552483033714,75503200
1997-07-16,11.39500617980957,11.476570434570313,10.7472900390625,10.929610137939454,111217600
1997-07-17,11.476566314697266,11.57252422702751,11.246267325104677,11.553332644561461,131668000
1997-07-18,10.785669326782227,11.31343784366214,10.747286161918232,11.13111781055817,158927200
1997-07-21,10.4354248046875,10.824054418103449,10.267498428520115,10.814458625179597,127223200
1997-07-22,11.063945770263672,11.116722614787912,10.497794165367266,10.507389955280765,101384000
1997-07-23,10.857640266418457,11.275057280637814,10.824054989412302,11.150311966043523,95556000
1997-07-24,10.593755722045898,10.776075793349225,10.411435650742572,10.622543101725372,141855200
1997-07-25,10.632140159606934,10.920013990643222,10.53618221592817,10.632140159606934,90308800
1997-07-28,10.516987800598145,10.699307844586617,10.421029882709476,10.68971205279775,56404000
1997-07-29,10.742490768432617,10.752086561883651,10.44981906817608,10.497798035431249,79061600
1997-07-30,10.833648681640625,10.900819222625111,10.71849918281008,10.80486130693299,78324000
1997-07-31,10.852842330932617,10.910417091308917,10.814459157348416,10.900821297912866,42240800
1997-08-01,10.795269966125488,10.886430023617216,10.684918317582873,10.852844739278158,58912800
1997-08-04,10.867237091064453,10.900822371257588,10.704108587269225,10.766481250485047,46312800
1997-08-05,11.001571655273438,11.083135858561551,10.90081587474106,10.920007451985322,59333600
1997-08-06,11.0111722946167,11.10233232668542,10.920012262547976,11.00157650176736,43410400
1997-08-07,11.04955768585205,11.083142967571966,10.900822866806713,11.078345070183408,43947200
1997-08-08,10.747286796569824,10.987181591136114,10.747286796569824,10.963192111679486,66815200
1997-08-11,10.612946510314941,10.766479190391829,10.469009622742858,10.747287605382219,72696000
1997-08-12,10.44022274017334,10.728096528964885,10.425829050733764,10.69930915008573,60887200
1997-08-13,10.44502067565918,10.612947053081353,10.344264849205876,10.6033512600858,66731200
1997-08-14,10.459413528442383,10.497796697354097,10.296285060567593,10.440221943986524,45900800
1997-08-15,10.200325965881348,10.440220744006497,10.190730174756343,10.401837579506473,51078400
1997-08-18,10.27709674835205,10.27709674835205,10.056393456837487,10.209926181369356,69969600
1997-08-19,10.656128883361816,10.670522573884142,10.334669795029875,10.344265588711426,91013600
1997-08-20,10.7904691696167,10.800064962564335,10.516989070609073,10.67052175777125,51433600
1997-08-21,10.58415699005127,10.929605450288664,10.555369618364821,10.872030706915766,64412000
1997-08-22,10.53618049621582,10.555372081819128,10.296285676174477,10.38264781138936,72161600
1997-08-25,10.478604316711426,10.670520146687824,10.411433776219685,10.584158023198444,38856800
1997-08-26,10.363456726074219,10.507393625047472,10.34426513954445,10.440223072193286,34327200
1997-08-27,10.329872131347656,10.387446894736495,10.209924707620907,10.382648997787426,49371200
1997-08-28,10.137955665588379,10.26749887570238,10.133157768917489,10.248307289018824,43641600
1997-08-29,10.147549629211426,10.277092815967316,10.11396435857101,10.137953837599879,37857600
1997-09-02,10.53138256072998,10.555372042645082,10.209923503067607,10.21951929583365,50112800
1997-09-03,10.483403205871582,10.660925365421809,10.45461582864722,10.564967441340606,42872800
1997-09-04,10.60815143585205,10.632140923495315,10.421033432234578,10.44022502234919,44476000
1997-09-05,10.54098129272461,10.723301406117207,10.459417031470027,10.675322428908629,48398400
1997-09-08,10.694511413574219,10.732894585987227,10.574563999783571,10.574563999783571,42416000
1997-09-09,10.708903312683105,10.766478061676025,10.622541189193726,10.689711729685465,39465600
1997-09-10,10.37305736541748,10.680122893348434,10.36825946654356,10.660931297852748,53294400
1997-09-11,10.502595901489258,10.545776971892824,10.200328408664305,10.36345689685555,61779200
1997-09-12,10.588956832885742,10.622542106030373,10.41143467483555,10.507392598105923,48576000
1997-09-15,10.032400131225586,10.536179190899755,10.027602235419165,10.411433899932817,129003200
1997-09-16,10.469012260437012,10.516991235049465,10.056393078769926,10.113967848304869,102538400
1997-09-17,10.224315643310547,10.497795695712565,10.181134582404965,10.488199904400213,61609600
1997-09-18,10.152348518371582,10.373051747031834,10.089975866793685,10.305881199178714,61077600
1997-09-19,10.377849578857422,10.382647475102848,10.133156870340672,10.152348455322379,77435200
1997-09-22,10.233907699584961,10.430621349694189,10.224311911774755,10.363450835022745,43251200
1997-09-23,10.401837348937988,10.401837348937988,10.219517321604204,10.25310258979727,39946400
1997-09-24,10.166744232177734,10.445022271567215,10.142754746023469,10.411436990951243,60040000
1997-09-25,10.190731048583984,10.296284760009994,10.137954192870978,10.200326840531803,39272000
1997-09-26,10.238714218139648,10.267501605819517,10.1043730756336,10.257905809926227,36652000
1997-09-29,10.325075149536133,10.344266739033412,10.20032981780382,10.248308791547016,27505600
1997-09-30,10.157147407531738,10.421031728464307,10.152349510787511,10.320275896835508,43892800
1997-10-01,10.27709674835205,10.32507572476826,10.085180842687212,10.17154300023639,61466400
1997-10-02,10.224315643310547,10.33466724340259,10.190730373717317,10.267496704216128,28831200
1997-10-03,10.358659744262695,10.459415582442183,10.23871231785854,10.358659744262695,60284800
1997-10-06,10.37305736541748,10.459419545148062,10.305886781182584,10.430632151904534,41776800
1997-10-07,10.483403205871582,10.569765337544666,10.334668423545715,10.363455800770076,54548800
1997-10-08,10.67052173614502,10.675319632609114,10.459414291724885,10.488201670509449,71196800
1997-10-09,10.665721893310547,10.718498744784418,10.603349250659607,10.63213662419081,34672800
1997-10-10,10.478604316711426,10.651328563690186,10.459412733713785,10.617743293444315,24893600
1997-10-13,10.497797966003418,10.584160106491563,10.48340427592206,10.516989552778561,19051200
1997-10-14,10.493000030517578,10.545776893954109,10.392244200320564,10.526585307249915,33361600
1997-10-15,10.421028137207031,10.440219717570212,10.3538576059359,10.421028137207031,45003200
1997-10-16,10.27949333190918,10.488201831296834,10.152349073661528,10.449818658995655,47327200
1997-10-17,10.152348518371582,10.334668576830051,10.008411630114896,10.219519066224702,87720000
1997-10-20,10.181137084960938,10.38264875205253,9.78770954444878,10.209924465974021,154052800
1997-10-21,10.632140159606934,10.688515451518207,10.387447403226087,10.449820066617283,115682400
1997-10-22,10.416231155395508,10.632136453411537,10.392241677838172,10.622540662388602,55775200
1997-10-23,10.411434173583984,10.536179467829692,10.13315620949741,10.13315620949741,66413600
1997-10-24,10.392247200012207,10.536184141840632,10.229118665939994,10.507396753474946,70030400
1997-10-27,9.893265724182129,10.459417690939398,9.874074132088662,10.353863934425332,96795200
1997-10-28,10.238714218139648,10.363459564752409,9.480646342569797,10.152352055100046,160057600
1997-10-29,10.046794891357422,10.36825394471031,9.989220135533024,10.267498122017614,85532800
1997-10-30,9.87407398223877,10.085181492063116,9.864478186337664,9.941244553546516,72097600
1997-10-31,9.979622840881348,10.09477233519921,9.950835467301882,10.05638917042659,46808800
1997-11-03,10.296284675598145,10.305880467467295,10.080379358542267,10.10436883821514,67714400
1997-11-04,10.305882453918457,10.358659319371485,10.224318207309233,10.286690866480994,49134400
1997-11-05,10.253108024597168,10.334672290586008,10.171543758608326,10.32507649458732,42512800
1997-11-06,10.137955665588379,10.248307289018824,10.113966182233934,10.22911570233527,40266400
1997-11-07,10.099573135375977,10.133158414210955,9.970029917012484,9.98442360794176,63628800
1997-11-10,9.9940185546875,10.171540727766443,9.960433278699591,10.104370175790626,36764800
1997-11-11,10.027602195739746,10.089974840976405,9.93164427999104,10.01320850837744,37013600
1997-11-12,9.917252540588379,10.056391545753867,9.902858850398847,9.989220991536046,45784000
1997-11-13,10.099573135375977,10.104371032352402,9.917253050271801,9.98442360794176,60094400
1997-11-14,10.233907699584961,10.27708874473089,10.085172988526764,10.104364564147177,46663200
1997-11-17,10.353859901428223,10.425828343745842,10.243508289874539,10.325072524501174,60094400
1997-11-18,10.28669261932373,10.401842163569892,10.267501028616037,10.358661084477582,36683200
1997-11-19,10.368258476257324,10.373056374672991,10.238715219034303,10.257906812696973,31720800
1997-11-20,10.50739574432373,10.52658733472432,10.353863021119,10.382650406719886,53680800
1997-11-21,10.58415699005127,10.59375278061342,10.469007503305471,10.579359094770195,68220800
1997-11-24,10.401837348937988,10.603348958096381,10.401837348937988,10.526582630797947,39084000
1997-11-25,10.67052173614502,10.689713322001396,10.421031120012133,10.43062691294032,56463200
1997-11-26,10.867237091064453,10.891226576916692,10.612948541030715,10.67052330707609,63053600
1997-11-28,10.862439155578613,10.920013921420903,10.83365177265747,10.843247566964518,17392800
1997-12-01,11.039962768554688,11.054356461864407,10.872036346607963,10.896025835457495,49006400
1997-12-02,10.920015335083008,11.12152704161793,10.900823743984443,11.02077118835047,50167200
1997-12-03,11.107131004333496,11.135918384906283,10.824055095367761,10.876831959751204,57712000
1997-12-04,10.94400405883789,11.198292623116018,10.920014571641842,11.11193046921024,62630400
1997-12-05,10.987188339233398,11.111933709023821,10.910421957823907,10.910421957823907,48136000
1997-12-08,11.217479705810547,11.255862869902286,10.987180721260117,11.01596809432892,49952800
1997-12-09,11.078343391418457,11.159907634664066,11.015970734818872,11.131120254695027,51782400
1997-12-10,10.920015335083008,10.996781699477264,10.824057379590187,10.920015335083008,66434400
1997-12-11,10.675317764282227,10.82405252863852,10.660924077409037,10.776073572394553,70189600
1997-12-12,10.497797966003418,10.632139073429421,10.440223205677988,10.574564313103991,54308000
1997-12-15,10.449819564819336,10.516990122168956,10.209924717142124,10.473809049587057,84305600
1997-12-16,10.675317764282227,10.776073572394553,10.363454548696454,10.430625087438006,65401600
1997-12-17,10.411434173583984,10.776074264456051,10.401838381718932,10.737691096995833,51472000
1997-12-18,10.046794891357422,10.344264463116811,10.008411720807823,10.325072877842011,98774400
1997-12-19,9.878870010375977,9.994019539394444,9.691752025720968,9.883667907418413,138065600
1997-12-22,9.749324798583984,9.979623809574157,9.66296266946267,9.912453264702025,59063200
1997-12-23,9.466252326965332,9.845285642734803,9.442262253850922,9.754126176168104,67195200
1997-12-24,9.130400657653809,9.50943402136115,9.058431600570055,9.499838225174104,88411200
1997-12-26,9.26953125,9.26953125,9.115998641304348,9.125594429347826,32388800
1997-12-29,9.696550369262695,9.730135062396892,9.375090686352824,9.394282274247098,67815200
1997-12-30,9.998815536499023,10.056390290068116,9.691750184130532,9.706144458203484,77864800
1997-12-31,9.922052383422852,10.094776699575279,9.902860792739247,10.056393518208074,46147200
1998-01-02,10.06599235534668,10.094779750071218,9.941246978207017,9.950842776448528,39748000
1998-01-05,10.00840950012207,10.257900053337002,9.816493689956738,10.075580033679936,80377600
1998-01-06,10.06599235534668,10.209929328969368,9.922055381723991,9.960438574690041,67834400
1998-01-07,9.946043968200684,10.070789333937885,9.787713311688083,9.970033461611685,61492800
1998-01-08,10.01800537109375,10.142750648703155,9.787706397045618,9.874068512313668,77619200
1998-01-09,9.749324798583984,10.094773315069244,9.66296266946267,9.984421705636453,87534400
1998-01-12,9.941242218017578,9.979625392604518,9.547814678501437,9.567006265794909,78393600
1998-01-13,10.142753601074219,10.152349394452719,9.835688212962227,9.941241940125725,66945600
1998-01-14,10.06599235534668,10.171546136003318,9.922055381723991,10.142758741278781,54774400
1998-01-15,10.157147407531738,10.209924271718252,9.970029434506827,10.008412608460656,50622400
1998-01-16,10.382647514343262,10.39224330687038,10.157146389955953,10.161944286219514,72943200
1998-01-20,10.579363822937012,10.593757515213117,10.286692079989548,10.296287874840285,64956000
1998-01-21,10.516987800598145,10.627339406170115,10.41143409092061,10.53617938417588,85567200
1998-01-22,10.641735076904297,10.737693012674399,10.387446547113527,10.406638134267547,159139200
1998-01-23,10.612946510314941,10.704106539110594,10.494198578067971,10.651329680334163,63312000
1998-01-26,10.881630897521973,10.891226691964233,10.628541819107387,10.737693980888086,74277600
1998-01-27,11.145514488220215,11.19829135407059,10.867236468281872,10.929609127923225,97540800
1998-01-28,11.438183784484863,11.476566951546895,11.169501615050656,11.2270763656437,79387200
1998-01-29,11.38061237335205,11.524549292070668,11.323037605864604,11.433389243548879,73571200
1998-01-30,11.452571868896484,11.514944484856121,11.332624530512566,11.409390827078274,50071200
1998-02-02,11.889189720153809,11.908381309694008,11.55333690320031,11.64929485090131,98397600
1998-02-03,11.965959548950195,11.98515114405677,11.807628889320942,11.908384763630467,61374400
1998-02-04,12.037924766540527,12.129084818578898,11.903583637220825,11.965956304404973,61940800
1998-02-05,11.932373046875,12.186661656237435,11.879596165686571,12.138682673338863,67014400
1998-02-06,12.138678550720215,12.148274344040942,11.908379511022757,11.927571097664211,50070400
1998-02-09,12.06671142578125,12.196254649835362,11.946763996101515,12.186658855460983,54681600
1998-02-10,12.225040435791016,12.244232022032445,12.033124573376712,12.071507745859574,48099200
1998-02-11,12.201055526733398,12.287417697193957,12.0571185759658,12.234640815245838,76460000
1998-02-12,12.186660766601562,12.201054460420384,12.009138542836107,12.133883889265887,76658400
1998-02-13,12.09069538116455,12.186653281015062,12.081099591179498,12.177057491030011,42203200
1998-02-17,11.850804328918457,12.16746549722154,11.81242115700293,12.16746549722154,85673600
1998-02-18,11.869989395141602,11.975543059932674,11.802818881183645,11.869989395141602,76608800
1998-02-19,11.889189720153809,11.980349770469758,11.84121074630331,11.937168694004308,73773600
1998-02-20,11.9083833694458,11.956362351595057,11.73565903370847,11.937170758735354,86092000
1998-02-23,12.5321044921875,12.54170028429484,12.18665597632322,12.426550779006748,120803600
1998-02-24,12.608868598937988,13.040679167394767,12.570485437297386,12.800784407141,118302000
1998-02-25,13.040679931640625,13.050275722613135,12.752806202465335,12.810380948300393,94944400
1998-02-26,13.127045631408691,13.155833012179324,12.963917140375104,13.127045631408691,61388000
1998-02-27,13.0118989944458,13.203814908818156,12.983111607289946,13.136644338787832,47532400
1998-03-02,12.791190147399902,13.184617601295924,12.752806981166145,13.184617601295924,50093600
1998-03-03,12.97351360321045,12.983109397295664,12.67604398656879,12.685639780654004,50753600
1998-03-04,12.637651443481445,12.867950330834182,12.522501999805076,12.656843017427507,71513600
1998-03-05,12.292210578918457,12.50331802055484,12.167465272496958,12.167465272496958,92255600
1998-03-06,12.704828262329102,12.7048282623291,12.32099659277233,12.330592384511249,51404800
1998-03-09,12.220243453979492,12.666447867493465,12.205849763220977,12.666447867493465,52256000
1998-03-10,12.51291561126709,12.51291561126709,12.273020756756601,12.464936640364991,47406400
1998-03-11,12.388168334960938,12.589679980998257,12.24423144493428,12.589679980998257,39838800
1998-03-12,12.570487976074219,12.685637484251998,12.407359506155698,12.666445899555702,47962000
1998-03-13,12.647259712219238,12.743217676651858,12.522514358456833,12.6568555086625,32542400
1998-03-16,12.589691162109375,12.70484077639696,12.493733150203052,12.656861770443799,27979600
1998-03-17,12.340190887451172,12.541702558241587,12.234637155132383,12.541702558241587,53842400
1998-03-18,12.551294326782227,12.560890117551937,12.263420603690891,12.292207976000023,33887600
1998-03-19,12.589691162109375,12.637670168062535,12.474541547821788,12.512924752584317,30299200
1998-03-20,12.560892105102539,12.743212158576144,12.359380467052766,12.608871066542962,56310000
1998-03-23,12.877554893493652,12.992704415641137,12.445744185440587,12.464935772465168,55050000
1998-03-24,13.040679931640625,13.059871513585644,12.810380948300393,12.925530439970508,32281600
1998-03-25,13.635625839233398,13.961882896611256,13.39573094410262,13.894712325974638,124244800
1998-03-26,13.549263000488281,13.750774702336903,13.434113456574783,13.587646181792781,45441200
1998-03-27,13.482093811035156,13.72198871870482,13.44371062580801,13.72198871870482,38924000
1998-03-30,13.5012845993042,13.606838352390444,13.376539254747728,13.520476190774426,27463200
1998-03-31,13.74117660522461,13.77955978009954,13.587643905724894,13.60683549316236,38177200
1998-04-01,13.875520706176758,13.913903889319709,13.587646832604626,13.789158544105119,36835600
1998-04-02,14.019451141357422,14.115409054713737,13.798747940637902,13.92349322800111,41414800
1998-04-03,14.278532981872559,14.288128770166828,14.0482340628101,14.125000369164253,40987600
1998-04-06,13.80834674835205,14.220965865919206,13.674005640306929,14.220965865919206,74232000
1998-04-07,13.395730018615723,13.913902956298566,13.318963657477523,13.712391258310793,62630800
1998-04-08,13.654815673828125,13.66441146839863,13.299771274719452,13.318962863860461,36793200
1998-04-09,13.664407730102539,13.760365649555506,13.434108723415418,13.501279267032496,33619200
1998-04-13,13.606828689575195,13.664403423099492,13.318955021953718,13.635616056337344,33156400
1998-04-14,13.578048706054688,13.75077300054867,13.434111793976369,13.616431882608905,28476800
1998-04-15,14.029051780700684,14.029051780700684,13.645219994635001,13.702794762544853,40498400
1998-04-16,14.07702350616455,14.134598244431073,13.846724553098465,13.875511922231725,39695600
1998-04-17,14.14419937133789,14.163390958001848,13.865921364710482,14.048241438018094,37402800
1998-04-20,14.528032302856445,14.585607067596959,14.153796332043102,14.18258371441336,45535200
1998-04-21,14.566425323486328,14.585616924703043,14.297742906452326,14.537637921661258,51938400
1998-04-22,15.18054485321045,15.218928026037782,14.681563606455112,14.739138365696112,80154000
1998-04-23,14.508841514587402,14.950248068602626,14.453665695335498,14.931056479297617,64215200
1998-04-24,14.14419937133789,14.547222691281032,14.105816198009972,14.35530682464144,51436000
1998-04-27,13.865920066833496,13.899505340351777,13.587642086253446,13.741174765194163,58752000
1998-04-28,13.798750877380371,14.16339102573952,13.666808718434627,14.144199438983774,56668000
1998-04-29,13.894707679748535,14.048240361292716,13.760366583397374,13.827537131572955,50061600
1998-04-30,13.837135314941406,14.067434377048613,13.769964755160137,14.048242788539678,54473600
1998-05-01,13.76037311553955,13.894714275663368,13.53007398389872,13.846735289904862,35996000
1998-05-04,13.520477294921875,13.79875539396569,13.501285701884372,13.693201632259417,37899600
1998-05-05,13.472491264343262,13.75076921780904,13.357341766357422,13.453299681345621,50828000
1998-05-06,13.261381149291992,13.434105361077272,13.203806412030234,13.434105361077272,48110800
1998-05-07,12.800789833068848,13.24219637903674,12.77200244963616,13.232600584559178,78022000
1998-05-08,13.16542911529541,13.223003878190289,12.570489898715005,12.570489898715005,96274800
1998-05-11,12.935129165649414,13.232598753286752,12.906341786200638,13.22300296013716,51474400
1998-05-12,13.15583324432373,13.165429038083266,12.78159728770183,12.78159728770183,64147200
1998-05-13,13.347745895385742,13.626023847194647,13.280575355293937,13.61642805575296,80680400
1998-05-14,13.654815673828125,13.971476894654778,13.175025945302892,13.184621739873396,94774400
1998-05-15,13.731578826904297,13.846728334886723,13.62602511125374,13.837132542554855,48150800
1998-05-18,13.213404655456543,13.28057519473628,12.973509872314631,12.973509872314631,80395600
1998-05-19,13.2805757522583,13.347746294357874,13.136638876330647,13.175022043244688,52234400
1998-05-20,13.16542911529541,13.338153403980044,13.107854352400533,13.223003878190289,35698800
1998-05-21,13.261381149291992,13.41491378199002,13.12704009568122,13.175019043399354,36680000
1998-05-22,13.136638641357422,13.318958680937985,13.117447058243679,13.299767097824242,36129200
1998-05-26,12.839170455932617,13.232597951219041,12.819978870796692,13.098256855267579,44473600
1998-05-27,13.203813552856445,13.223005142322807,12.724023816197416,12.724023816197416,58574400
1998-05-28,13.251791954040527,13.261387748359166,13.059876067667746,13.165429805172774,30746800
1998-05-29,13.021492958068848,13.280579406018632,13.011897163700336,13.26138781728161,34091200
1998-06-01,12.858366012573242,12.990308201135093,12.76240805725553,12.877557603636784,42436800
1998-06-02,13.127045631408691,13.194216186540167,12.877554998063204,12.906342378833838,38570800
1998-06-03,12.944721221923828,13.270978094826283,12.915933850785377,13.184615981410927,36010800
1998-06-04,13.213404655456543,13.22300044678222,12.83916879375516,13.002297246291661,33717600
1998-06-05,13.24219036102295,13.280573521489682,13.01189139822255,13.18461562032285,34431600
1998-06-08,13.15583324432373,13.251791181919089,13.050279512968835,13.146237450564195,18886400
1998-06-09,13.366945266723633,13.443711642986225,13.088667152771743,13.098262949804566,35690400
1998-06-10,13.203813552856445,13.568453752717305,13.184621963390084,13.29977150018825,33290400
1998-06-11,13.098255157470703,13.376533105871179,13.06946778349824,13.27097940130548,41271200
1998-06-12,13.16542911529541,13.223003878190289,12.896746888452647,13.031088001874028,41323600
1998-06-15,13.194215774536133,13.405323226928711,12.983108322143556,13.002299908724698,42846000
1998-06-16,13.798750877380371,13.808346670758244,13.12704534092931,13.25179065484165,61138400
1998-06-17,13.981074333190918,14.182586042866284,13.77956262351555,13.808350010612031,76147600
1998-06-18,14.000262260437012,14.086624399123739,13.87551694900063,13.942687501312529,39228400
1998-06-19,14.53762435913086,14.547220150787053,14.20177165116414,14.259346401101293,91226800
1998-06-22,14.710348129272461,14.729539711959053,14.384091223600404,14.547219676436432,48969600
1998-06-23,15.468414306640625,15.487605887666234,14.62398474151384,14.71034685612908,124675200
1998-06-24,16.1113338470459,16.140121221400356,15.343670530926975,15.612352691568598,105724800
1998-06-25,15.593161582946777,16.408803881131686,15.564374207716723,16.255271213238057,88969600
1998-06-26,16.034568786621094,16.063356163257758,15.66033289034448,15.698716059193362,55680400
1998-06-29,16.495168685913086,16.533551859120564,16.159315920347666,16.19769909355514,65906000
1998-06-30,16.63911247253418,16.667899864355174,16.06336463611431,16.159322608850957,77010000
1998-07-01,16.79264259338379,16.907792142595564,16.456789741516115,16.7542594103132,53470400
1998-07-02,16.466384887695312,16.754258749368308,16.447193296917114,16.70627977242281,27321200
1998-07-06,16.5527400970459,16.591123262488324,16.178504233982252,16.408803226636806,35307600
1998-07-07,16.571931838989258,16.66788975351728,16.35122863557481,16.552740256083652,32422800
1998-07-08,16.869400024414062,16.907783187154482,16.389610490158827,16.60071788523113,41553600
1998-07-09,17.042131423950195,17.195664139481277,16.850215529536342,16.88859870841911,43690000
1998-07-10,17.37796974182129,17.38756552853682,16.869393045898303,17.061308780208865,45396800
1998-07-13,18.0496883392334,18.155242072211372,17.445153323086828,17.521919674343533,69223200
1998-07-14,17.88655662536621,18.232005143881867,17.73302395047036,18.155238806433943,56972400
1998-07-15,18.02089500427246,18.116852911643456,17.752212863633684,17.80978760805628,48690000
1998-07-16,18.02089500427246,18.251193981962846,17.90574551542727,18.126448702380554,65125200
1998-07-17,18.10725975036621,18.366346137891323,17.8001944021883,18.040089205452293,83108400
1998-07-20,17.963321685791016,18.347153345743813,17.934534311294556,18.145641724268593,45794800
1998-07-21,17.320402145385742,18.270385420949836,17.272423192074424,17.944128538432874,74605200
1998-07-22,17.924936294555664,18.00170261701629,17.176464650564583,17.195656231179736,71654400
1998-07-23,17.349191665649414,18.04008867888324,17.349191665649414,17.857768633724312,51029600
1998-07-24,17.473941802978516,17.752219843772792,17.27243011826542,17.464346008468368,60366400
1998-07-27,17.924936294555664,17.924936294555664,16.9941446347206,17.368380456716142,58998000
1998-07-28,17.23404312133789,17.944131757740454,17.195659951802615,17.809790664366993,78378400
1998-07-29,16.99414825439453,17.541108418426425,16.898190330880162,17.387575740803438,59738000
1998-07-30,17.41636848449707,17.445155870421857,17.003749286241767,17.186069397098763,72746400
1998-07-31,16.879005432128906,17.428364761855672,16.879005432128906,17.33960364744567,53705200
1998-08-03,16.648696899414062,17.022932737498873,16.485568457171965,16.75425059733542,73566400
1998-08-04,16.044164657592773,16.831019622857493,15.996185696296145,16.677486946708278,91412000
1998-08-05,16.0153865814209,16.312856314209423,15.583575678985945,15.986599187925236,120208800
1998-08-06,16.408802032470703,16.418397823132967,15.909820918032997,15.929012499357524,68308000
1998-08-07,16.255279541015625,16.5047702541599,16.130534184443487,16.495174457500507,54972400
1998-08-10,16.034568786621094,16.32244255298772,16.034568786621094,16.245676215289954,46763200
1998-08-11,15.881035804748535,16.02497268515411,15.660332588126652,15.79467367650519,60976400
1998-08-12,16.13052749633789,16.149719081699388,15.813866337873195,16.01537798416891,53760000
1998-08-13,15.957801818847656,16.274462949347942,15.929014443347631,15.986589194347683,51193200
1998-08-14,16.00577735900879,16.130522626195308,15.890627881605848,16.07294788749384,29566400
1998-08-17,16.475980758666992,16.485576554100113,15.813870873781715,15.890637237246676,54073200
1998-08-18,17.080509185791016,17.16687131088771,16.485570101791552,16.562336435210838,70591200
1998-08-19,16.97494888305664,17.31080146129688,16.926969943308038,17.23403515769911,55709600
1998-08-20,17.282020568847656,17.310807943476497,16.84061415787209,16.90778469867272,49970400
1998-08-21,16.984556198120117,17.176472087364413,16.696682364253675,17.061322553817835,59523600
1998-08-24,16.9461612701416,17.195651753167468,16.888586543289478,16.936565482332913,26319200
1998-08-25,17.320402145385742,17.45474321465743,17.061315797504626,17.099698960153678,58026800
1998-08-26,17.282020568847656,17.46434060816365,17.022934197188086,17.080508946445768,44804400
1998-08-27,16.7734432220459,17.310807535795654,16.65829372624238,16.974954839702058,74874000
1998-08-28,16.15931510925293,16.83102060666843,16.082548766691158,16.61991316462356,72730000
1998-08-31,14.729543685913086,16.351232860453354,14.700756304116513,16.10174221821639,132690400
1998-09-01,15.545191764831543,15.62195814391713,14.508845647176107,14.623995215804488,140112400
1998-09-02,15.439627647399902,16.00577931377442,15.3916486926224,15.631543466509907,63438400
1998-09-03,15.238125801086426,15.468424931581433,15.103784641631004,15.161359424254755,67506800
1998-09-04,14.835090637207031,15.39164643084093,14.758324320843734,15.305284324932222,50890400
1998-09-08,15.655538558959961,15.669932250555695,15.209334119492208,15.353271035449549,60625600
1998-09-09,15.698723793029785,16.03457668591245,15.602765823634739,15.698723793029785,65480800
1998-09-10,15.468414306640625,15.52598904971745,15.151753219718081,15.353264820486972,60758000
1998-09-11,16.00577735900879,16.06335209771026,15.372455233292614,15.52598786982987,58989200
1998-09-14,16.27446746826172,16.43759597472425,16.101743167301393,16.11133896179919,45086800
1998-09-15,16.6295108795166,16.648702467375248,16.14012538912113,16.255274916273006,49367600
1998-09-16,16.610315322875977,16.65829428105875,16.293654198869675,16.562336364693202,42886800
1998-09-17,16.1113338470459,16.35122863333306,16.092142264142925,16.168908595754818,45178400
1998-09-18,16.178510665893555,16.312851798350557,16.01538214791005,16.236085436946556,47361600
1998-09-21,16.562334060668945,16.59112143157393,15.717904514122672,15.737096094725997,45872000
1998-09-22,16.763845443725586,16.869399135700963,16.38960962672198,16.64869596157063,43082000
1998-09-23,17.445152282714844,17.483535456054152,16.65829722925906,16.83102150928594,65263600
1998-09-24,16.907787322998047,17.59868442132714,16.735063048415775,17.368385388550774,63521600
1998-09-25,17.358781814575195,17.368377603306307,16.677480814666495,16.754247124515363,47878400
1998-09-28,17.090112686157227,17.56030669043668,16.85021778601465,17.34919917831121,41405200
1998-09-29,17.329999923706055,17.502724175437347,17.09970092139767,17.166871463737614,48743200
1998-09-30,16.898191452026367,17.435555859359404,16.89339355553232,17.243639999597605,38875600
1998-10-01,15.976990699768066,16.811824448044234,15.967394909557994,16.591121273212604,65442400
1998-10-02,15.986588478088379,16.149716931946426,15.50679890791766,15.871438981247406,65889600
1998-10-05,15.53559398651123,15.79468048288912,14.815909274350426,15.737105705916257,114937600
1998-10-06,14.988632202148438,15.909828547478943,14.950249021093,15.737104232729473,76550000
1998-10-07,14.451265335083008,15.314886769450517,14.336115810500672,14.950246608273124,90710400
1998-10-08,14.000262260437012,14.105815985498566,13.472493635129243,13.904304328562873,144719200
1998-10-09,14.8734769821167,14.89266856531943,14.163388403615645,14.30732527763613,72661600
1998-10-12,15.3148832321167,15.506799062093098,15.122967402140299,15.238116900126139,51502800
1998-10-13,14.806302070617676,15.314878875376415,14.700748394158314,15.276495720300284,47995600
1998-10-14,15.382059097290039,15.564379198879879,14.719949254674312,14.719949254674312,62403200
1998-10-15,16.188108444213867,16.216895833267003,15.29569938356663,15.372465754374995,66253600
1998-10-16,16.13052749633789,16.3512307279951,15.96739902076517,16.274464386549113,68620000
1998-10-19,15.804267883300781,15.996183704591623,15.525989942429062,15.986587913527082,60177600
1998-10-20,15.391654014587402,15.871443728259079,15.295696071853067,15.852252139712213,94368400
1998-10-21,16.341632843017578,16.408803383182654,15.823460104601285,16.10173805671374,125377200
1998-10-22,16.888593673706055,16.907785257426177,16.159313492341475,16.274462994662198,81910800
1998-10-23,16.33203887939453,16.888594845907388,16.30325150181628,16.73506216549005,59882000
1998-10-26,16.43759536743164,16.581532279580777,16.22648789627957,16.399212190858535,59678400
1998-10-27,16.188108444213867,16.562344501904644,16.12093786975655,16.543152909202554,65434800
1998-10-28,16.22648811340332,16.37042502747845,16.101742787871537,16.101742787871537,56808400
1998-10-29,16.370418548583984,16.50475961521949,16.188098529578653,16.188098529578653,52402800
1998-10-30,16.255279541015625,16.61032401741325,16.14012998110288,16.46638706752232,59322800
1998-11-02,16.245683670043945,16.40881221250747,16.120938314042426,16.33204583958346,48388400
1998-11-03,16.14972496032715,16.360832476148417,16.08255438711129,16.19770394119562,36546800
1998-11-04,16.19770050048828,16.47597853041373,16.101742559134678,16.245679471165083,67459600
1998-11-05,16.33203887939453,16.523954729916206,16.159314613925023,16.168910406451108,76727200
1998-11-06,16.783042907714844,16.85021346251988,16.264870056361726,16.28406164344888,74461200
1998-11-09,16.99414825439453,17.099701970260334,16.706274483851427,16.76384923796005,68956800
1998-11-10,17.20525360107422,17.416361007222367,16.898188283040547,16.9077840742291,72075600
1998-11-11,17.05172348022461,17.617875244621487,17.02293610237392,17.416363599666667,63899200
1998-11-12,16.696687698364258,17.06132800442049,16.658304508253075,16.92698683903135,38526800
1998-11-13,16.888593673706055,16.965360008586536,16.639103085344487,16.64869887720455,28368800
1998-11-16,16.706281661987305,17.15728409628564,16.504769936024218,17.09011352096461,42620400
1998-11-17,17.176464080810547,17.25323040072478,16.725461951314404,16.73505774130368,58744000
1998-11-18,16.850215911865234,17.05172760557205,16.754257962481038,16.821428527049974,41691200
1998-11-19,17.157278060913086,17.272427578100423,16.744658957658466,16.744658957658466,45220800
1998-11-20,17.445152282714844,17.4643438693845,17.080512135991434,17.310811176027272,48405200
1998-11-23,18.29916763305664,18.452700240360734,17.272418321710514,17.272418321710514,110870400
1998-11-24,18.683015823364258,19.20118883541442,18.21282179391133,18.222417590430776,101114800
1998-11-25,19.076435089111328,19.095626673708022,18.53907072040397,18.836540281652685,41394000
1998-11-27,19.661787033081055,19.67138282958329,19.08603924294691,19.210784597475975,26335600
1998-11-30,18.73098373413086,20.00002707369992,18.721387943283457,19.863287054124427,70900000
1998-12-01,19.882484436035156,19.920867610622096,18.44311538902489,18.46230697631836,86330800
1998-12-02,19.460277557373047,19.920875842754658,19.268361605130707,19.834513664245605,65759600
1998-12-03,18.750173568725586,19.796114673634023,18.730981988819007,19.479453605175504,51426800
1998-12-04,19.55622673034668,19.55622673034668,19.03805389254554,19.181990791934744,44352000
1998-12-07,20.506216049194336,20.535003437190397,19.46027428533744,19.604211225317748,89809200
1998-12-08,20.14157485961914,20.611768841573088,19.920871561967285,20.400661339471316,77585200
1998-12-09,20.515804290771484,20.544591668167328,19.959248327785165,20.28550527160473,44781600
1998-12-10,20.199146270751953,20.669340174441665,20.1703588888934,20.439041119573236,57015600
1998-12-11,20.57338523864746,20.678938987539777,20.07440388024743,20.112787061662814,51728800
1998-12-14,19.642593383789062,20.535002365075034,19.604210201798267,20.381469637111856,64077600
1998-12-15,20.24712562561035,20.266317213881074,19.844102271925216,19.853698066060577,51719600
1998-12-16,20.53499984741211,20.746107322478963,19.824911067641786,20.3430839609877,60024000
1998-12-17,20.63095474243164,20.707721085659294,20.30469778371412,20.60216736372127,46963600
1998-12-18,21.158727645874023,21.22589820982918,20.59257574968057,20.72691687759088,59648000
1998-12-21,21.561750411987305,21.830432660111757,21.14913124522475,21.28347236928698,48112000
1998-12-22,21.254682540893555,21.571343725475717,21.09155405186638,21.571343725475717,41350000
1998-12-23,22.041545867919922,22.079929056196665,21.398627464284466,21.552160217391442,34940000
1998-12-24,21.763261795043945,22.10871039496528,21.72487861727491,22.051135628311723,13832400
1998-12-28,21.85921859741211,22.051134476230477,21.72487748223925,21.95517653682129,23636400
1998-12-29,21.571338653564453,21.8879997636924,21.436997576540474,21.8879997636924,29651600
1998-12-30,21.34104347229004,22.01035002903115,21.321851886433667,21.62891726013568,34942800
1998-12-31,21.293067932128906,21.49457961602918,21.18751419294305,21.369834287900442,23834400
1999-01-04,21.648109436035156,22.300623372936926,21.398618813102125,21.434603037563623,69305200
1999-01-05,22.492536544799805,22.72283555379093,21.71527738945476,21.78244793374384,64281600
1999-01-06,23.221817016601562,23.260200185224043,22.530919981396888,22.95313483624419,69064800
1999-01-07,23.106664657592773,23.125856239534297,22.761216182645374,22.991515165943643,51150400
1999-01-08,23.010713577270508,23.413736917656397,22.569307061609774,23.36575794856284,50244800
1999-01-11,22.646068572998047,23.17383712025012,22.147087401050634,23.1642413284819,46463200
1999-01-12,21.830429077148438,22.742029412238153,21.648109010130494,22.742029412238153,57907200
1999-01-13,22.079925537109375,22.684460656117583,20.880451094632768,20.880451094632768,75346000
1999-01-14,21.763261795043945,22.34860525602176,21.72487861727491,22.300626283810463,59214000
1999-01-15,22.99151611328125,23.029899278745823,21.70568007021794,21.945574854371543,59344000
1999-01-19,23.89353370666504,24.31574876011615,23.164253159794942,23.24101953314969,102741600
1999-01-20,24.96826934814453,25.755124877179064,24.946678800091753,25.630379488429686,125481200
1999-01-21,24.306142807006836,25.073806219782416,24.219780673069582,24.833911403290045,80077200
1999-01-22,23.98948860168457,24.601220561027528,23.83595587463379,23.89353064727783,82160000
1999-01-25,24.853113174438477,25.07381649606476,24.430898124370795,24.824325784661134,103076400
1999-01-26,26.3404541015625,26.36924148309426,25.25612939719945,25.409662098702185,120203200
1999-01-27,25.889442443847656,26.781850949139663,25.87025086308869,26.48438144737566,98048000
1999-01-28,26.714685440063477,26.724281232247407,26.07176736374011,26.369236921441967,78838400
1999-01-29,26.868213653564453,26.88740523474557,26.234891474587577,26.82983049120222,79571600
1999-02-01,26.551565170288086,27.012163337318743,26.225308135308037,26.93539697614697,81729200
1999-02-02,25.735904693603516,26.493971983236133,25.524797347123545,26.48437619475977,91965600
1999-02-03,25.611169815063477,26.081363640817735,25.486424514353164,25.543999268527156,73749200
1999-02-04,24.421297073364258,25.851070458013087,24.392509689780724,25.81268727990171,89151600
1999-02-05,24.565223693847656,24.814714246988295,23.778368872404098,24.60360685586929,127945200
1999-02-08,25.371280670166016,25.41925964268902,24.814724588899136,24.958661506468157,109866800
1999-02-09,24.5748291015625,25.60157908745363,24.526850130259177,25.32330105389435,77293600
1999-02-10,24.661190032958984,25.2369376601876,24.354124631770393,24.546040507513265,73694000
1999-02-11,24.987443923950195,25.160168190705612,24.622803805244317,24.987443923950195,60366000
1999-02-12,24.219783782958984,25.131384202682085,24.123825844040766,24.82431879814378,62930400
1999-02-16,23.98948860168457,24.54604473724365,23.730402124786377,24.526853146362303,73666800
1999-02-17,23.029909133911133,23.66323163509369,22.799610042572024,23.480911521116894,101215600
1999-02-18,22.377389907836914,23.2410113022217,22.1063087479328,23.173840749325105,117035200
1999-02-19,22.684450149536133,22.91474913582584,22.37738483448319,22.636471194059112,73085600
1999-02-22,22.847579956054688,22.876367331051817,22.223853497783562,22.761217831063302,92514400
1999-02-23,23.86474609375,23.893533483489144,23.106678163952555,23.48091423056142,95106800
1999-02-24,23.471303939819336,24.469266167841088,23.452112358511222,24.018264007100488,67696800
1999-02-25,23.56727409362793,23.60565727619084,22.972334763902793,23.394549772094823,70817200
1999-02-26,23.049091339111328,23.41373141858103,22.953133423461406,23.394539835451045,59273200
1999-03-01,23.298585891723633,23.423331203335003,22.953137336492148,22.96273312969302,58332000
1999-03-02,22.809200286865234,23.663225876066328,22.665263389808867,23.317777323131054,58569600
1999-03-03,22.97233009338379,23.135458586110406,22.578902552101944,22.876372156485775,76798400
1999-03-04,23.375356674194336,23.56727257463928,22.742034202726014,23.202632363793885,61696400
1999-03-05,23.78797149658203,23.85514204941627,23.50969349198305,23.759184116795932,47302800
1999-03-08,24.411706924438477,24.44769116223983,23.797575932628707,23.874342306604927,46726000
1999-03-09,24.843507766723633,25.29451003209096,24.52684660167849,24.5460381874388,90129600
1999-03-10,24.776336669921875,24.949060937953863,24.440483926526344,24.920273559948534,53114800
1999-03-11,24.78592872619629,25.265718287291843,24.459671824651313,24.718758187642912,62948400
1999-03-12,24.594011306762695,24.987438721346102,24.07583861438455,24.968247140146914,73395200
1999-03-15,25.467239379882812,25.486430969468255,24.23897764641446,24.651596822501485,60609600
1999-03-16,25.95661735534668,26.100554235320878,25.217741371479143,25.409657211444735,68554000
1999-03-17,25.659154891967773,26.01419929398827,25.60158012407256,25.956624526093055,44919600
1999-03-18,26.474803924560547,26.49399551856168,25.515224224503985,25.553607412506246,56231200
1999-03-19,26.282873153686523,26.73387535822222,26.081361530383344,26.695492191878756,91980400
1999-03-22,26.53236198425293,26.85861887664519,26.407616701867653,26.551553566158354,55719200
1999-03-23,25.572795867919922,26.73388716248589,25.524816888805624,26.513183858560126,69581200
1999-03-24,26.292461395263672,26.378823494737166,25.045008847313206,25.639947754797277,82634400
1999-03-25,27.626279830932617,27.645471411225035,26.484380803533874,26.570742914849745,109447600
1999-03-26,27.348003387451172,27.693451851292657,26.983363342285156,27.472748666060596,94687600
1999-03-29,28.36516571044922,28.44193205878602,26.983371440386737,27.674268575417976,79777000
1999-03-30,28.557065963745117,28.710598576453425,28.326767044682658,28.67221542327635,67502400
1999-03-31,27.5207462310791,29.056073775351297,27.36721347665188,29.017690586744493,58752600
1999-04-01,28.46112632751465,28.518701094192018,27.717452257931914,28.019719782988123,41106000
1999-04-05,29.15202522277832,29.176014710288836,28.710618652584838,28.960109322694198,39848600
1999-04-06,28.883337020874023,29.36312667238356,28.633846402089066,29.22878556996089,39674800
1999-04-07,28.653034210205078,29.17120696551354,28.019711953716953,29.132823798453654,46910200
1999-04-08,29.036867141723633,29.056058726086967,27.94294683301362,28.633843870093628,38637000
1999-04-09,28.94091033935547,29.17120936062355,28.557078637242,28.94091033935547,31816800
1999-04-12,28.557065963745117,28.748981729630504,28.058084972443122,28.134851278797274,37858800
1999-04-13,27.674270629882812,28.59546687831164,27.3863968022488,28.59546687831164,46746800
1999-04-14,26.36924171447754,27.981335094401928,26.36924171447754,27.885377155120715,52944000
1999-04-15,27.29044532775879,27.59751081667872,25.75511788315914,26.8106555013214,72594600
1999-04-16,26.599529266357422,27.36719244864768,26.369230311670343,27.34800086909042,44774000
1999-04-19,24.872282028198242,27.060121651049013,24.680366271807824,26.676290138268175,75389000
1999-04-20,25.52480697631836,25.793489155016445,24.56522776668233,25.25612479762027,108459400
1999-04-21,25.17938232421875,25.332915143268863,24.56525104801829,25.217765528981275,92732800
1999-04-22,26.08135986328125,26.177317773006347,25.601570314655767,26.10055144522627,55096400
1999-04-23,26.40762710571289,26.714692537174667,25.486430811327555,26.10056167425111,56592000
1999-04-26,27.02176284790039,27.309636741876602,26.637930989265442,26.772272139787674,48349800
1999-04-27,25.793493270874023,27.25205390226273,25.774301683618905,27.25205390226273,58665800
1999-04-28,25.217737197875977,26.56114785529707,25.092991922544016,26.196507819711343,55963400
1999-04-29,25.19855308532715,25.697534334541547,24.68997604285863,25.29451101786838,60880600
1999-04-30,24.96826934814453,25.716741680640794,24.526862587954426,25.409676108334633,58558600
1999-05-03,24.526844024658203,25.025825201998668,24.12382076603706,25.006633618254806,67180000
1999-05-04,23.97028923034668,25.121784309466616,23.874331307086685,24.718761031774637,66502200
1999-05-05,24.296537399291992,24.526836331986704,23.471299557135946,24.296537399291992,67028200
1999-05-06,23.93191909790039,24.91069044833577,23.797577932154358,24.776349282589738,74021000
1999-05-07,24.27735710144043,24.680380420910982,23.951100128535696,24.450081381213526,48011600
1999-05-10,24.469261169433594,24.718751675474877,24.0278548895144,24.526835901596968,46218000
1999-05-11,24.526844024658203,24.877090427983724,24.392502938451155,24.795526197072302,42786200
1999-05-12,24.71876335144043,24.872296043064285,24.334931622380797,24.79552969725236,60142600
1999-05-13,24.296537399291992,25.102583663723482,24.296537399291992,24.91066788647789,51737200
1999-05-14,23.605653762817383,24.546041595645065,23.528887409117164,24.219784592419135,84401000
1999-05-17,24.296537399291992,24.43087844336391,23.64402375665698,23.759173223004336,66850200
1999-05-18,24.162195205688477,24.641984625976175,23.931896283950383,24.507643588295622,63858400
1999-05-19,24.354116439819336,24.526840669888976,23.72079426289732,24.526840669888976,46510800
1999-05-20,24.08544158935547,24.5652312624502,24.06625000243168,24.430890153983675,42386200
1999-05-21,23.8167667388916,24.25817337466477,23.64404240315427,24.104640631787145,56568800
1999-05-24,23.72079849243164,23.912714337839667,23.356158386156398,23.912714337839667,38990000
1999-05-25,23.413738250732422,24.334934509777632,23.375355073272203,23.56727096057329,50791600
1999-05-26,24.10462188720703,24.10462188720703,23.183426146294657,23.701598750557867,52022800
1999-05-27,24.06624412536621,24.392501023397493,23.797561974046335,24.027860960891946,56702200
1999-05-28,24.776336669921875,24.833911425932538,23.989481671109484,24.18139752447836,41548000
1999-06-01,24.10462188720703,24.795518692891307,24.085430309271356,24.75713553701996,36046400
1999-06-02,24.08544158935547,24.14301635012684,23.413736047022848,23.970292067812736,42812600
1999-06-03,23.452123641967773,24.23897885417782,23.375357279800937,24.066254539302445,32934400
1999-06-04,24.430883407592773,24.46926657084115,23.56726223450426,23.624836979376827,35668200
1999-06-07,24.642004013061523,24.891494707897817,24.315746950583296,24.546046053509105,32392200
1999-06-08,24.373321533203125,25.21775157057394,24.25817198265256,24.526854267270547,41516400
1999-06-09,25.27530288696289,25.371260756693196,24.565214650958616,24.60359779885074,53310800
1999-06-10,24.526844024658203,25.275315790668902,24.277353435987973,25.140974704461854,35277400
1999-06-11,23.98948860168457,24.71876905517578,23.81676428375244,24.565236328125,34543000
1999-06-14,23.8167667388916,24.469280896121507,23.778383553172194,24.18140700322596,28369800
1999-06-15,23.85513687133789,24.219776936145145,23.548071553605464,23.97028636548755,36981000
1999-06-16,24.872282028198242,25.06419778458866,24.238960032109862,24.277343183387945,48325200
1999-06-17,25.44803810119629,25.486421265753147,24.718757974616004,24.77633272145129,44475200
1999-06-18,26.100553512573242,26.100553512573242,25.21774067317738,25.275315423572764,69116200
1999-06-21,27.30963134765625,27.32882293679726,26.062178053490644,26.062178053490644,56194400
1999-06-22,26.5611515045166,27.156090591684244,26.48438517068852,27.156090591684244,38751000
1999-06-23,26.40762710571289,26.829842073972834,26.119753263717474,26.388435516246528,33942000
1999-06-24,25.98541259765625,26.48439393261863,25.793496699593796,26.330861214168667,33559000
1999-06-25,26.08135986328125,26.541957829961714,25.908635625776075,26.215700936896386,24933000
1999-06-28,26.63793182373047,26.657123417263414,26.081375611275003,26.254099953071528,31701000
1999-06-29,27.02176284790039,27.040954440832138,26.407631874084473,26.618739396333694,38973200
1999-06-30,27.693462371826172,27.712653960441433,26.63792499798664,26.94499041583087,57610200
1999-07-01,28.000524520874023,28.096482452748166,27.136903134006765,27.597501207002637,47737800
1999-07-02,28.250022888183594,28.288406071455583,27.731849914011747,27.904574238735698,32094800
1999-07-06,27.501537322998047,28.537882762943543,27.40557941189198,28.3267753585102,45419400
1999-07-07,28.345964431762695,28.345964431762695,27.597492791384397,27.655067532951957,33834600
1999-07-08,28.4227294921875,28.55707054988184,27.846982102068917,28.19243053614007,37790400
1999-07-09,28.63384437561035,28.6530359603125,28.326779020375923,28.365162189780225,33884200
1999-07-12,28.921722412109375,29.094446699905646,28.365166373654713,28.614657011582665,43847800
1999-07-13,28.748991012573242,28.88333209207125,28.49950043636266,28.595458350289807,30845000
1999-07-14,29.15202522277832,29.17121681278673,28.40355321245024,28.787385012618486,37985200
1999-07-15,28.979312896728516,29.247995267956462,28.78739691727998,29.17122887617705,40926200
1999-07-16,30.53380584716797,30.668146916262987,29.171203574918486,29.324736225312794,115369800
1999-07-19,30.207561492919922,30.93684188474391,30.034837189593187,30.706542813641597,81181600
1999-07-20,28.653034210205078,29.70857130435195,28.345968873725987,29.612613386702233,92287400
1999-07-21,29.07524871826172,29.267164551385562,28.557075968827355,28.748991801951195,54050800
1999-07-22,27.962148666381836,29.017686193252803,27.635891612621716,28.979303010457492,60904200
1999-07-23,27.712642669677734,28.17324060878595,27.539918442512153,28.11566586639742,68833200
1999-07-26,26.906612396240234,27.57831812653154,26.906612396240234,27.29044424212098,50885000
1999-07-27,27.271251678466797,27.559125552623726,27.021760987530786,27.271251678466793,65513000
1999-07-28,27.63587760925293,27.78941026263767,27.13689648575253,27.386387047502733,62215200
1999-07-29,26.695491790771484,27.271239277272667,26.503575961937756,27.23285611150592,57968200
1999-07-30,26.350051879882812,27.213673390876785,26.254093934216815,26.906607964745596,51127400
1999-08-02,26.042985916137695,26.695499933196412,25.908644794978546,26.31166815845599,48050600
1999-08-03,26.0237979888916,26.42682140907355,25.908648440268184,26.369246634761843,55051200
1999-08-04,26.08135986328125,26.772256813301944,26.02378511744619,26.13893460911631,75573400
1999-08-05,26.33085823059082,26.522774106907082,26.023792828484805,26.215708704801067,76634000
1999-08-06,26.138935089111328,26.541958317357537,26.08136034221901,26.426808823572905,67205800
1999-08-09,25.735904693603516,26.350035156090698,25.697521539698066,26.292460425232523,39333600
1999-08-10,25.467239379882812,25.812687992420784,25.06421599858851,25.65915527573724,62743000
1999-08-11,25.851058959960938,26.00459160411809,25.275311544371608,25.793484218402003,66105200
1999-08-12,25.102588653564453,25.851060333601925,25.064205490485605,25.774294007444233,61062000
1999-08-13,26.004594802856445,26.2924685460615,25.409655733566005,25.467230482207015,65099800
1999-08-16,25.889442443847656,26.374029858011596,25.275311859560684,26.11974141295527,57321800
1999-08-17,25.96621322631836,26.254086987142287,25.467232040890217,26.23489540308736,51749000
1999-08-18,26.100553512573242,26.46519359841066,25.81267976059633,25.927829261387092,58361200
1999-08-19,25.735904693603516,26.138927809610728,25.524797347123545,25.966203617036207,71478200
1999-08-20,25.601579666137695,26.033390417628027,25.50562172136207,25.793495555688956,46072800
1999-08-23,26.541959762573242,26.599534512600517,25.755104845533833,25.889445928930805,60447000
1999-08-24,28.307586669921875,28.710609937764833,26.73387676691605,26.73387676691605,120450000
1999-08-25,29.26717758178711,29.478285092213113,28.61466345865218,28.74900460165055,81877600
1999-08-26,29.05606460571289,29.593429076624357,28.76819078201032,29.286363664674948,61246000
1999-08-27,28.63384437561035,29.209591916674903,28.365162189780225,29.19040033197275,41948400
1999-08-30,28.3267879486084,28.691428172879103,28.115680450346414,28.5187038561193,33300800
1999-08-31,28.4227294921875,28.595453709223076,27.67425788503334,28.19243053614007,46882800
1999-09-01,28.36516571044922,28.691422690880636,28.134866665438803,28.345974123365014,36607200
1999-09-02,28.19245147705078,28.422750604160797,27.84700278638576,28.09649350742161,33340800
1999-09-03,29.439884185791016,29.61260840852382,28.710604134252517,28.787370455467094,52098000
1999-09-07,28.94091033935547,29.68938215847673,28.78737765851008,29.132826190412203,47028000
1999-09-08,28.3267879486084,29.0752599879009,28.26921317635513,28.768194535883463,42568200
1999-09-09,28.883337020874023,28.9073265034495,28.1876420261852,28.38435578330411,38475200
1999-09-10,29.171207427978516,29.267165347149497,28.86414208663137,29.190399011812712,34455000
1999-09-13,28.825761795043945,29.113635581279404,28.6722291090517,29.01767765253425,27870800
1999-09-14,29.190397262573242,29.343929924046343,28.748990860838077,28.768182443522214,40207800
1999-09-15,28.441917419433594,29.40149627973837,28.36515111060921,29.32472997091399,48413800
1999-09-16,28.864151000976562,28.88334259073785,27.827805153867033,28.518702385273386,45796000
1999-09-17,29.61260414123535,29.631795718773414,28.80655788463659,28.979282082479184,79773400
1999-09-20,29.958065032958984,30.054022960675063,29.17121002568716,29.478275394378606,48601800
1999-09-21,29.05606460571289,29.651003841364872,28.902531899738186,29.651003841364872,47082800
1999-09-22,29.497480392456055,29.670204740882927,28.768199810209254,29.094456912793348,48531600
1999-09-23,28.000524520874023,29.74695888098337,27.640682276346,29.74695888098337,71073600
1999-09-24,27.92377281188965,28.05811398692967,27.29045012955813,27.69347365467819,70277000
1999-09-27,28.077295303344727,28.537893449127555,27.904570998676167,28.25001960801329,34132200
1999-09-28,28.28839874267578,28.46112302265141,27.34801099614178,28.01971652938035,46000600
1999-09-29,27.48235321044922,28.28839988282273,27.367203685824435,28.115675595885552,37484400
1999-09-30,27.808610916137695,28.15405949894686,27.27124645399011,27.635886624733114,47455400
1999-10-01,27.631086349487305,27.82780010887765,27.11771141644422,27.693459004903755,44239000
1999-10-04,28.4227294921875,28.441921071858122,27.71264104437458,27.78940736305706,29998000
1999-10-05,28.19245147705078,28.82577407660332,27.48236250179491,28.4803253859383,43397000
1999-10-06,28.768199920654297,28.864157892370955,28.26921846772767,28.345984845100997,35500200
1999-10-07,28.787368774414062,29.19039193725586,28.46111192830404,28.76817719523112,46036400
1999-10-08,29.15202522277832,29.22879158281197,28.288403672399767,28.710618652584838,35697000
1999-10-11,28.96009635925293,29.171203754847216,28.90252161499994,29.056054266341242,19943800
1999-10-12,28.4227294921875,28.96009372296485,28.365154753175645,28.86413582461175,27668600
1999-10-13,27.962148666381836,28.595471182504415,27.731849569609984,28.250022537346645,38098400
1999-10-14,27.84700584411621,28.32199784593694,27.539940307585642,27.904580632215694,42737800
1999-10-15,27.04095458984375,27.578319194893876,26.810655473393698,27.482361229706353,73788000
1999-10-18,26.983369827270508,27.02175299914429,26.119748460110355,26.77226238196469,75312800
1999-10-19,26.503583908081055,27.40558857403312,26.177326901247326,27.098523155836673,69945600
1999-10-20,28.3267879486084,28.36517113011058,27.71265704457353,28.115680450346414,88090600
1999-10-21,28.576276779174805,28.59546836868399,27.789421609298266,27.80861319880745,60801200
1999-10-22,28.46112632751465,28.82576651647134,28.173252494127784,28.729808572009052,43650600
1999-10-25,28.38434600830078,28.72979443842209,27.981322839825925,28.250004952142497,30492200
1999-10-26,28.36516571044922,29.247978716322468,28.331580433051865,28.97929649714365,52467600
1999-10-27,27.90454864501953,28.134847533424093,27.539908738378973,28.096464385356665,54416600
1999-10-28,27.597501754760742,27.904567142852656,27.424777473959043,27.635884928272233,70570400
1999-10-29,28.4227294921875,28.86413582461175,28.019706319104493,28.077281058116352,79452600
1999-11-01,28.36516571044922,28.921721735891047,28.28839936211241,28.633847929628033,53261200
1999-11-02,28.4227294921875,29.017668461976708,28.230813695481306,28.48030423119936,46349000
1999-11-03,28.250022888183594,28.710621087447457,28.09649015509564,28.53789676272351,44517000
1999-11-04,28.173234939575195,28.480300170524245,27.73182867008594,28.34595913198404,54239400
1999-11-05,28.115671157836914,28.518694430406587,27.789414222899556,28.192437495469232,70167400
1999-11-08,27.6166934967041,27.866184125930754,25.90864226584471,26.04298337388983,243819200
1999-11-09,27.29044532775879,27.59751081667872,26.54197319851646,27.55912763056373,109769800
1999-11-10,26.753067016601562,27.367197679823406,26.541959601119054,27.060132348212484,69385400
1999-11-11,27.5207462310791,27.770236957023332,27.098531156404245,27.098531156404245,69274600
1999-11-12,27.386381149291992,27.63587165730937,26.733867512938854,27.559105347150176,49414200
1999-11-15,26.714685440063477,27.175283464892157,26.695493855695617,27.09851712742071,47080400
1999-11-16,26.810649871826172,26.944990995020717,26.369243324186943,26.695500337659414,59165200
1999-11-17,26.100553512573242,26.733875766922445,26.100553512573242,26.54195993227117,66819000
1999-11-18,26.08135986328125,26.35004201051152,25.947018789666114,26.08135986328125,64493200
1999-11-19,26.40762710571289,26.58035141091014,25.908645779587502,25.92783736905386,58226000
1999-11-22,27.57830810546875,27.75103237335269,27.156093228419127,27.520733349507438,90596600
1999-11-23,27.5207462310791,28.05811087157437,27.136914345011053,27.405596665258685,70787400
1999-11-24,28.1540470123291,28.326771227128667,27.482341732553014,27.50153331197519,53771000
1999-11-26,27.981338500976562,28.672235747914254,27.942955320591132,28.13487122251827,28514200
1999-11-29,27.693462371826172,28.269210030284096,27.482354897058265,27.674270783210908,51460200
1999-11-30,27.957324981689453,28.518678512298287,27.501525106408778,27.559099827496865,64145600
1999-12-01,28.614665985107422,28.84496510772398,27.904577023706363,27.962151804360506,48864200
1999-12-02,29.113637924194336,29.247979035248626,28.518698718096758,28.576273479977168,55473800
1999-12-03,29.51665687561035,29.823722226722033,29.39670947283235,29.42069895338795,64100600
1999-12-06,29.305545806884766,29.842910104587958,29.094438404215655,29.24797106070228,49098200
1999-12-07,28.557065963745117,29.13281326140127,28.51868281056804,29.094430108224195,56859200
1999-12-08,28.173234939575195,28.960089593882135,28.15404336264088,28.59544963213014,40955800
1999-12-09,28.480314254760742,28.653038532586113,28.077290939834885,28.250015217660252,46258200
1999-12-10,28.825761795043945,28.902528138040065,28.32678056556915,28.6722291090517,36836000
1999-12-13,29.670181274414062,29.766139169868183,28.480303370782966,28.7441875832818,52691600
1999-12-14,30.30352020263672,31.05199220257518,29.267174356568077,29.53585661295624,144116200
1999-12-15,33.297393798828125,33.39335170602936,30.24593234982889,30.265123931269137,155571600
1999-12-16,34.90949630737305,35.31251962922837,33.450935713991875,33.54689364776695,128660200
1999-12-17,35.3892936706543,35.9650413984849,34.89031230653445,35.81150867106341,105898800
1999-12-20,34.62162399291992,35.31252114577198,34.141834303439325,35.254946383034316,39433800
1999-12-21,35.58119583129883,35.811494833443156,33.969102816288526,34.50646715462529,57446000
1999-12-22,36.0993766784668,36.233717793166036,35.3509047537139,35.710747025229715,38565200
1999-12-23,36.06100082397461,36.61755698357826,35.84989331515943,36.003426048843195,31028400
1999-12-27,36.579166412353516,36.61754958802231,35.65797019630264,36.36805894617519,32202200
1999-12-28,36.08019256591797,36.48321599351599,35.9458514233853,36.46402440172561,24591000
1999-12-29,36.21451950073242,36.34886059056026,35.86907098403227,35.90745415255451,17449200
1999-12-30,36.11856460571289,36.828653282870896,35.965031918759806,36.195330949189426,22360000
1999-12-31,35.84987258911133,36.156937878953826,35.69633994419008,36.0801715564932,12517600
2000-01-03,35.79231643676758,36.42563892599724,34.39133032422922,36.0418071143429,53228400
2000-01-04,34.5832405090332,35.965034802401895,34.468090984585814,34.87111432015168,54119000
2000-01-05,34.94788360595703,35.734738755789124,33.58528078551609,34.12264527808435,64059600
2000-01-06,33.77718734741211,34.96706553805958,33.278206170688975,34.44889277761633,54976600
2000-01-07,34.21860885620117,34.46809955453579,32.95196377234852,33.35498720811982,62013600
2000-01-10,34.46808624267578,34.909492692331426,34.19940405592886,34.83272635326088,44963600
2000-01-11,33.58528518676758,35.08222932652065,33.374177679879324,34.23779929896764,46743600
2000-01-12,32.49136734008789,33.431755408407035,32.06915228900583,33.316605849021016,66532400
2000-01-13,33.1054801940918,33.35497076946756,31.167130339249322,32.0499431444251,83144000
2000-01-14,34.46808624267578,34.98625903140197,32.472161426841545,32.9135678764972,73416400
2000-01-18,35.408470153808594,35.77311022585324,34.31454993767467,34.33374152041387,81483600
2000-01-19,32.855987548828125,34.23778141770408,32.548922244633474,33.93071611350942,97568200
2000-01-20,32.54893493652344,33.681238687263345,32.51055175853225,32.8751919494485,56349800
2000-01-21,31.8580379486084,32.932766939645795,31.704505235603058,32.85600058314312,68416200
2000-01-24,31.090383529663086,32.45298675843227,30.956042366263308,31.872441016597513,63597600
2000-01-25,31.570154190063477,31.896411102665958,30.572191869161774,31.013598280329834,59823200
2000-01-26,30.514617919921875,31.781262437352595,30.437851585532133,31.455005516196195,49365000
2000-01-27,30.322723388671875,31.071195674847953,29.862125058717368,30.672970035408117,63654800
2000-01-28,30.16918182373047,30.783312751439993,29.862116359875703,30.130798640748623,58225400
2000-01-31,30.054027557373047,30.14998549976568,29.132831310403756,29.977261203458937,73194200
2000-02-01,31.608535766601562,31.704493677246983,29.996442867758496,30.24593343543659,70196600
2000-02-02,30.956043243408203,31.915623009167913,30.860085266832233,31.45502472160325,49915600
2000-02-03,31.81964683532715,31.992371094385014,30.744918112300414,31.339857226833068,49186000
2000-02-04,32.72166061401367,33.1630671794813,31.977986509149726,32.049954970910754,55365400
2000-02-07,32.74083709716797,32.817603420959685,32.01155702114664,32.79841184001176,40005800
2000-02-08,33.75801086425781,33.77720245656268,32.683281695185364,32.683281695185364,56229000
2000-02-09,31.93480682373047,33.604475209346184,31.89642364245195,33.604475209346184,55090000
2000-02-10,32.54893493652344,32.72165923748376,31.474205952770305,31.90121880792222,54527800
2000-02-11,30.68735122680664,32.203486778349934,30.4378605664261,32.203486778349934,115559000
2000-02-14,30.59139633178711,31.243910431712305,30.418672011218675,31.08557980452457,81028600
2000-02-15,30.26512908935547,30.70653553771005,30.130787996377986,30.629769198865777,71027600
2000-02-16,29.977264404296875,30.76411961593335,29.823731680075124,30.476245758017566,65202600
2000-02-17,30.59139633178711,30.61058792296138,29.828530582609858,30.24594769065024,80343400
2000-02-18,29.190397262573242,30.725723877304247,29.13282251452083,30.70653229462011,79063000
2000-02-22,28.80657386779785,29.823728041677455,28.499508456815327,29.20959721971241,66296200
2000-02-23,28.94091033935547,29.40150838189163,28.2692048606569,28.710611318087388,75847200
2000-02-24,29.094440460205078,29.439888961711468,28.250010789856116,28.940907792868902,69733200
2000-02-25,28.038902282714844,29.08004564263085,27.78941170798843,29.075247746963033,65301400
2000-02-28,28.115671157836914,28.28839541750963,27.060134015392524,27.712647885267238,76131800
2000-02-29,27.443967819213867,28.17324808294123,27.290435132113373,28.17324808294123,58437400
2000-03-01,27.8853759765625,28.892934296431417,27.309628365208837,27.52073582270518,106889800
2000-03-02,28.672225952148438,29.286356628499675,27.981328941253295,28.192436361249033,106932600
2000-03-03,29.51665687561035,30.361086591167474,28.82575983560907,29.09444201783179,101435200
2000-03-06,27.827800750732422,29.900492116993874,27.67426805693528,29.478277209051726,93609400
2000-03-07,28.51870346069336,29.93888115658253,28.230829603418524,29.516666165912774,135061000
2000-03-08,29.34392547607422,29.535841273824868,27.942940152494483,28.8065612423724,94290000
2000-03-09,30.706527709960938,30.70652770996094,29.171201324462892,29.267159223556522,88198800
2000-03-10,31.013601303100586,31.47419934225555,30.55300326394563,30.572194848910417,85589000
2000-03-13,30.092395782470703,30.783292624415182,29.93886315092748,29.97724630881329,61831800
2000-03-14,29.209590911865234,30.476235458634687,29.209590911865234,30.284319618215076,73489200
2000-03-15,29.286359786987305,29.670191501102472,28.768186972931826,29.036869172812445,53208000
2000-03-16,29.286359786987305,29.689383086808228,28.633845872991518,29.45908405833913,77300800
2000-03-17,30.514617919921875,30.553001087116744,29.017674399321933,29.247973402491155,81161600
2000-03-20,29.90049934387207,30.629779815673825,29.63181706478721,30.32271435386256,47773000
2000-03-21,31.55097007751465,31.666119603344995,29.63181131367556,29.70857766422912,81648800
2000-03-22,31.704513549804688,32.43379412782683,31.051999348416455,31.570172390695348,93975800
2000-03-23,34.352928161621094,34.65999344127804,32.740835443422114,32.79841018335779,148224000
2000-03-24,34.29536437988281,35.31251844375175,33.642850452117834,34.58323817154383,112196800
2000-03-27,31.953981399536133,33.23981728768563,31.915598238695846,33.091082539429536,111434000
2000-03-28,32.0307731628418,32.99035294603059,31.43583369726475,31.819665610540266,81114400
2000-03-29,32.91357421875,33.45093869579082,32.280251799380466,32.29944338784621,64363800
2000-03-30,31.742876052856445,33.35496891164722,31.47419390972465,32.60649722720865,64178400
2000-03-31,32.625709533691406,33.239840536678535,31.973195343017576,32.54894315831801,64281400
2000-04-03,27.90454864501953,29.631790308053752,27.63586660854754,28.998468364941203,260118200
2000-04-04,27.194486618041992,28.250024207309675,26.081374251177888,28.115683059584697,181244400
2000-04-05,26.522762298583984,27.1752759875506,26.36922966588596,27.098509671201583,82887600
2000-04-06,26.40762710571289,27.021757968636443,26.182125929483146,26.983374789703724,66421400
2000-04-07,27.348003387451172,27.443961294073805,26.100550601356908,26.714681203741776,82613600
2000-04-10,26.426809310913086,27.21366419961856,26.407617728261734,27.21366419961856,60685400
2000-04-11,25.755109786987305,26.42681533284763,25.63996026483982,26.13894152747892,71961800
2000-04-12,24.373321533203125,25.256134754090798,24.18140561561885,25.21775157057394,153003800
2000-04-13,24.334928512573242,25.256124544594943,24.258162176571435,24.833909696584996,94316200
2000-04-14,22.7612247467041,24.411701414677587,22.492542498429348,24.296551879702694,151217800
2000-04-17,23.298585891723633,23.336969064527132,22.415772917243167,22.79960464527815,119772200
2000-04-18,24.73795509338379,25.16016999800322,23.29858610036301,23.490501966099114,91794600
2000-04-19,24.162195205688477,25.025816162206336,23.989471014384907,25.006624585394828,53715400
2000-04-20,24.238969802856445,24.526843553484195,23.79756338522723,24.143011885980528,52387400
2000-04-24,20.458229064941406,20.880443923692543,19.95924786823552,20.650144909828285,313645800
2000-04-25,21.302658081054688,21.3410412487683,20.765293733064116,21.110742242486626,159517400
2000-04-26,20.88044548034668,21.840024776318497,20.68852962115232,21.494576229768644,107091200
2000-04-27,21.43700408935547,21.475387265880727,20.68853214711298,20.707723735375605,77669800
2000-04-28,21.41780662536621,21.801638285319008,20.95720863342285,21.72487195332845,78082600
2000-05-01,22.550121307373047,22.722845640791224,22.0127567145165,22.37739697395487,107811000
2000-05-02,21.45619773864746,22.5693099648027,21.341048198010714,22.358202473635323,97716200
2000-05-03,21.66729736328125,21.74406369583495,21.129933035405365,21.60972261386598,55354800
2000-05-04,21.628923416137695,21.878414103280367,21.283474772401693,21.590540233500363,43317200
2000-05-05,21.840030670166016,22.051138172250223,21.45619884819473,21.571348394786117,36402200
2000-05-08,21.43700408935547,21.91679379592117,21.398620912830214,21.782452678082773,36187600
2000-05-09,20.82286834716797,21.628914863832538,20.726910428517428,21.552148528912102,60778400
2000-05-10,20.32388687133789,20.842059624431492,20.189545787202512,20.80367645753567,67740000
2000-05-11,20.842056274414062,20.918822595866786,20.189542542065926,20.458224667150454,58390800
2000-05-12,21.129941940307617,21.417815808704177,20.95721761926968,21.01479239294899,37886000
2000-05-15,21.302658081054688,21.321849664911493,20.880443236204954,21.18750857791385,33899600
2000-05-16,21.34104347229004,21.686492017704808,21.20670237129541,21.360235058146415,48410600
2000-05-17,20.784494400024414,21.225901021631582,20.650153254317885,21.14913465265642,53242000
2000-05-18,20.32388687133789,20.899634374775225,20.227928954098335,20.899634374775225,53640400
2000-05-19,19.978437423706055,20.247119579260218,19.805713180849803,20.07439533640397,66578000
2000-05-22,19.709760665893555,20.03601765841565,19.17239620762187,19.997634482824814,69955000
2000-05-23,19.40269660949707,20.131976996402003,19.364313431238916,19.61380408991692,57963200
2000-05-24,20.13198471069336,20.439050254421762,19.34512925488933,19.38351244785538,85482400
2000-05-25,18.8845157623291,19.882477977411536,18.76936627597344,19.8249032342337,94348800
2000-05-26,18.865327835083008,19.229967945832325,18.53907089388625,19.057243682845804,55822000
2000-05-30,19.460277557373047,19.69057670006385,19.038062462439903,19.17240362900954,68536400
2000-05-31,19.210779190063477,19.56102566380839,19.057246489243788,19.541834076205927,54968200
2000-06-01,19.82491111755371,20.26631765744116,19.59461205326461,19.767336351481436,94507200
2000-06-02,20.362274169921875,20.49661528131627,19.95925083573869,20.26631623321159,80463200
2000-06-05,20.53499984741211,20.995597974830698,20.266317606417932,20.271115503578542,64400000
2000-06-06,21.379430770874023,21.456197129117736,20.822874673607107,20.938024210972674,99019000
2000-06-07,21.648109436035156,21.72487578155301,20.611763771544112,21.26427770844588,76310600
2000-06-08,21.129941940307617,22.1470962753088,20.95721761926968,21.974371954270865,94765600
2000-06-09,21.129941940307617,21.398624217477742,20.97640921049612,21.379432626251305,35710200
2000-06-12,20.53499984741211,21.187513861255113,20.38146713827258,21.187513861255113,49260600
2000-06-13,20.842056274414062,20.880439435140424,20.304692024245007,20.496607827876815,44289200
2000-06-14,21.648109436035156,21.801642127070867,21.341044053963735,21.437001985861055,79992400
2000-06-15,22.223857879638672,22.319815815215698,21.686493440407343,21.744068201753556,65592600
2000-06-16,22.281429290771484,22.454153548839482,21.95517235886527,22.30062087500126,68710600
2000-06-19,22.62689208984375,22.665275282532207,22.10871898854962,22.281443355647664,46604800
2000-06-20,23.010713577270508,23.106671515457624,22.646073412159467,22.684456587434312,62275000
2000-06-21,24.776336669921875,25.236934718007177,23.62484154970862,23.644033135045508,160399600
2000-06-22,24.526844024658203,25.17935787194958,24.35411977096343,24.98744203451094,87315200
2000-06-23,23.85513687133789,24.584417000952403,23.644029465396844,24.54603383623585,49811600
2000-06-26,24.411706924438477,24.603622859379033,23.797575932628707,23.797575932628707,48287000
2000-06-27,24.20058822631836,24.60361150367973,24.06624713386457,24.33492931877215,31071200
2000-06-28,24.238969802856445,24.584418303609745,24.143011885980528,24.258161386231627,37459200
2000-06-29,23.701608657836914,24.238973064654267,23.663225485921387,24.027865619118877,38449000
2000-06-30,24.565223693847656,24.565223693847656,23.548069900274275,23.663219386339186,52356400
2000-07-03,24.565223693847656,24.584415274858475,24.37330788373947,24.469265788793564,15734800
2000-07-05,24.10462188720703,24.526836601791867,24.027855575464333,24.526836601791867,34824400
2000-07-06,24.853113174438477,25.08341229265721,24.104641040227587,24.219790599336953,47873200
2000-07-07,25.17938232421875,25.44806475755645,24.73797546944967,24.953880996238894,54153200
2000-07-10,24.392505645751953,24.968253221969544,24.373314059878034,24.776337363230347,52689800
2000-07-11,24.296537399291992,24.718752109232298,24.104621622046402,24.200579510669197,37164800
2000-07-12,24.661190032958984,24.872297496276143,23.70161065424463,24.02786764300751,58370200
2000-07-13,24.54603385925293,24.565225441629202,23.759178981825745,24.200585376480017,80843200
2000-07-14,24.238969802856445,24.488460386733827,24.08543713585498,24.411694053233095,51180600
2000-07-17,24.008678436279297,24.43089340478301,23.797570952027442,24.027870025756737,53992800
2000-07-18,24.10462188720703,24.411687134177818,23.778365062300566,23.83593979610759,70617200
2000-07-19,22.45415496826172,23.79756594926883,22.358197041046925,23.356159484080777,139924600
2000-07-20,22.97233009338379,23.106671205041003,22.45415723413453,22.55011517103254,54690600
2000-07-21,22.20465850830078,23.02989646496192,22.070317445588504,22.953130143412046,56100600
2000-07-24,21.66729736328125,22.147086941741865,21.494573115035433,22.12789535860344,56165600
2000-07-25,21.187511444091797,21.80164221058721,20.995595579561982,21.74406745122827,64188600
2000-07-26,20.82286834716797,21.341041107880905,20.650144093596992,21.206700021770146,85404600
2000-07-27,21.302658081054688,21.53295708733636,20.726910565350504,20.842060068491342,74337600
2000-07-28,21.39862060546875,22.051134597025644,21.379429017481783,21.7824523652081,75645600
2000-07-31,21.43700408935547,21.840027442870657,21.26427979499182,21.55215361893124,70283800
2000-08-01,21.091552734375,21.51376762077741,20.938020048410486,21.475384449286285,47163600
2000-08-02,21.302658081054688,21.62891500662039,21.033975907059403,21.05316749091621,48269200
2000-08-03,21.571338653564453,21.609721818428447,20.918824850876558,20.938016433308555,54543400
2000-08-04,21.225893020629883,21.456192040745215,20.938019245485716,21.321850945677937,38107400
2000-08-07,21.49457359313965,21.840022097315106,21.417807258878437,21.552148343835558,52741800
2000-08-08,22.7612247467041,22.933949049166444,21.494579861980267,21.51377145114275,138038800
2000-08-09,22.79961395263672,22.99152989499898,22.45416525638465,22.64608119874691,63945600
2000-08-10,22.300630569458008,22.742037198629724,22.03194827344044,22.66527082833899,48986000
2000-08-11,22.243051528930664,22.319817884509373,21.993560873299863,22.243051528930664,35629600
2000-08-14,22.16628074645996,22.530920862635494,21.91679014065565,22.2046639165837,53427000
2000-08-15,21.993555068969727,22.41576991322569,21.955171901310095,22.108704571948625,40714200
2000-08-16,21.80164337158203,22.185475121081716,21.66730225925714,22.07032559623181,44976200
2000-08-17,21.974376678466797,22.108717845933405,21.667311152828834,21.84003551100019,36112800
2000-08-18,21.80164337158203,21.93598448390692,21.494577971982284,21.840026546532002,54438800
2000-08-21,21.686492919921875,21.744067679886268,21.51376864002869,21.705684506576674,34119600
2000-08-22,21.87840461730957,22.24304469426473,21.56174349784851,21.744063536326088,54428200
2000-08-23,21.724878311157227,21.840027842841806,21.60972877947265,21.744069899771326,36726800
2000-08-24,21.840030670166016,21.85922226126458,21.475390439293296,21.686497941377503,42405400
2000-08-25,21.686492919921875,22.012749893053442,21.667301333267076,21.705684506576674,52729400
2000-08-28,21.897594451904297,22.147085010953163,21.53295440406365,21.552145985528945,56421600
2000-08-29,21.782447814941406,22.339003750301142,21.763256230963485,21.85921415085309,59400200
2000-08-30,21.49457359313965,21.782447346619197,21.39861567531313,21.705681012357985,53498800
2000-08-31,21.43700408935547,22.10870967854745,21.398620912830214,21.763261089820148,72575400
2000-09-01,21.55214500427246,21.68648606841307,21.39861235954033,21.494570262497913,37629800
2000-09-05,21.532960891723633,21.705685176951363,21.437002955486005,21.494577717228584,50755200
2000-09-06,21.321861267089844,21.705693153086063,21.283478078490223,21.513777210087955,62960800
2000-09-07,21.513776779174805,22.127907784467933,21.321860840020705,21.494585185259396,111711200
2000-09-08,21.283470153808594,21.763259832659102,21.245086979500552,21.60972713542694,56709600
2000-09-11,21.129941940307617,21.398624217477742,20.899642845590368,21.225899896439802,48495200
2000-09-12,20.918827056884766,21.28346716154606,20.765294381237904,21.11074290144334,46781200
2000-09-13,20.95720863342285,21.11074129740397,20.63095172246297,20.74610122044881,40744800
2000-09-14,20.2087345123291,21.110738806801532,20.17035135086219,21.091547226068077,78503000
2000-09-15,19.709760665893555,20.15116718518815,19.441078436757714,20.0935924218019,99915200
2000-09-18,19.345115661621094,19.84409681955973,19.09562508265177,19.72894732157389,69037800
2000-09-19,19.959245681762695,20.18954467039842,19.46026453971863,19.53703086926387,79311200
2000-09-20,19.728946685791016,19.959245674341105,19.402689785345054,19.920862509582754,67791400
2000-09-21,19.709760665893555,19.997634482824814,19.51784478793938,19.652185902507302,48952200
2000-09-22,19.421890258789062,19.498656623448305,18.730992976855852,18.769376159185477,84476600
2000-09-25,18.80775260925293,19.498649643878547,18.5582620134159,19.42188330669792,53484200
2000-09-26,19.24916648864746,20.227937666036315,18.55826918696121,18.711801920669267,155704800
2000-09-27,18.6158390045166,19.51784357483854,18.366348378682876,19.479460401633354,106155600
2000-09-28,18.826953887939453,18.999678235535228,18.61584635198906,18.673421134520986,52360400
2000-09-29,18.519878387451172,18.82694372859026,18.001705624278962,18.730985809484295,74053600
2000-10-02,18.155237197875977,18.673409929739243,17.88655504061354,18.57745201643123,58562400
2000-10-03,17.368385314941406,18.36634778607616,17.349193728958046,18.28958144214272,85374000
2000-10-04,17.022939682006836,17.36838828885703,16.735065842965007,17.310813521048665,136453400
2000-10-05,17.00374412536621,17.579491669114503,16.96536095578299,17.04212729494943,81099400
2000-10-06,17.06131935119629,17.425959472312968,16.81182874201119,17.13808569248401,61794000
2000-10-09,16.63911247253418,17.118902336217403,16.274472176134932,17.080519147122747,58323600
2000-10-10,16.754255294799805,17.06132068393703,16.523956252946885,16.562339426589038,62066200
2000-10-11,17.118898391723633,17.483538604103398,16.581533868216614,16.581533868216614,101205800
2000-10-12,16.696687698364258,17.464351500587902,16.523963342863937,17.29162714508758,90219600
2000-10-13,16.5047607421875,16.850209222837936,16.005779603470206,16.543143906704216,104521200
2000-10-16,15.468414306640625,16.523951263049103,15.218923753307712,16.42799335792106,119759000
2000-10-17,15.487604141235352,16.101734664803544,15.430029404650835,15.92901045504999,81276600
2000-10-18,15.890630722045898,16.351228713989258,14.873476823170979,15.238116900126139,110536400
2000-10-19,18.999670028686523,19.095627958124336,17.809791703657673,17.944132804870605,256993200
2000-10-20,20.01681900024414,20.304692715492138,18.769366234169482,18.82694097721908,160378600
2000-10-23,19.076435089111328,20.343079672492966,18.635028643387425,19.844098472978988,185170400
2000-10-24,18.8845157623291,19.325922126692486,18.481492560084273,19.2299642213961,94427400
2000-10-25,18.80775260925293,19.47945805958339,18.5582620134159,19.018860036499646,167603800
2000-10-26,19.786531448364258,19.978447369298927,18.673419106943182,18.730993883223583,114826600
2000-10-27,20.784494400024414,21.24509261387537,19.844106380078713,19.863297972322503,124292400
2000-10-30,21.20670509338379,21.532962094820462,20.688532208749074,20.726915385388683,110057600
2000-10-31,21.149126052856445,21.34104189725623,20.880443870696745,21.187509221736402,104474000
2000-11-01,21.379430770874023,21.51377189780052,21.014790569216387,21.033982158777317,81309400
2000-11-02,21.590539932250977,21.75366845618354,21.379432430691192,21.609731523301868,77985200
2000-11-03,20.95720863342285,21.37942345937093,20.89963388442993,21.26427396138509,68711000
2000-11-06,21.34104347229004,21.5329593308538,20.957211755162522,21.091552856157154,74851400
2000-11-07,21.648109436035156,22.070324336383358,21.341044053963735,21.41781039948159,104331200
2000-11-08,21.321861267089844,22.223866199180954,20.880454598194195,21.840034313184738,206149400
2000-11-09,21.763261795043945,21.897602917235577,21.014789828547727,21.033981417432244,91058600
2000-11-10,20.688528060913086,21.59053253110132,20.515803800664276,21.47538302426878,93744400
2000-11-13,20.400651931762695,20.91882465251302,19.77692550863731,20.477418260762743,83364800
2000-11-14,21.129941940307617,21.437007399930614,20.669343750873118,20.88045125436393,84218600
2000-11-15,21.513776779174805,21.763267500075138,21.09156171303578,21.206711276528242,60422200
2000-11-16,21.16831398010254,21.955168806198827,21.16831398010254,21.32184662909694,92128600
2000-11-17,21.20670509338379,21.494578918180856,20.81807542990775,21.321854623302617,106525600
2000-11-20,20.63095474243164,21.033978044376816,20.1319735114519,20.91882852953534,80157200
2000-11-21,20.803674697875977,21.26427266166659,20.688525206928325,20.688525206928325,59487600
2000-11-22,20.95720863342285,21.34104029337565,20.266311645507812,20.28550322850545,76343200
2000-11-24,21.475387573242188,21.628920281540612,21.033981036884217,21.187513745182642,34439200
2000-11-27,21.705684661865234,22.185474331667738,21.686493075073134,21.935983703370436,85307600
2000-11-28,20.57338523864746,21.417815229785976,20.51581046652438,21.302665685539814,127446200
2000-11-29,19.978437423706055,20.611759647512297,19.42188153005814,20.51580173481438,98280400
2000-11-30,17.617874145507812,19.05724294824538,17.502724641288808,19.03805136420888,197200800
2000-12-01,17.3875732421875,18.615834486668735,17.214849004682325,17.828979626922944,109809800
2000-12-04,17.329999923706055,18.11685484825971,16.94616825319208,17.57949050954014,80407200
2000-12-05,18.385536193847656,18.57745202050577,17.88655504453655,18.174428784523727,101734400
2000-12-06,17.406763076782227,18.443108397781387,17.214847276597194,18.423916817762883,90560800
2000-12-07,16.312854766845703,16.581537080652573,16.044172453038833,16.40881273606244,145308400
2000-12-08,16.71587371826172,17.157280257320295,16.408808299786187,16.77344848422588,120939800
2000-12-11,17.8289852142334,18.040092681786216,16.888597404225393,17.04213010790017,95576200
2000-12-12,17.924936294555664,18.423917390549718,17.42595519856161,17.75221206901926,63106000
2000-12-13,17.579490661621094,18.57745301359085,17.44514957577901,18.57745301359085,98360400
2000-12-14,17.042131423950195,18.035296177541888,17.003748245067424,17.790603412164224,71201400
2000-12-15,15.103780746459961,15.96740226309363,14.662374193513863,15.674730526901108,116899800
2000-12-18,14.681562423706055,15.35326789407169,14.432071820427389,15.046202536190256,107187400
2000-12-19,13.76037311553955,14.739144425013075,13.664415144022538,14.566420076282453,120271800
2000-12-20,12.743213653564453,13.510877126670744,12.704830479909138,13.146236976945255,149037800
2000-12-21,13.338156700134277,13.856329694240213,12.37857708141958,12.512918228039638,163173000
2000-12-22,14.25935173034668,14.470459225681555,13.74117878725198,13.74117878725198,109551800
2000-12-26,14.393684387207031,14.911857025146485,14.086619120279948,14.393684387207033,66941600
2000-12-27,14.25935173034668,14.374501273256612,13.817945149191937,14.163393777921735,69003800
2000-12-28,13.683598518371582,14.201771253288879,13.47249110784972,13.856322763344014,77619200
2000-12-29,13.318965911865234,14.067438059650168,13.203816350667552,13.491690253661757,99977600
2001-01-02,13.318965911865234,13.817947343721857,13.165433163601659,13.549265034260598,82413200
2001-01-03,14.719942092895508,15.00781579745018,13.242190409514864,13.261381989818508,135962200
2001-01-04,14.8734769821167,15.50679922780683,14.39368740204842,14.681561150089388,112397000
2001-01-05,15.084590911865234,15.314890009756306,14.604801124592166,14.892674996956007,93414600
2001-01-08,15.027013778686523,15.276504428907371,14.336116593459556,15.027013778686523,79817600
2001-01-09,15.909823417663574,16.159314014080493,15.276501134451392,15.353267471810444,114965400
2001-01-10,16.236085891723633,16.52395975505207,15.583571801512518,15.660338165066767,90230200
2001-01-11,16.888593673706055,17.1188926783475,16.06335557374087,16.274462994662198,101854800
2001-01-12,16.427993774414062,16.888591730706047,16.120928470219408,16.850208567681715,73712000
2001-01-16,16.14012336730957,16.42799714912841,15.698716901854016,16.38961397821923,68462400
2001-01-17,16.255279541015625,16.850218933898134,16.14012998110288,16.46638706752232,72844200
2001-01-18,17.042131423950195,17.253238907805432,16.15931830964647,16.48557533015002,109788800
2001-01-19,18.73098373413086,18.865324805994504,18.078469956507448,18.42391842701396,209348800
2001-01-22,18.462303161621094,18.73098532821433,18.1168546617155,18.654218994901978,76673000
2001-01-23,18.596656799316406,18.71180637702115,18.097675295929175,18.34716604762279,70295200
2001-01-24,19.325923919677734,19.47945658239613,18.654218520284765,18.730984851643964,110455000
2001-01-25,18.980478286743164,19.652183787285136,18.90371194382408,19.268352072689723,85657400
2001-01-26,19.652179718017578,19.74813762679696,18.730983793735504,18.730983793735504,93080000
2001-01-29,19.805713653564453,19.84409681955973,19.49864832560221,19.517839908599854,84983800
2001-01-30,19.460277557373047,19.882492652306187,19.306744795579174,19.805726271409252,57276800
2001-01-31,18.750173568725586,19.575411504708388,18.730981988819007,19.345112545829465,81898800
2001-02-01,19.153200149536133,19.229966482800805,18.53906948341874,18.67341056663192,71792800
2001-02-02,18.67341423034668,19.460269300690168,18.654222643265133,19.19158708154849,71100000
2001-02-05,19.018863677978516,19.057246853917928,18.500690802796456,18.654223506554104,51399200
2001-02-06,19.210779190063477,19.594610942112695,18.942096963629023,19.057246489243788,96442000
2001-02-07,19.863290786743164,19.97844029855037,18.980477862887913,19.038052618791514,126061800
2001-02-08,19.114818572998047,19.8057156298534,19.038052233347454,19.575416610901616,88041200
2001-02-09,18.155237197875977,18.903708921678472,17.96332137125995,18.826942591032065,100575200
2001-02-12,18.040096282958984,18.251203792653186,17.560306488199437,18.05928787474937,71289400
2001-02-13,17.86736488342285,18.750177756287997,17.84817329923013,18.308771319855424,76070600
2001-02-14,17.924936294555664,18.116852100707224,17.310805714870675,17.694637327173794,61728400
2001-02-15,18.059282302856445,18.48149719197742,17.771408514819413,18.11685706046385,65627800
2001-02-16,17.59868812561035,17.886561977174313,17.23404791362933,17.502730175089027,66958400
2001-02-20,17.157278060913086,17.88655833643288,17.00374537132997,17.61787612966243,60730800
2001-02-21,17.272430419921875,17.828986511230468,16.946173400878905,16.965364990234374,63947200
2001-02-22,16.9461612701416,17.445142236193337,16.54313818217674,17.291609631254342,100816400
2001-02-23,17.425960540771484,17.656259578755247,16.67748866732425,16.715871840321544,92620600
2001-02-26,18.289583206176758,18.404732733183117,17.617877631972995,17.69464398331057,87936800
2001-02-27,18.23200225830078,18.788558116712068,18.01609696839985,18.23200225830078,99148600
2001-02-28,18.116857528686523,18.447912393485087,17.867366905939782,18.28958180597273,84608400
2001-03-01,18.227203369140625,18.270384424766384,17.272422250304356,17.982510720594647,81781600
2001-03-02,17.406763076782227,17.848169417207796,17.329996756708212,17.656253617022763,79800800
2001-03-05,17.637067794799805,18.00170793419175,17.368385586826793,17.579493035948445,49383600
2001-03-06,18.25119972229004,18.42392400988269,17.924942734615033,18.001709084656213,66781800
2001-03-07,18.635032653808594,18.769373774896813,18.212817701817052,18.385542000359045,59743600
2001-03-08,18.193620681762695,18.606239716211952,17.944130102793373,18.519877592722573,54626000
2001-03-09,17.406763076782227,17.867360997226296,16.85020725624564,17.790594677152285,103794400
2001-03-12,15.948206901550293,16.888594552784905,15.852248977954924,16.792636629189538,114376000
2001-03-13,16.63911247253418,16.81183682346014,15.967406663377668,16.024981447019655,91035600
2001-03-14,16.581533432006836,16.965365224414402,16.024977333015865,16.120935281117756,90686200
2001-03-15,16.485580444335938,17.219658968196065,16.42800565815083,16.984561924606876,71638400
2001-03-16,16.754255294799805,16.926979576189492,16.11613503299901,16.120932929704278,112848800
2001-03-19,16.677494049072266,17.042134310214234,16.312853787930294,16.735068827147312,61036400
2001-03-20,16.178510665893555,17.23404813519859,16.15931907554255,16.754258376423575,91822800
2001-03-21,15.372467041015625,16.35123835074321,15.276509069473704,16.044172841809065,124988600
2001-03-22,16.581533432006836,16.600725021627213,15.506804413265652,15.52599600288603,126363200
2001-03-23,17.368385314941406,17.50272641682493,16.696679805523782,16.86940407937403,99519600
2001-03-26,17.21485710144043,17.656263693785057,17.061324373668384,17.541114147956023,63118600
2001-03-27,17.88655662536621,17.982514547176113,17.157276419610934,17.21485117269688,95135600
2001-03-28,17.06131935119629,17.79059959342965,17.003744595230497,17.617875325532275,78681600
2001-03-29,17.00374412536621,17.560300084322893,16.754253523075285,17.00374412536621,86985000
2001-03-30,16.79264259338379,17.253240790230887,16.543151903424945,17.11889964948382,91201600
2001-04-02,17.138084411621094,17.48353292159778,16.773444317756816,16.831019069419597,75924000
2001-04-03,16.389617919921875,16.984557212097027,16.197702019220216,16.984557212097027,94187600
2001-04-04,15.948206901550293,16.888594552784905,15.679524715483259,16.38961335008899,104046600
2001-04-05,17.425960540771484,17.617876405757954,16.42799804284184,16.504764388836428,113364000
2001-04-06,17.25324249267578,17.560307987539865,16.907793810953684,17.310817272962797,92622000
2001-04-09,17.548791885375977,17.631698530562627,17.09126382472607,17.37069335248781,56295600
2001-04-10,18.325664520263672,18.451561296714964,17.74223974859479,17.79444147956132,109199400
2001-04-11,18.43620491027832,18.884520064837147,18.33180263867517,18.62351497150998,109879600
2001-04-12,19.093324661254883,19.13324348704536,18.224329108230172,18.288813725695224,87520000
2001-04-16,18.6664981842041,18.909080030447242,18.46076384265579,18.853808187724475,65857400
2001-04-17,18.87837791442871,19.071829416363133,18.436204224225694,18.583595454293366,85149200
2001-04-18,20.091285705566406,20.361502366976623,19.345116820220426,19.464872117880166,156696400
2001-04-19,20.89274024963379,21.187522895752128,20.189559860807282,20.20798304408836,159375600
2001-04-20,21.187511444091797,21.83234828036739,21.033978752467945,21.586697379403,192919600
2001-04-23,20.95720863342285,21.02476338041015,20.542670909218334,20.91421967492594,92171200
2001-04-24,20.742271423339844,21.473086327661512,20.616373468346122,20.941862085298254,89176600
2001-04-25,21.39938735961914,21.430093429473093,20.65014707302323,20.748407902189665,76744000
2001-04-26,21.2274227142334,21.801635651534095,20.957206101650733,21.516064837319195,118737600
2001-04-27,20.610233306884766,21.396320088598426,20.33080263020547,21.350259803761645,121572400
2001-04-30,20.803674697875977,21.205929503248612,20.78218021994131,21.043185264211512,74368200
2001-05-01,21.546777725219727,21.58669772502377,20.75761977134697,20.77604528768845,83702800
2001-05-02,21.42089080810547,21.8477116830654,21.294992823472136,21.8016513876453,92864400
2001-05-03,21.043190002441406,21.54984834523825,20.923434692308707,21.264277449678058,66273400
2001-05-04,21.724878311157227,21.81699887359418,20.868165514297175,20.88044841213698,119538400
2001-05-07,21.91832733154297,22.15476900063644,21.709522766568316,21.749442767770706,109356200
2001-05-08,22.12713050842285,22.139413404735887,21.72487561074332,22.03194099040047,75084000
2001-05-09,21.61740493774414,21.8937642702416,21.451589338245668,21.875338752926357,76676600
2001-05-10,21.49457359313965,21.875333955112936,21.48229069853114,21.841556580620193,64334600
2001-05-11,21.310333251953125,21.494571971737823,21.08003426654165,21.482289078055853,51128800
2001-05-14,21.10154151916504,21.24893164713023,20.97257457151454,21.227437155855146,44968000
2001-05-15,20.96334457397461,21.27962376425626,20.880437983367763,21.107665623106943,61385600
2001-05-16,21.236644744873047,21.45772987077773,20.674714485897834,20.788327187531532,91893800
2001-05-17,20.93264389038086,21.53756299151382,20.742264876878508,21.218214753357035,106984800
2001-05-18,20.90807342529297,21.248916067554,20.650139719107393,20.785249189617243,90605400
2001-05-21,21.12302017211914,21.491497558466722,20.80367201068093,20.89579252862887,103491600
2001-05-22,21.589767456054688,21.602050353142616,21.242784398532272,21.32569102547194,83455600
2001-05-23,21.40245819091797,21.98588293985304,21.344117355930674,21.61433407399433,93637400
2001-05-24,22.02273941040039,22.04116259187949,21.27042748277585,21.47616316109645,80781600
2001-05-25,21.77401351928711,22.07800767746682,21.605126574340822,22.00431262091008,52747600
2001-05-29,21.59897804260254,22.031941359683128,21.509931142605605,21.740230181208567,71210800
2001-05-30,21.24585723876953,21.672677986744738,21.080041630223853,21.35946994525071,86501800
2001-05-31,21.242782592773438,21.611260103196244,21.00327197672632,21.337972108709373,70682600
2001-06-01,21.59897804260254,21.709521768549795,21.095390998941905,21.37175031381005,57587600
2001-06-04,21.734085083007812,21.807780110994063,21.43316235214238,21.663461364481776,43736600
2001-06-05,22.292938232421875,22.440330593473924,21.648101631103636,21.72793925762025,89454200
2001-06-06,22.21925163269043,22.563165710160053,21.970529418422167,22.381995913272032,80022800
2001-06-07,22.62457275390625,22.639926956915563,22.133268713000202,22.14555160686316,66960000
2001-06-08,22.4741153717041,22.64607123069979,22.12406103433552,22.630717024979656,51867000
2001-06-11,22.145557403564453,22.36971383275066,21.958247322889367,22.36971383275066,47345600
2001-06-12,22.133264541625977,22.234596639855855,21.743290348822022,21.807773772407756,66714600
2001-06-13,21.706449508666992,22.200824890624105,21.691095304666792,22.124058556068313,55302400
2001-06-14,21.156810760498047,21.66346924038852,21.00327802978721,21.562137075865714,71972400
2001-06-15,20.886585235595703,20.972565506255453,20.389140840325588,20.729983585163247,108354400
2001-06-18,20.536527633666992,20.868158739509063,20.2693823062296,20.865087430365396,56846800
2001-06-19,20.67163848876953,21.141448081717517,20.527317404876207,20.944926452546106,63457400
2001-06-20,21.313405990600586,21.368675501792882,20.604083474905853,20.61636636941167,64108400
2001-06-21,21.445446014404297,21.663464505963734,21.162946413888662,21.233572485379092,69603800
2001-06-22,21.13530921936035,21.68188518347067,21.058542879620752,21.49457512708822,51092000
2001-06-25,21.141448974609375,21.436231430816388,20.809817832855472,21.218215312456703,49215600
2001-06-26,21.537572860717773,21.5590673508892,20.788332330073114,20.8251810315343,63077000
2001-06-27,21.844635009765625,21.964390342827112,21.298058906516086,21.451591625079367,69199800
2001-06-28,22.335935592651367,23.3830296867456,21.65732136856179,21.97052937520189,128975600
2001-06-29,22.415773391723633,22.541671325691038,21.924469237983878,22.292946767607944,94283800
2001-07-02,21.678810119628906,22.461827586460657,21.54063166911618,22.12405621864549,72810200
2001-07-03,21.638900756835938,21.740232908788116,21.473085147111444,21.586700197123577,28037400
2001-07-05,21.03704833984375,21.715662500132545,21.0155538584852,21.56212982107926,49242600
2001-07-06,20.284744262695312,21.003278682984536,20.16498891643438,20.972572604432127,67467800
2001-07-09,20.171133041381836,20.545753318727712,19.971540001827613,20.327734756489665,66476600
2001-07-10,19.799575805664062,20.343080472004868,19.759655808791486,20.235608062584124,66562600
2001-07-11,20.419857025146484,20.496623404940266,19.713605393954076,19.716676705108544,73822600
2001-07-12,21.985881805419922,22.124062638753248,21.595909784710592,21.70952248147632,128078000
2001-07-13,21.906042098999023,22.108706365186862,21.783217826704025,21.924467614021534,58934600
2001-07-16,21.856914520263672,22.157839632798566,21.54063754388621,21.939821144637925,55990800
2001-07-17,22.053428649902344,22.111771803657078,21.537558877980327,21.69723413792311,63241000
2001-07-18,21.669605255126953,21.95517617176938,21.45466041151355,21.67881684232137,57590800
2001-07-19,22.283735275268555,22.415773486776295,21.869197467002913,21.869197467002913,76549400
2001-07-20,21.242782592773438,21.310337349652954,20.862022186306817,20.88965694536323,124203600
2001-07-23,20.60101890563965,21.26121005930603,20.37379113974634,21.26121005930603,79999400
2001-07-24,20.364574432373047,20.877373017564654,20.174193067186902,20.573378969353005,67530200
2001-07-25,20.720766067504883,20.733046617075182,20.146553152123683,20.346146052112392,74065400
2001-07-26,20.447484970092773,20.67164375504413,20.112784790453436,20.610231608803787,77974000
2001-07-27,20.10357093811035,20.343081561279174,19.9746040398999,20.281669421956945,65396000
2001-07-30,20.20490074157715,20.5365295354065,20.12506309550588,20.158840471046698,42196400
2001-07-31,20.324655532836914,20.69313300245279,20.22025209938809,20.26938367812227,59031600
2001-08-01,20.4106388092041,20.51503992732799,20.192622642483716,20.511970959893684,55679000
2001-08-02,20.711551666259766,20.73918875896453,20.346145585508207,20.63785665691723,54198400
2001-08-03,20.53960609436035,20.683927218970865,20.266318053481267,20.665504043139148,43260400
2001-08-06,20.306236267089844,20.61023273291258,20.16805775915103,20.42906290899287,27831600
2001-08-07,20.3737850189209,20.588732164437317,20.263241308134774,20.278595512358322,31347800
2001-08-08,19.916263580322266,20.647078445778035,19.802648530106016,20.422921998270127,54996400
2001-08-09,19.962324142456055,20.1281397548043,19.744307969569462,19.953112554446147,45536200
2001-08-10,20.118927001953125,20.223330471865516,19.314417032343,19.88862791732914,51756400
2001-08-13,20.214111328125,20.263240562932804,19.882480207962708,20.032941564384974,32675400
2001-08-14,19.864057540893555,20.293947141560274,19.790360172731297,20.189546050747676,36481200
2001-08-15,19.406530380249023,19.97460198132623,19.406530380249023,19.870198543970673,39503000
2001-08-16,19.842567443847656,19.870202205970728,19.253001253295857,19.295990222858283,43905600
2001-08-17,19.001201629638672,19.69209740282708,18.884516484355828,19.58462501333051,52234200
2001-08-20,19.25300407409668,19.268357112423875,18.761698648094328,18.93365572289941,48371200
2001-08-21,18.66343879699707,19.406537839731985,18.641944307915157,19.253005105511576,47111800
2001-08-22,18.626590728759766,18.77705331933288,18.141427911796825,18.770911869578693,78107200
2001-08-23,18.153711318969727,18.893739098048133,18.116863788398376,18.62966259100273,51813200
2001-08-24,19.053403854370117,19.12402874104911,18.187479701020656,18.301093547298922,63399000
2001-08-27,19.133251190185547,19.455669721872404,18.9060222111579,19.007354385570224,44562800
2001-08-28,18.651147842407227,19.32976191084735,18.602017438614304,19.14245188033645,47422800
2001-08-29,18.500682830810547,18.82310113549852,18.28266676654508,18.746334816698475,48170000
2001-08-30,17.484296798706055,18.319514743606188,17.35532994205235,18.129134596057867,97632000
2001-08-31,17.518077850341797,17.828214507451566,17.287778839588764,17.456664546535386,57900800
2001-09-04,17.226367950439453,18.14142384556151,17.21715636355375,17.561069273170787,67189200
2001-09-05,17.72995948791504,17.929551326354247,17.008354982094673,17.250936967209842,89470600
2001-09-06,17.201799392700195,17.92954387420788,17.164951882226212,17.36761494687498,112356800
2001-09-07,17.01142120361328,17.61326902069476,16.983785274698246,17.229437325408913,89863800
2001-09-10,17.680818557739258,17.79443237804455,16.796470264718234,16.864023826633286,84471800
2001-09-17,16.246822357177734,16.919294834085978,16.213044992204818,16.587664972652107,127502000
2001-09-18,16.679798126220703,16.888602763183563,16.326672327172997,16.40036856372069,83182600
2001-09-19,16.5416202545166,16.796485214087518,15.537515801631482,16.722788969343497,126950200
2001-09-20,15.58663272857666,16.15470418595111,15.558996807176163,16.07486655907809,117983200
2001-09-21,15.264223098754883,15.537511159337303,14.585608741588826,14.714575667155565,184976600
2001-09-24,15.970465660095215,16.10557514111066,15.31334610870205,15.55285783806527,85580200
2001-09-25,15.752450942993164,16.274462229923333,15.402396659805067,16.05030468316887,84940600
2001-09-26,15.436176300048828,15.90598594160491,15.215088858675882,15.816936703122872,58524400
2001-09-27,15.340987205505371,15.562074669820152,14.739139298605743,15.383976174375123,81191200
2001-09-28,15.712525367736816,15.841493357938717,15.04005301657779,15.236574552732352,116641200
2001-10-01,15.902913093566895,16.120929188127253,15.479162626926405,15.64190687056143,69999600
2001-10-02,16.289823532104492,16.443356272598148,15.832296621396033,15.853791111356196,80860800
2001-10-03,17.266281127929688,17.481227065348723,16.09022167553421,16.114786289643206,97199200
2001-10-04,17.330768585205078,17.932617584112922,17.260143692607816,17.478159818194328,101778000
2001-10-05,17.723817825317383,17.809795774912246,16.870175093373213,17.244795310370908,80844400
2001-10-08,17.822071075439453,18.00938110407935,17.42288640218918,17.441309571326737,60605800
2001-10-09,16.753488540649414,17.677754873455385,16.639873499981444,17.656260389299074,99477600
2001-10-10,17.045196533203125,17.118892730311064,16.274463044062536,16.458701779790417,86349200
2001-10-11,17.293914794921875,17.45358886556488,16.762692052720077,17.12195783314611,83742600
2001-10-12,17.312347412109375,17.39218389993615,16.75041717330468,17.103542848425157,63307000
2001-10-15,17.828210830688477,17.963319134109735,17.149595662054338,17.16494986336041,68437000
2001-10-16,17.947975158691406,18.08922497962162,17.567213498616816,17.769876641670248,66169000
2001-10-17,17.204866409301758,18.208969965608947,17.18951338033629,18.15369812424444,73710600
2001-10-18,17.425960540771484,17.68082537172703,17.042128810798545,17.30006378019482,78348000
2001-10-19,17.779085159301758,17.81286136561695,17.08204663794359,17.62555247630731,91219600
2001-10-22,18.473052978515625,18.47919442660073,17.647047538532785,17.779085743958937,72323600
2001-10-23,18.555965423583984,18.866101015799806,18.23968838174307,18.56824832283417,80325000
2001-10-24,18.829252243041992,18.921371638597208,18.307240773080217,18.57745868188896,79141400
2001-10-25,19.21001625061035,19.222297979191822,18.291889978681887,18.61123834903629,75318200
2001-10-26,19.099464416503906,19.53856794719981,19.06261690361903,19.13631192938878,64509400
2001-10-29,18.313385009765625,19.099473058967458,18.282678930360692,19.06876580820068,55129400
2001-10-30,18.080015182495117,18.282678345626703,17.868139258747227,18.09229691104718,57395600
2001-10-31,17.855854034423828,18.648082181979063,17.840499826856593,18.208978552600193,64700000
2001-11-01,18.98891830444336,19.11481503128897,18.301091513219752,18.448483888837156,109671200
2001-11-02,18.85381317138672,19.351258716021242,18.580524022858,19.01655743388832,83360000
2001-11-05,19.42802619934082,19.661395366329504,18.961286694002013,18.995064072291747,66401600
2001-11-06,19.891695022583008,19.940826608090127,19.08718405168745,19.25299963868957,68612000
2001-11-07,19.728946685791016,19.97459987733343,19.661391940980728,19.719735101084606,58899000
2001-11-08,19.78114891052246,20.28473588757768,19.547779764336383,19.793431805416816,74227800
2001-11-09,20.023740768432617,20.158850336718046,19.62455585680058,19.756592942792928,48013600
2001-11-12,20.201831817626953,20.401424785012175,19.544712085784862,19.86712933212442,57752800
2001-11-13,20.849733352661133,20.865085211301828,20.450547544447776,20.511962007177175,60159600
2001-11-14,20.25095558166504,20.984841460658505,20.201826351920058,20.951066432990135,88625600
2001-11-15,20.30316734313965,20.588738290520332,20.097431721852626,20.297024722533465,77922000
2001-11-16,20.189552307128906,20.453628768069677,19.943899022576403,20.37686240948744,59249000
2001-11-19,20.43212890625,20.564167101984804,20.174192791053365,20.343079672594182,56005000
2001-11-20,20.08207130432129,20.81902850078417,19.968456298720486,20.404488467152188,65921800
2001-11-21,19.66753578186035,19.836420311661985,19.492507462029664,19.762725286707138,50785200
2001-11-23,19.870197296142578,19.90090336071083,19.535496038359007,19.768865174617048,15754600
2001-11-26,20.002233505249023,20.177260632983483,19.775005838635693,19.956173241587884,41983600
2001-11-27,19.57234764099121,19.980743983201698,19.268352402430324,19.89476605249664,90819000
2001-11-28,19.283706665039062,19.68903406605299,19.262212180993973,19.397320533757597,54536600
2001-11-29,19.910120010375977,19.928545527981903,19.32976774569876,19.381968303015377,54034400
2001-11-30,19.7166690826416,19.983816824425254,19.630691145347484,19.854849918484078,48234200
2001-12-03,19.88862419128418,20.02987633165389,19.590771560831154,19.599984319016112,47211800
2001-12-04,20.266311645507812,20.290877433998197,19.68288705383505,19.95924631754557,51005800
2001-12-05,20.911144256591797,20.932638731616535,20.02065451194026,20.416768988300767,74243000
2001-12-06,21.080036163330078,21.187508564314683,20.742264756211615,20.874302946770598,56026200
2001-12-07,20.828248977661133,21.138383379645152,20.43520559646382,20.957215897855875,42334800
2001-12-10,20.59180450439453,21.018625213236035,20.530392362885276,20.73305430404424,38367400
2001-12-11,20.67163848876953,20.920360663219025,20.594872154164367,20.776041922048314,54334000
2001-12-12,20.865089416503906,20.87430334481197,20.343079263068944,20.622509853679873,47884200
2001-12-13,20.34922218322754,20.954141370974497,20.287810042863814,20.613298603692943,53227800
2001-12-14,20.708484649658203,20.865086266412266,20.244815389173706,20.272450141757716,43000600
2001-12-17,21.181373596191406,21.221291257210886,20.622514628302543,20.625583595726425,57079800
2001-12-18,21.270421981811523,21.310341988324108,21.064688699421733,21.162949546438007,47255200
2001-12-19,21.337970733642578,21.460797343442582,21.01862248525165,21.070825375754495,56996200
2001-12-20,20.499683380126953,21.26427544410423,20.4566944186325,21.233569377711436,78585000
2001-12-21,20.73919677734375,20.886586853014126,20.573381185172316,20.88351788586646,84307600
2001-12-24,20.656286239624023,20.889656574871697,20.634791757609293,20.794467060624008,11701600
2001-12-26,20.782182693481445,21.209003336644066,20.69313346208974,20.702345047626352,29328000
2001-12-27,20.834379196166992,21.098455529666595,20.653211801850077,20.874299182707627,32406600
2001-12-28,20.840524673461914,21.141447383247627,20.788321787185893,20.951068379059024,28787200
2001-12-31,20.343090057373047,21.027847176140508,20.343090057373047,20.831323094242517,43006200
2002-01-02,20.585664749145508,20.6071592334909,20.11585506079402,20.46590943026074,48124000
2002-01-03,21.258134841918945,21.26427511801426,20.601012849032138,20.60715546785012,67590800
2002-01-04,21.156810760498047,21.46694753249653,21.0861846735727,21.264283203450923,52731400
2002-01-07,21.052396774291992,21.50071184300466,20.987913340715757,21.41780524061304,58508800
2002-01-08,21.3041934967041,21.451585897972567,20.880444149981717,21.09231999470428,47736400
2002-01-09,21.098459243774414,21.68495516805658,21.04933000755874,21.40859589333521,76304000
2002-01-10,21.27350616455078,21.4331816017723,20.920380226602028,21.027855069730855,50296600
2002-01-11,21.067758560180664,21.5928401449251,20.911154540712708,21.347186872925295,72993200
2002-01-14,21.02476692199707,21.19979409470968,20.80060816402755,20.972566369703802,50997800
2002-01-15,21.35638427734375,21.37787874630661,21.03396490017944,21.08309645364964,60717400
2002-01-16,20.840524673461914,21.445441402278405,20.83438205497178,21.141447383247627,61955400
2002-01-17,21.451587677001953,21.49457664286986,21.003272502434562,21.04319015853392,78958000
2002-01-18,20.29702377319336,20.834388257656922,20.088219194092872,20.60408919288682,107140400
2002-01-22,19.793437957763672,20.459769399518628,19.728954496567066,20.453629121524212,76837200
2002-01-23,19.57234764099121,19.870200260088648,19.418814952525633,19.667538329529997,80403000
2002-01-24,19.83642578125,20.01452428816118,19.590773678063567,19.682893070338277,83886000
2002-01-25,19.59076690673828,19.913185253940348,19.50171768406154,19.710523363800736,48981200
2002-01-28,19.596914291381836,19.775012790698266,19.317484816292822,19.722812233467874,41622000
2002-01-29,19.13631248474121,19.80571504027652,19.034981528526767,19.62147629914407,58666000
2002-01-30,19.299060821533203,19.314415029338534,18.832322422563415,19.176235358621742,66100000
2002-01-31,19.56313705444336,19.593844298361503,19.074903004079925,19.363545240102553,69566200
2002-02-01,19.24071502685547,19.805715324837056,19.182373031309606,19.6982429195259,63462200
2002-02-04,18.767831802368164,19.24992425520129,18.65421796332985,19.160876203717866,70308400
2002-02-05,18.777048110961914,19.10867810616812,18.577455149080112,18.66957452711731,66772600
2002-02-06,18.546751022338867,19.004277822090852,18.500690742816275,18.918299883101017,66103000
2002-02-07,18.362506866455078,18.91829554654509,18.34715383392071,18.51603953452136,63314000
2002-02-08,18.623512268066406,18.626582405890794,18.064653475128484,18.460766850704047,61283000
2002-02-11,18.770902633666992,18.804680005014532,18.298021777523847,18.42698864482042,50899600
2002-02-12,18.466907501220703,18.684923589547516,18.430059992111108,18.574381062218723,44973800
2002-02-13,18.9827823638916,19.001206709028136,18.4085704111269,18.503759932595234,54168600
2002-02-14,18.939790725708008,19.342046752584842,18.829247013200707,19.03805154318976,57267000
2002-02-15,18.494550704956055,19.056481004006937,18.485339116893467,18.945937261809277,50179800
2002-02-19,18.095365524291992,18.466914406087405,17.994033372150533,18.39628949915319,52262600
2002-02-20,18.393217086791992,18.534466883201024,18.05544445943299,18.239684393818305,50492000
2002-02-21,17.825143814086914,18.506829284312,17.81286091862884,18.337943571528335,59398400
2002-02-22,17.80672836303711,18.040097621119592,17.54879330338705,17.825151542850897,71347800
2002-02-25,18.141422271728516,18.390144466956926,17.776013738809496,17.7913667727409,51832200
2002-02-26,17.97867202758789,18.423916920778932,17.779080297096108,18.147557698422812,63276200
2002-02-27,17.929550170898438,18.46998598066532,17.806724702396252,18.138354755849964,65750000
2002-02-28,17.9141902923584,18.331799302777313,17.852776995880113,18.04929860752167,68068000
2002-03-01,18.8446044921875,18.859957528910915,18.070799493438912,18.13221281169419,62115600
2002-03-04,19.43723487854004,19.49864817793966,18.691066043533603,18.804681057399343,74464200
2002-03-05,19.369693756103516,19.615345940269282,19.142464753648923,19.345127952005935,55926400
2002-03-06,19.538570404052734,19.56006488688515,19.096395508388266,19.317482956220502,49835400
2002-03-07,19.259136199951172,19.615331904964297,18.995059851666046,19.55084730102964,58079200
2002-03-08,19.6368350982666,19.86713300662337,19.39732325883345,19.538574251295657,57701800
2002-03-11,19.756582260131836,19.95924650297658,19.34511584134653,19.50171864466323,43718200
2002-03-12,19.203866958618164,19.28370343292413,18.93671926507143,19.197725511154424,66407200
2002-03-13,19.068769454956055,19.351270359227303,19.0227103270402,19.06262917499026,44387400
2002-03-14,18.79854393005371,19.111750774738663,18.74634220359212,19.081043532301983,51819600
2002-03-15,19.18851661682129,19.19465689378487,18.72177708636894,18.73098867317581,69086800
2002-03-18,19.081043243408203,19.342049529041365,18.792402197042723,19.26528318115423,52296800
2002-03-19,19.108680725097656,19.34512123632727,18.88452311165281,19.093327688547493,36376400
2002-03-20,18.454627990722656,19.044194101357927,18.454627990722656,18.85381390280425,55235200
2002-03-21,18.84153175354004,18.91215664981187,18.37172210073283,18.48840610081944,46123400
2002-03-22,18.562097549438477,18.77397218395135,18.49147267126752,18.746336260200877,41341400
2002-03-25,18.187480926513672,18.6634319948578,18.16291630709945,18.57131262217206,47752400
2002-03-26,18.141422271728516,18.706421417117202,17.904981800828388,18.147562548211955,69357200
2002-03-27,18.251962661743164,18.387072155638982,17.990957601671955,18.055441039379723,47318400
2002-03-28,18.51910972595215,18.623511980789505,18.319516800969748,18.408566024199512,43901200
2002-04-01,18.540607452392578,18.54674890038371,18.178270220445746,18.37172173240143,47010000
2002-04-02,17.588699340820312,18.1444879343912,17.536498804057214,18.086145951298125,76509400
2002-04-03,17.296995162963867,17.69003851418726,17.04213030959386,17.637836785212013,76931400
2002-04-04,17.33384132385254,17.493515465595397,17.017563178836596,17.18952021718156,61763800
2002-04-05,17.15574073791504,17.594844281135877,17.1465291522714,17.468947534773626,50166000
2002-04-08,17.570287704467773,17.597923645409402,16.661372964255275,16.673655864976418,73389600
2002-04-09,16.848678588867188,17.634766454099033,16.82718410404177,17.604060381880313,63413000
2002-04-10,17.287782669067383,17.536506077466353,16.90702220957444,16.92544538484441,75636400
2002-04-11,16.82410430908203,17.333832546337945,16.7350551108518,17.161875595068626,58165800
2002-04-12,17.174161911010742,17.27549284847384,16.84560214159585,16.934651357587846,52297600
2002-04-15,17.1004695892334,17.425959294665265,17.011421524482103,17.195660273149866,47388800
2002-04-16,17.751453399658203,17.84050148647938,17.306208280105576,17.318491178757355,51921600
2002-04-17,17.38911247253418,17.89576963725241,17.324627853704108,17.794438672853342,55158600
2002-04-18,17.30927848815918,17.597920750819345,16.176207438649136,17.438246581794118,74794800
2002-04-19,17.564136505126953,17.803647079439376,17.459734249669523,17.63783152582559,104268600
2002-04-22,17.069761276245117,17.410603970671794,16.88859268962919,17.355332119069566,51465200
2002-04-23,16.578458786010742,17.140387768220112,16.366582944531327,17.1035402541477,68281400
2002-04-24,16.280603408813477,16.713565463208226,16.27446196184943,16.535467015334596,61220400
2002-04-25,16.49862289428711,16.719710344966675,16.23761778718266,16.24375923540837,57290400
2002-04-26,15.813865661621094,16.719708686219235,15.801582766388256,16.603023524229975,62776600
2002-04-29,16.04109764099121,16.246830904812434,15.795444374260407,15.804657133147845,70246000
2002-04-30,16.04723358154297,16.366581804897372,15.942831322806384,15.998103175747003,77384000
2002-05-01,16.19770050048828,16.332808860223984,15.555933741860917,16.016531860358214,76413000
2002-05-02,15.724820137023926,16.603027440159636,15.706396961190803,16.16392378859178,79009200
2002-05-03,15.218160629272461,15.869138905812529,15.202806423208731,15.740170837318278,71628000
2002-05-06,14.92951774597168,15.519083856971623,14.852751404579491,15.181311252029147,66299400
2002-05-07,15.190526008605957,15.442319547799631,14.846611910529395,15.101476759745335,88385400
2002-05-08,16.879383087158203,16.879383087158203,15.727887995813658,15.743241029425976,101242000
2002-05-09,16.00424575805664,16.888594296471222,15.936692177396477,16.704355554508805,83288200
2002-05-10,15.368620872497559,16.173131779276353,15.350197700762124,16.130142816745167,64408800
2002-05-13,16.17927360534668,16.246828360253463,15.276501856995255,15.491447846039328,64819000
2002-05-14,16.85174560546875,16.919299181411148,16.575386340463986,16.704354387919967,64832400
2002-05-15,16.811830520629883,17.33077062094639,16.53854250415073,16.731994032643318,70412000
2002-05-16,17.115827560424805,17.204875644769377,16.781126195323512,16.79954937142711,53406400
2002-05-17,17.204866409301758,17.318481400640483,16.971497323487966,17.260138250666266,54646200
2002-05-20,16.584604263305664,17.057485332419986,16.4280014008648,17.042132294355074,52115800
2002-05-21,16.025739669799805,16.765767092201735,16.00731649907462,16.56617532405726,63120000
2002-05-22,16.486337661743164,16.49555041845703,15.921337390014113,15.927478837369586,54169400
2002-05-23,16.833322525024414,16.839463972635837,16.277533815484865,16.48940965831422,51412800
2002-05-24,16.35429573059082,16.741198625943674,16.286742167857643,16.624513495606667,35982000
2002-05-28,16.06566047668457,16.486339716391416,15.890633305005025,16.45563364714855,49602000
2002-05-29,15.982749938964844,16.188484315912635,15.829217276397724,15.859924511727902,45393200
2002-05-30,16.163921356201172,16.385008803821904,15.792372528897472,15.85685597733303,63213000
2002-05-31,15.632696151733398,16.40342962687569,15.623484566522702,16.243756683537587,66468000
2002-06-03,15.175165176391602,15.856850454905643,15.098398858409789,15.657258730969561,88439000
2002-06-04,15.347129821777344,15.730961603548572,15.119902062931295,15.19973855814059,88008400
2002-06-05,15.862997055053711,15.89063298536097,15.454600719803587,15.485306788428794,66969400
2002-06-06,15.936699867248535,16.01039493104865,15.353274950581664,15.813873199099113,78703400
2002-06-07,15.961258888244629,16.151639102738606,15.310280587117097,15.319492174014085,97834400
2002-06-10,16.219196319580078,16.36658758905792,15.801587137045338,15.859930319858144,71825400
2002-06-11,16.142423629760742,16.636798977817424,16.096363363641203,16.348158001370475,74368200
2002-06-12,17.054410934448242,17.12810596730106,16.120931928328748,16.145497720187304,136198600
2002-06-13,16.649084091186523,17.03598592699744,16.642942643461097,16.83946428522927,79771600
2002-06-14,16.965362548828125,17.057481930205572,16.274465431455035,16.3205257078245,109433600
2002-06-17,17.09740447998047,17.330773708359434,17.00221376806495,17.091263030370268,94486600
2002-06-18,17.192596435546875,17.284715843640008,16.996073547889875,17.05134542701812,77518400
2002-06-19,16.692081451416016,17.17724435218853,16.679798549785833,17.03292435780078,81247000
2002-06-20,16.612245559692383,16.919311105500835,16.55083338762037,16.695153397624114,86401200
2002-06-21,16.053380966186523,16.750419661534178,16.053380966186523,16.397295105319532,116820000
2002-06-24,16.630659103393555,16.778050329006692,15.921337731979087,15.995033930466322,104523200
2002-06-25,16.259109497070312,16.888593190819513,16.21304922891448,16.796473825869118,84025200
2002-06-26,16.62144660949707,16.701283079747366,15.675684832629416,15.675684832629416,112131400
2002-06-27,16.864023208618164,16.8701646542692,16.231469534254323,16.76576242092357,95812400
2002-06-28,16.796478271484375,17.13117961743502,16.581532248801665,16.750417991137514,89555600
2002-07-01,16.170063018798828,16.70128599072273,16.145498397271545,16.618378196765384,66473800
2002-07-02,15.79544734954834,16.24990410442491,15.76167113180415,16.08408964091827,82814200
2002-07-03,15.918262481689453,16.127066943756507,15.491441974963289,15.734023801682506,80936600
2002-07-05,16.8425350189209,16.857889224458045,16.28981758906487,16.30210048495002,35673600
2002-07-08,16.249900817871094,16.867102943486834,16.145499703730387,16.707428790873845,63199400
2002-07-09,16.338947296142578,16.805686777383436,16.265252266734816,16.369654534530287,85277200
2002-07-10,16.04109764099121,16.642945567486187,16.007320258247645,16.48634155137722,90673400
2002-07-11,16.246822357177734,16.29595275040353,15.73709408819975,15.979675917222536,129550600
2002-07-12,15.924412727355957,16.498624729680998,15.807727540809791,16.388080992043747,95733800
2002-07-15,15.905989646911621,15.924413995105136,14.739141202641509,15.780092862660192,136965600
2002-07-16,15.73710823059082,16.213059562316772,15.549798072038058,15.755532583868181,97154600
2002-07-17,15.967403411865234,16.36658826288952,15.712538525922216,16.127077586547294,98034800
2002-07-18,15.694110870361328,16.19462773939511,15.555931222915019,15.98582319911211,91053600
2002-07-19,15.218160629272461,15.626556974887755,14.987861594654085,15.313350147243387,112543400
2002-07-22,14.588672637939453,15.350195651904643,14.09429846345571,15.030847442352947,180069800
2002-07-23,13.20688533782959,14.37066374924559,13.194603609275232,14.275474203299828,168061600
2002-07-24,14.195627212524414,14.23554602538332,12.715572713071218,12.819974951144562,202307800
2002-07-25,13.151609420776367,14.035956779883847,13.031852951079301,13.956120304780482,163411400
2002-07-26,13.925413131713867,13.943837474374527,13.412614560286356,13.431038902947014,123538000
2002-07-29,14.815898895263672,14.831251924095369,14.293887715458862,14.38600705981006,112148600
2002-07-30,14.769844055175781,14.994002809514722,14.533404747444441,14.600958333355633,122690600
2002-07-31,14.732993125915527,14.739134572550764,14.235547662073069,14.619379291566577,93875600
2002-08-01,14.048237800598145,14.766770666106137,13.97147147381892,14.61016787487544,92002800
2002-08-02,13.636775016784668,14.078948792159126,13.4494649264436,13.974546504331068,85947600
2002-08-05,13.507804870605469,13.87014089545689,13.452533015497673,13.599924238664688,78941600
2002-08-06,14.023674011230469,14.508837827832608,13.768810379129885,13.787234721871188,88715800
2002-08-07,14.459704399108887,14.524187828196139,13.86706830200541,14.432068476448476,86349400
2002-08-08,15.018569946289062,15.046205881497299,14.250906380906546,14.46585241348598,88748000
2002-08-09,14.77599048614502,15.092268725284333,14.634740647269822,14.78520324701903,69049400
2002-08-12,14.883460998535156,14.969438939660572,14.616313244847019,14.619384554950981,56866600
2002-08-13,14.4505033493042,15.261156109801727,14.407513193879785,14.736074367847005,100122800
2002-08-14,15.264223098754883,15.270364548262116,14.496559480776524,14.508842379790991,96706000
2002-08-15,15.2826509475708,15.58050487440176,14.969443979136205,15.340992974209426,98745600
2002-08-16,15.353263854980469,15.423888728150052,15.021632793459577,15.178236740742578,69334000
2002-08-19,15.967403411865234,15.982756450104297,15.30721222532996,15.365555410544824,79848200
2002-08-20,15.672616004943848,15.875279092449096,15.583566770840886,15.777018272529059,70317600
2002-08-21,16.053380966186523,16.08408821326717,15.706397859388007,15.832294644014395,81203400
2002-08-22,16.345090866088867,16.41264562795186,16.151639338893084,16.22840568778775,72517600
2002-08-23,16.034954071044922,16.228404411667217,15.918268901919342,16.170062412785143,57929200
2002-08-26,15.99810791015625,16.166994828210715,15.715608286068083,16.120934546675567,55652400
2002-08-27,15.611205101013184,16.105580586172877,15.552863096261756,16.068733065875218,65470200
2002-08-28,15.162888526916504,15.555931831599619,15.138322734693087,15.500659970458376,68875000
2002-08-29,15.531364440917969,15.660331313006987,14.898809460310387,15.012423300678508,94275600
2002-08-30,15.070762634277344,15.500653270108574,15.04619685267279,15.3962510410111,58138400
2002-09-03,14.438214302062988,14.898812371868377,14.432072853902207,14.898812371868377,74452600
2002-09-04,14.803616523742676,14.923371792742643,14.478128084175804,14.57024743176339,80232000
2002-09-05,14.097371101379395,14.591746534901699,14.088159515107515,14.585605086933302,90438800
2002-09-06,14.683869361877441,14.822049045229955,14.576396925581989,14.66237487461835,69918400
2002-09-09,14.954081535339355,15.030847866453662,14.318456407421788,14.50883658060412,81653200
2002-09-10,15.288784980773926,15.297996566994495,14.846610100403842,14.904953270097907,83950000
2002-09-11,14.917237281799316,15.69104103760587,14.90188307513462,15.423894474973572,77443200
2002-09-12,14.478134155273438,14.831258664327944,14.43821532508065,14.785199556900771,63726800
2002-09-13,14.711502075195312,14.818974487943104,14.386012355876872,14.401366561722083,59549200
2002-09-16,14.671578407287598,14.779051955933936,14.44742089797755,14.616306564294867,50166200
2002-09-17,14.521126747131348,15.01550235451683,14.496560946618404,14.94487626372304,73343400
2002-09-18,14.662371635437012,14.81283418437247,14.327670330307658,14.346094674471624,83951800
2002-09-19,14.493489265441895,14.683869513717502,14.306179156222889,14.333815093179163,77777600
2002-09-20,14.573323249816895,14.73913884292658,14.524192833861598,14.650089597957136,130619200
2002-09-23,13.888564109802246,14.343020637170383,13.759597239264265,14.309243264973897,89783800
2002-09-24,14.014460563659668,14.272395470963396,13.704325115899344,13.765738412183318,104142200
2002-09-25,14.2816162109375,14.419795923318931,13.833300851977254,14.24783998912155,107116600
2002-09-26,14.186420440673828,14.585605190564356,14.109654097565596,14.465849882733341,100852200
2002-09-27,13.894707679748535,14.46277813291745,13.876283336273127,14.13728959771508,81011600
2002-09-30,13.43104076385498,13.830225539253293,13.237589238879536,13.778023813496072,115577000
2002-10-01,14.195627212524414,14.201768658453556,13.262148515793466,13.60913259694326,110636600
2002-10-02,14.00525188446045,14.373730567240766,13.867072231997652,14.155713261638821,103488600
2002-10-03,13.756526947021484,14.306174184722211,13.695113644975589,13.910059616455566,105221400
2002-10-04,13.440250396728516,13.992967787795457,13.415684606682218,13.93769593155263,107120400
2002-10-07,13.526228904724121,13.836365574997203,13.415685187452981,13.452533874117622,89790000
2002-10-08,13.814868927001953,14.118862930463703,13.55079257079157,13.741172736591135,115667600
2002-10-09,13.507804870605469,13.95611998749197,13.452533015497673,13.581499896508317,123142600
2002-10-10,14.241689682006836,14.315384701873922,13.280574915084332,13.510873902051111,118515000
2002-10-11,15.006285667419434,15.015498425882292,14.435143839906534,14.542617431988653,108828800
2002-10-14,15.135245323181152,15.14752821339038,14.690000509664117,14.815897205906504,76216200
2002-10-15,16.056453704833984,16.08101833332188,15.552866521533195,15.74017547425903,133374200
2002-10-16,15.479161262512207,15.740166291150095,15.439242446726734,15.473019816132815,95437400
2002-10-17,15.589703559875488,16.120926324874706,15.36861619544168,16.05337159210637,182602400
2002-10-18,16.320528030395508,16.335881067583056,15.703325861745865,16.15164110724752,152817200
2002-10-21,16.124004364013672,16.271396793442957,15.77087984094366,15.958189930788516,112378600
2002-10-22,15.866071701049805,15.945909376336157,15.669549994747651,15.79237664686738,87159000
2002-10-23,16.33587646484375,16.354299635733298,15.792370667736941,15.792370667736941,110866600
2002-10-24,15.730953216552734,16.388072689182376,15.629622289298013,16.385002551964178,95833400
2002-10-25,16.17620277404785,16.213050288163117,15.709463300262865,15.737099228689651,75425800
2002-10-28,15.952051162719727,16.42800239984474,15.81694160826441,16.39729632184769,79906600
2002-10-29,15.98889446258545,16.117862533065487,15.614274319002336,16.013460255576497,90517200
2002-10-30,16.308238983154297,16.394216896076312,15.853782459856033,16.02880959479654,94451200
2002-10-31,16.41878890991211,16.60302769928863,16.22840750001316,16.332809793022964,105973800
2002-11-01,16.27446746826172,16.34816368540391,15.936695970483958,16.099440270330852,105097800
2002-11-04,17.226367950439453,17.579493618303694,17.048270632934052,17.42596092294733,139964200
2002-11-05,17.404468536376953,17.44131605972103,17.066697034439347,17.12810918289226,76658200
2002-11-06,17.511934280395508,17.533428758418438,17.051336314713467,17.49965255821183,115407000
2002-11-07,17.198732376098633,17.38604245574668,17.042129538977374,17.25707555121876,73699600
2002-11-08,16.91930389404297,17.36454897996233,16.891667959844895,17.1956632360237,64522200
2002-11-11,16.53853988647461,16.919300263316387,16.526256991386465,16.91008867768095,58341200
2002-11-12,16.738130569458008,17.020631281263878,16.550821702699537,16.612233831414432,81398600
2002-11-13,16.9991397857666,17.174166960321028,16.615308057118913,16.655226884879486,107370200
2002-11-14,17.499662399291992,17.50273253872413,17.15574821479968,17.19259691615648,78337000
2002-11-15,17.407541275024414,17.478166193382222,17.094334351419032,17.379905335548592,77533600
2002-11-18,17.149599075317383,17.51193627666742,17.11582287126046,17.487371658138624,58086400
2002-11-19,16.845605850219727,17.134246867155834,16.67672013635965,17.057480527095674,76403400
2002-11-20,17.38604164123535,17.47202074492083,16.86710156614032,16.891666187649403,76435400
2002-11-21,17.760663986206055,17.809794406680364,17.43517421846275,17.496587536896037,82922200
2002-11-22,17.877349853515625,17.90191447900554,17.518082688412104,17.64090932994667,70002000
2002-11-25,17.880413055419922,18.006309787036248,17.67774999546776,17.828212514404935,61583000
2002-11-26,17.472023010253906,17.886560862118877,17.435174316170457,17.699250766960372,68650400
2002-11-27,17.83435821533203,17.99710249538843,17.625553658742717,17.686965798971286,55191800
2002-11-29,17.711536407470703,18.00324883831161,17.711536407470703,17.941835510024816,28393000
2002-12-02,17.714601516723633,18.104574693546073,17.50579696265553,18.00938517452426,63735000
2002-12-03,17.41367530822754,17.610196940192317,17.321555939664215,17.58870245990625,58457400
2002-12-04,17.36146354675293,17.637821473916492,17.140376267933625,17.235566884394284,83892000
2002-12-05,16.99300193786621,17.53036647182484,16.980719038820343,17.487377496526026,68435800
2002-12-06,17.032909393310547,17.115817149431606,16.649077839802455,16.848669544810097,71670200
2002-12-09,16.437213897705078,16.956155281051082,16.431072447867408,16.888600504198518,63862800
2002-12-10,16.584604263305664,16.728925398111627,16.421859951366493,16.44642574935973,63730200
2002-12-11,16.784196853637695,16.891669288773446,16.45256678853188,16.535473426287062,69186200
2002-12-12,16.633729934692383,16.907019088144562,16.486338702936493,16.888594744914556,55242000
2002-12-13,16.120935440063477,16.504767236255464,16.11786530109308,16.483272749377647,65245400
2002-12-16,16.728925704956055,16.750420192913534,16.173136814462776,16.274468976000946,60140400
2002-12-17,16.692081451416016,16.885533052324497,16.513982891864277,16.71050463249932,49549800
2002-12-18,16.437213897705078,16.70436169451561,16.20998611052028,16.532404613146255,62709400
2002-12-19,16.308238983154297,16.811825909745313,16.237614101631042,16.351227939615303,82686600
2002-12-20,16.2867431640625,16.495547653706463,16.25910724127547,16.42492277799764,98294600
2002-12-23,16.581533432006836,16.667511378670394,16.243761923232846,16.28982103550475,48798400
2002-12-24,16.526260375976562,16.65215714801045,16.434140986672038,16.440282435473883,18386000
2002-12-26,16.39421844482422,16.793403155708624,16.32666369465439,16.59074007656046,37228000
2002-12-27,16.26525115966797,16.581528079685615,16.24375667994024,16.36044066378753,40891600
2002-12-30,16.19770050048828,16.348163067929832,16.050309243132535,16.27753699229538,48019600
2002-12-31,15.875277519226074,16.271392069164968,15.7401680267042,16.194625737999814,58208800
2003-01-02,16.49555778503418,16.504769374500437,15.878355520834418,16.059524198962478,67025200
2003-01-03,16.517045974731445,16.52011611292857,16.23761654433771,16.455632668536488,55546800
2003-01-06,16.817970275878906,16.95922006344388,16.52011649532377,16.587671250838067,59456200
2003-01-07,17.13424301147461,17.198726441487846,16.79033021337622,16.864025227288167,80517400
2003-01-08,16.655227661132812,17.057482581832215,16.615308831511737,17.002210716621963,64566000
2003-01-09,17.137317657470703,17.17109386213021,16.74427321174593,16.80261637809518,61808000
2003-01-10,17.171091079711914,17.2877762221413,16.85788550330651,16.919297626453503,67730200
2003-01-13,17.31541633605957,17.425960058651224,17.125036131241416,17.355335162853546,60817800
2003-01-14,17.493513107299805,17.502724692828824,17.254001341293282,17.296991473605154,54206400
2003-01-15,17.278564453125,17.600982781642706,17.253998667040033,17.502721980025143,59622600
2003-01-16,16.996078491210938,17.395264661321132,16.922383411846898,17.293932462992867,81371000
2003-01-17,15.8015775680542,16.274458336700043,15.755518483125407,16.25603399991194,155876000
2003-01-21,15.761666297912598,16.013459812293306,15.749383401757088,15.927480710566186,86159200
2003-01-22,15.66032886505127,16.090220714204943,15.63269294372909,15.841497422305324,86948000
2003-01-23,16.053380966186523,16.1332186372345,15.801587396933748,15.952049979224652,71374800
2003-01-24,15.307210922241211,15.982755089507096,15.261151811444993,15.97661364046194,103027000
2003-01-27,15.098398208618164,15.537501622285275,14.865029127395848,15.144458465969374,114838600
2003-01-28,14.990926742553711,15.261144514531352,14.911090285862697,15.258073205796462,86151200
2003-01-29,15.32563304901123,15.365551876340518,14.71764373796543,14.963295807373612,106884000
2003-01-30,14.812830924987793,15.405465889841855,14.797476722548938,15.402395752170795,87877400
2003-01-31,14.573323249816895,14.846611261778316,14.441285037306756,14.57025311129035,106858400
2003-02-03,14.911097526550293,15.076911966558946,14.573324854718766,14.717645979951614,80129800
2003-02-04,14.530330657958984,14.720710825878816,14.395222340622526,14.677721869060907,81854800
2003-02-05,14.419788360595703,14.901880859891572,14.349163471610593,14.686936054876599,101072000
2003-02-06,14.561042785644531,14.622456108689112,14.296967487867734,14.389086886753752,83312000
2003-02-07,14.303105354309082,14.723784579035405,14.250903632821382,14.702290097058532,75208000
2003-02-10,14.548760414123535,14.591749386943322,14.290825405843162,14.370661902313957,74081400
2003-02-11,14.26011848449707,14.637808831759042,14.12501011379446,14.524194947955444,84292000
2003-02-12,14.26011848449707,14.462781626231827,14.204846612081983,14.293895870013143,71315200
2003-02-13,14.428997039794922,14.468914680096026,14.164920729564207,14.250898627272438,73558200
2003-02-14,14.831255912780762,14.892669215984926,14.361446310287379,14.508837535160572,90446400
2003-02-18,15.328700065612793,15.347124406326712,14.984787238481553,15.119896727661175,57415500
2003-02-19,15.113066673278809,15.328702634423221,14.891268341669864,15.291736637531015,46902700
2003-02-20,14.872790336608887,15.32254836393317,14.848146721142625,15.260937562575075,50897200
2003-02-21,15.17467975616455,15.279417750650293,14.601702559995868,14.965204942321195,56853200
2003-02-24,14.829657554626465,15.094583078307004,14.687953587350593,15.057617081436744,62403700
2003-02-25,14.903587341308594,14.952875717659499,14.404541208737154,14.503119136566548,68113000
2003-02-26,14.546248435974121,15.07609826507626,14.527764851479676,14.829656347455758,57096000
2003-02-27,14.527767181396484,14.915913117007406,14.355257223831659,14.724920747111742,75434300
2003-02-28,14.601699829101562,14.829658190559416,14.509283070271072,14.626343436362564,56585400
2003-03-03,14.503121376037598,14.860462453541672,14.416865822758842,14.798851679807637,50653500
2003-03-04,14.213550567626953,14.577052826606048,14.207389372968086,14.527764444462834,56605700
2003-03-05,14.441509246826172,14.509280033957664,14.201227369329029,14.213549757944811,55415900
2003-03-06,14.336770057678223,14.478473989158523,14.250514519932668,14.275159295039272,54607600
2003-03-07,14.5154447555542,14.657149908815091,14.108815233442643,14.139621212468029,66167600
2003-03-10,14.139626502990723,14.453839380720844,14.102659314328513,14.36142375932208,48413600
2003-03-11,14.04720401763916,14.330613140299423,14.022560410306214,14.207391578250977,53990700
2003-03-12,14.410699844360352,14.441505808565466,13.893171396988171,14.053358885472644,72379500
2003-03-13,15.199316024780273,15.242443202728436,14.441506876220535,14.61401558801318,80701300
2003-03-14,15.316381454467773,15.37799105772199,14.946717959303179,15.205482288405609,75451400
2003-03-17,15.975615501403809,15.987937893201881,14.98984648498935,15.106906856815106,100983800
2003-03-18,16.043384552001953,16.043384552001953,15.710687084964908,15.95096780551761,78108800
2003-03-19,16.215896606445312,16.283668587630313,15.858555462690926,16.006420641989845,73652100
2003-03-20,16.172771453857422,16.339120242270706,15.815430264929697,16.031067452673422,71798500
2003-03-21,16.36992073059082,16.51162469437424,16.03722441670245,16.48081989359622,85586800
2003-03-24,15.581307411193848,15.97561452357383,15.513535435580579,15.741493794252298,61105200
2003-03-25,15.704526901245117,15.864714450302344,15.421118974155439,15.77229887299605,63595100
2003-03-26,15.556663513183594,15.784623059938031,15.550502317311533,15.68604510111301,51673600
2003-03-27,15.427278518676758,15.562821272548335,15.150030641294332,15.365667748688697,60043300
2003-03-28,15.199316024780273,15.464241460893223,15.156188846832114,15.199316024780275,39584600
2003-03-31,14.915903091430664,15.223955624588278,14.792682783243912,14.940547858144308,71384000
2003-04-01,15.002167701721191,15.217804840785512,14.940556922684548,15.069938501046419,49803200
2003-04-02,15.846234321594238,16.018744298625542,15.464249538698736,15.464249538698736,68282500
2003-04-03,15.852386474609375,16.074184722099442,15.7722933158643,16.012573967226935,57394300
2003-04-04,15.458085060119629,15.895519343644468,15.359508287068177,15.87087573794552,55740600
2003-04-07,15.507378578186035,16.283671804194984,15.507378578186035,16.160450209541544,65627100
2003-04-08,15.759980201721191,15.914006591955028,15.525860605622121,15.593631418237901,54132100
2003-04-09,15.137711524963379,15.815427791095287,15.119229112560548,15.778461791161677,76875800
2003-04-10,15.150031089782715,15.27325263340658,14.95903875478068,15.223963075854849,51608900
2003-04-11,14.90975570678711,15.513538901285326,14.755729309713393,15.334867716618302,71565500
2003-04-14,15.254769325256348,15.328701312665782,14.786529096194847,14.952877830557702,51599600
2003-04-15,15.156201362609863,15.27326178165562,14.848148494163029,15.205489774556218,63399000
2003-04-16,15.353353500366211,15.858559966910532,15.156199871971191,15.77230554826979,86178700
2003-04-17,15.710686683654785,15.735331462121824,15.242446468930533,15.260930052780811,58356600
2003-04-21,15.532023429870605,15.778466638817875,15.451930209552561,15.778466638817875,41557800
2003-04-22,15.870880126953125,15.895523739467134,15.421123328637043,15.439605744240511,58844000
2003-04-23,15.846234321594238,16.012583102110703,15.692207934107453,15.86471791113876,55559300
2003-04-24,15.704526901245117,15.846230864789955,15.599788933597232,15.698365706074322,51703600
2003-04-25,15.538172721862793,15.796936952883023,15.507367931911958,15.60594466990753,53657400
2003-04-28,15.858552932739258,15.981774483394531,15.599788616465423,15.64291580665643,56287600
2003-04-29,15.895524978637695,16.172772985584732,15.821592960203983,15.987941764372206,65877300
2003-04-30,15.75381851196289,15.944810900838446,15.556664926655468,15.8523953046166,55566800
2003-05-01,15.846234321594238,15.987939491179418,15.61211472967068,15.735336309711338,42085800
2003-05-02,16.080352783203125,16.197413149945977,15.747655269869089,15.803104855424762,52695400
2003-05-05,15.932491302490234,16.25902652067185,15.920168908374048,16.172772112114924,50391500
2003-05-06,16.24669647216797,16.326789640138948,15.907837868899879,15.932482643738668,54299500
2003-05-07,16.01258087158203,16.234379214707808,15.92016528698893,16.08651404433326,49120000
2003-05-08,15.858552932739258,16.104994858922005,15.840069347602627,15.8647141277848,46401400
2003-05-09,16.24053382873535,16.32678818271647,15.95096362586599,15.957124819025704,58913600
2003-05-12,16.1419620513916,16.30830961733882,16.055706495763182,16.111156076121524,53900800
2003-05-13,16.01258087158203,16.141963630114706,15.950970090143992,16.04338684986501,44501900
2003-05-14,15.784624099731445,16.12964286539888,15.735335704636098,16.068032077747684,45021000
2003-05-15,15.88935661315918,16.024899359202085,15.753812691988642,15.926322602965858,45450200
2003-05-16,15.75381851196289,16.049548889924022,15.65524171930918,15.944810900838446,60620900
2003-05-19,15.254769325256348,15.735331943928673,15.242446935645527,15.649076391780664,55336300
2003-05-20,15.17467975616455,15.402639335384618,15.094586548676926,15.316384931147464,52677600
2003-05-21,14.805017471313477,15.223968277498471,14.718761891254335,15.174679878233876,108960900
2003-05-22,14.88510513305664,14.95287709746577,14.811173149271855,14.90974991107003,93157100
2003-05-23,14.922077178955078,15.119231957666392,14.805017961282694,14.90975596007726,76968000
2003-05-27,15.273252487182617,15.334862083276978,14.922071443755076,14.940555027660016,68486800
2003-05-28,15.039131164550781,15.322540230305332,14.971359201519277,15.267090656030042,91467000
2003-05-29,15.032970428466797,15.19931915636396,14.92823247110129,15.076097615300645,75451300
2003-05-30,15.16235065460205,15.347181760478245,15.100739894267482,15.236282626901524,85096700
2003-06-02,15.18083667755127,15.421118582600057,15.137709487578556,15.390312607528267,66310800
2003-06-03,15.328706741333008,15.353351529282616,15.13771433523623,15.248613530753124,61058200
2003-06-04,15.322548866271973,15.538184915402335,15.242454469342123,15.396480890222858,83484600
2003-06-05,14.841974258422852,15.10689968059423,14.792685889771949,15.07609371573279,115877900
2003-06-06,14.583212852478027,15.131546206765487,14.570890464147883,15.057614227039885,119629400
2003-06-09,14.632500648498535,14.774204583274429,14.540085089954589,14.614017066738713,73610000
2003-06-10,15.205479621887207,15.248606806653278,14.694112248709597,14.74956182201673,80655300
2003-06-11,15.328706741333008,15.377995142104053,15.045298730681543,15.199325129982078,75768600
2003-06-12,15.396475791931152,15.488891378832014,15.242449422053737,15.384153400310252,66177700
2003-06-13,15.18700122833252,15.556664784981454,15.088424436576545,15.52585997823073,55157500
2003-06-16,15.642913818359375,15.661397401146644,15.19931840761375,15.279411582769953,69658600
2003-06-17,15.994097709655762,16.104996884165796,15.729173340149277,15.796944143917008,122213900
2003-06-18,16.06186294555664,16.2836612014627,15.84006468965058,16.006413381580124,89957700
2003-06-19,16.06186294555664,16.259016428527605,16.02489696128145,16.07418533202419,63626900
2003-06-20,16.22205352783203,16.252858324729,16.024900007385014,16.22821472223696,86048900
2003-06-23,15.883199691772461,16.166607648409812,15.70452853857487,16.104996865406232,52584500
2003-06-24,15.833910942077637,16.043386894472658,15.723011770206401,15.803104963709005,51820300
2003-06-25,15.562827110290527,16.012583902193693,15.488893923546378,15.796946713912078,60483500
2003-06-26,15.864713668823242,16.332953902588308,15.532016196755524,15.64291535411143,51758100
2003-06-27,15.790783882141113,16.22821941023578,15.729174270549429,15.987938634669762,76040300
2003-06-30,15.796943664550781,16.09267517931274,15.710689275939497,15.981776008167994,48073100
2003-07-01,16.111164093017578,16.14197008361668,15.64292361206669,15.76614522420633,60926000
2003-07-02,16.5609130859375,16.591719061853095,16.295988743830314,16.326793544618084,94069300
2003-07-03,16.32679557800293,16.604043520133413,16.271345989576833,16.443855950805574,39440900
2003-07-07,16.893611907958984,16.973705101403212,16.60404276227242,16.647169956829153,88960800
2003-07-08,17.066116333007812,17.127725919486853,16.788868493341976,16.795029687015386,61896800
2003-07-09,16.92441177368164,17.06611688247744,16.78886903388519,16.97986134340009,62300700
2003-07-10,16.579397201538086,16.893611115155796,16.382243649886473,16.788873143949893,55350800
2003-07-11,16.82583999633789,16.912095560915628,16.56707565286053,16.6040428270201,50377300
2003-07-14,16.881284713745117,17.13388778867637,16.66564762718421,17.022988648437753,60464400
2003-07-15,16.801193237304688,16.96138076989945,16.696455280420718,16.924413602673788,53567600
2003-07-16,16.955219268798828,17.01683003793326,16.758065747670788,16.979862871375992,49838900
2003-07-17,16.44384765625,16.801188615231577,16.35143211386513,16.721094283404614,72805000
2003-07-18,16.567081451416016,16.776557477792792,16.480827031776755,16.70262545385295,63388400
2003-07-21,16.043384552001953,16.579395570946865,16.0187397729054,16.554751966978056,48480800
2003-07-22,16.25285530090332,16.363754429304027,16.09882899481955,16.19124571857178,51791000
2003-07-23,16.295991897583008,16.419212299708686,16.104998335326922,16.277508308456532,49828200
2003-07-24,16.018741607666016,16.58555866540393,16.00641921670635,16.499304278942034,53556600
2003-07-25,16.567081451416016,16.60404863851427,16.061874979023205,16.19125778361043,54173000
2003-07-28,16.39457130432129,16.634852125650763,16.32063811115086,16.59788611662967,52658300
2003-07-29,16.308303833007812,16.573229250726083,16.166599922409283,16.56090686498863,62391100
2003-07-30,16.160444259643555,16.36992018835333,16.123478264908826,16.302148218733173,41240300
2003-07-31,16.271345138549805,16.628686259090497,16.209734357395636,16.388405505229937,64504800
2003-08-01,16.12348175048828,16.33295772448264,16.092676944071243,16.222058541176445,42649700
2003-08-04,16.12964630126953,16.271350320462854,15.864720680525664,16.111162708498465,51825600
2003-08-05,15.809260368347168,16.351433637754276,15.77229438297361,16.209728539421917,58825800
2003-08-06,15.8031005859375,16.13579800938744,15.6675578440473,15.735329802556196,56294900
2003-08-07,15.840065956115723,15.901676718251995,15.679879619739982,15.846227149842106,44258500
2003-08-08,15.759980201721191,16.00642219106971,15.710691803851486,15.944811399950556,33241400
2003-08-11,15.778456687927246,16.01257617862265,15.735329506098688,15.778456687927244,36433900
2003-08-12,15.852386474609375,15.877031246609342,15.679877771119243,15.840064088609392,38208400
2003-08-13,15.772303581237793,15.950973594014952,15.710692786266016,15.88936397417135,39636900
2003-08-14,15.790783882141113,15.840072276491272,15.723013074364657,15.80926747069543,37338300
2003-08-15,15.735334396362305,15.809266395294424,15.667562418067916,15.77846159159403,27607900
2003-08-18,15.833910942077637,15.914004135580242,15.686044596164043,15.747655377773388,45817400
2003-08-19,16.400733947753906,16.419216366329955,15.877043877412955,15.926332285496319,72952900
2003-08-20,16.295991897583008,16.345280293458888,16.018743936326143,16.203575127078686,56739300
2003-08-21,16.16661262512207,16.46850426213287,16.09884062544248,16.419215855582703,63802700
2003-08-22,16.15428352355957,16.60404136864077,16.148122328407464,16.499303401310605,65846300
2003-08-25,16.32679557800293,16.351440361804737,16.16044681272464,16.209735205200282,36132900
2003-08-26,16.36992073059082,16.431531507274688,15.994096050434264,16.209733181263893,47546000
2003-08-27,16.277503967285156,16.37608073274673,16.203570805625105,16.332953544748257,30633900
2003-08-28,16.332950592041016,16.376077772242862,16.166601889724596,16.326789398422534,46211200
2003-08-29,16.339113235473633,16.357595642841545,16.234375284920816,16.302146070482546,34503000
2003-09-02,16.795032501220703,16.819676104916137,16.30830869561272,16.450013823590474,74168900
2003-09-03,17.435791015625,17.497401821271442,16.868973718908833,16.893618511218758,109437800
2003-09-04,17.515878677368164,17.54052228506963,17.244791941884472,17.312563919537375,59840800
2003-09-05,17.48506736755371,17.713026838707993,17.355685822532205,17.392651810377266,64024500
2003-09-08,17.768484115600586,17.81777251248337,17.460431341301167,17.491236148679878,46105300
2003-09-09,17.478912353515625,17.68838712803406,17.441945179958342,17.651421129604675,44315200
2003-09-10,16.97370719909668,17.361854348332212,16.930579999210078,17.269438752128345,54763500
2003-09-11,17.152381896972656,17.31873070942011,16.998355479920193,17.041482688674353,37813300
2003-09-12,17.460430145263672,17.497396146611575,16.91209662061248,16.93057903372243,55777200
2003-09-15,17.47275161743164,17.62677798592063,17.454268030166908,17.478912813186554,41432300
2003-09-16,17.80544662475586,17.83625260121627,17.448105523709994,17.503555106210893,52060600
2003-09-17,17.559005737304688,17.836253666365927,17.540522150324634,17.719193299081414,47221600
2003-09-18,18.175111770629883,18.181272966482737,17.50971789518482,17.55284509102686,67268100
2003-09-19,18.458524703979492,18.464685901492896,18.18743906415936,18.33530427909623,92433800
2003-09-22,17.910188674926758,18.483167041225236,17.750001086220767,18.10734226867933,65678700
2003-09-23,18.236719131469727,18.304489922876414,17.793122514339338,17.94098883680129,57827800
2003-09-24,17.534358978271484,18.298330702211505,17.50971537353704,18.24288112264928,66336500
2003-09-25,17.39881134033203,17.842406677433814,17.386488953852897,17.540515259459724,56224500
2003-09-26,17.36801528930664,17.73151764747296,17.337209307606415,17.41730368489895,49864700
2003-09-29,17.762313842773438,17.81160221447046,17.312557304147134,17.50354959758218,47380300
2003-09-30,17.12774085998535,17.62678740670129,17.09693603987484,17.61446500860566,63333700
2003-10-01,17.571327209472656,17.639098007931953,17.13389174151684,17.269435688691136,58375900
2003-10-02,17.559005737304688,17.713032103421394,17.368013372355787,17.52820093413251,38143600
2003-10-03,17.916349411010742,18.150469003790906,17.823933813206153,17.96563780818173,57303000
2003-10-06,17.984113693237305,18.051884475858746,17.811603789479612,17.959468917645815,34047600
2003-10-07,17.95330810546875,18.095013217877575,17.8177653622164,17.873214933348635,52356800
2003-10-08,17.756160736083984,18.0888582779045,17.669906340113336,18.0888582779045,46989100
2003-10-09,17.830093383789062,18.082696543146096,17.743837815259557,18.002602170592123,62653300
2003-10-10,17.811613082885742,17.990284273764978,17.663747877569232,17.811613082885742,37604700
2003-10-13,17.731515884399414,17.928669447165362,17.559005929415246,17.854736273564168,39320300
2003-10-14,17.669897079467773,17.72534664071054,17.5466755711222,17.657574693607735,34851300
2003-10-15,18.01066780090332,18.128384916033365,17.781430514394096,18.091211525573637,57242100
2003-10-16,18.10979461669922,18.15935952297213,17.84338280233709,17.911534991607564,42232500
2003-10-17,17.923919677734375,18.146962261758212,17.84337599718349,18.14076650312198,49960000
2003-10-20,18.184141159057617,18.196532680096574,17.843381420809227,17.936316646880915,38794500
2003-10-21,18.184141159057617,18.233706061492956,18.07261983314798,18.184141159057617,44166800
2003-10-22,17.899147033691406,18.09740669826057,17.843386355316227,17.985886523231027,48798500
2003-10-23,17.911537170410156,18.016862756767228,17.409692285636208,17.793820060547375,67357900
2003-10-24,16.486543655395508,16.97599697509934,16.368826555529274,16.89545444259336,210558300
2003-10-27,16.672405242919922,16.79012229673419,16.616644595414222,16.672405242919922,65619100
2003-10-28,16.852087020874023,16.86447736287522,16.653826186485237,16.783934822124106,71752600
2003-10-29,16.567089080810547,16.88306586822418,16.517524164062575,16.827305189167607,73551500
2003-10-30,16.18295669555664,16.75295366784658,16.05284808730716,16.734366386176514,98729400
2003-10-31,16.19535255432129,16.381221889204692,16.176766448037576,16.337852732248166,69623700
2003-11-03,16.529911041259766,16.57328018350581,16.28828228776295,16.325455669442345,57772300
2003-11-04,16.1519775390625,16.49273727189516,16.11480415825692,16.47414999063213,84026100
2003-11-05,16.17056655883789,16.30686975759275,16.108610129687282,16.201544182552894,61514400
2003-11-06,16.251108169555664,16.294477312989788,16.108609217780533,16.2696954517648,68189800
2003-11-07,16.17056655883789,16.412195332632606,16.127197412948643,16.344043142394877,57822100
2003-11-10,16.108604431152344,16.25110334058431,16.108604431152344,16.18295235617608,54579100
2003-11-11,15.984699249267578,16.158177036010596,15.904156708610198,16.114807884755027,64990700
2003-11-12,16.096216201782227,16.19534600091908,15.8607832242623,16.01567368312869,75877300
2003-11-13,15.91654109954834,16.065235772240943,15.767846426855739,16.021866640420626,78949500
2003-11-14,15.798833847045898,16.12100642871633,15.761660451228833,15.92274674206405,83146400
2003-11-17,15.581979751586914,15.761653249091037,15.389915915619378,15.730674448631495,103900200
2003-11-18,15.581979751586914,16.00947774416534,15.563393653031595,15.693501069800451,106868300
2003-11-19,15.705893516540527,15.823610601790598,15.594372191747881,15.668720135516471,78853300
2003-11-20,15.55099868774414,15.879365627827395,15.53860717030549,15.594367817059277,106845700
2003-11-21,15.557199478149414,15.724480290794489,15.538612195979725,15.69350266889887,70712900
2003-11-24,15.941325187683105,15.9908900855252,15.662523080466473,15.693500698472638,99463800
2003-11-25,15.736870765686035,16.0776304924788,15.724479245063655,16.028065591709726,85663800
2003-11-26,15.767847061157227,15.879367183872697,15.687303371633528,15.866976846940041,69758400
2003-11-28,15.928933143615723,15.953716182581418,15.736869318512943,15.798825734206842,33402600
2003-12-01,16.009479522705078,16.23871676297029,15.79882838305997,16.046652905665823,101914600
2003-12-02,15.89796257019043,16.16437444850322,15.866984939479071,16.077636137134725,85121700
2003-12-03,15.904151916503906,16.15197640737814,15.873174298289772,15.997085952866696,93121600
2003-12-04,16.23251724243164,16.251103337393793,15.897953352470783,15.935126724115262,87202400
2003-12-05,16.096216201782227,16.405997119515003,16.05904282253601,16.083824681460015,96610900
2003-12-08,16.257301330566406,16.31925774630214,15.990889570106992,16.1829545770598,90504000
2003-12-09,16.344038009643555,16.4865381064548,16.263495504246094,16.381212564491822,103547100
2003-12-10,16.474145889282227,16.49892774307618,16.344037316273393,16.38740762842312,82853700
2003-12-11,16.486543655395508,16.585673471581618,16.282088261796584,16.47415213294209,79309000
2003-12-12,16.511316299438477,16.610446060275184,16.418382296369057,16.536099330507632,69154100
2003-12-15,16.567089080810547,16.790131797036835,16.529915688679775,16.759152985493834,88860600
2003-12-16,16.765338897705078,16.82729530266916,16.58566662320139,16.622839993491787,73978000
2003-12-17,16.75295066833496,16.777732524404186,16.63523360227537,16.75295066833496,53712300
2003-12-18,16.97599220275879,17.006971000183487,16.75914534766707,16.790124145091767,61177800
2003-12-19,16.951215744018555,17.068931666553755,16.84589016267818,17.03175827952794,76856400
2003-12-22,16.839693069458008,16.994583548490226,16.709584452576248,16.827301547522495,43894800
2003-12-23,16.82110595703125,16.938823053170523,16.734367666044726,16.83349747909235,39609000
2003-12-24,16.75295066833496,16.827297418262916,16.728167630545453,16.814905899368163,19924200
2003-12-26,16.8582820892334,16.883065137394997,16.728174631547336,16.759152260028557,12076900
2003-12-29,17.013164520263672,17.056534833961976,16.8272964741518,16.858274087930376,40426700
2003-12-30,17.05034065246582,17.06892674976458,16.975992718109808,16.982188477782838,34406600
2003-12-31,16.9574031829834,17.068923289328104,16.87066374686629,16.988380793348025,42198900
2004-01-02,17.006977081298828,17.205236728826623,16.93262912261555,17.087519619961725,44487700
2004-01-05,17.434473037719727,17.459256083148723,17.174256969318506,17.180452730675757,67333700
2004-01-06,17.496431350708008,17.521214398801565,17.391105759751945,17.465453722311835,46950800
2004-01-07,17.477842330932617,17.5397987633,17.353930647918514,17.45306046701806,54298200
2004-01-08,17.44685935974121,17.64511893719186,17.347729571015886,17.589358283318827,58810800
2004-01-09,17.137075424194336,17.38489985189561,17.093706297061622,17.36631375839307,67079900
2004-01-12,17.081327438354492,17.18045728289512,16.945024197541375,17.143283886622623,55845200
2004-01-13,16.994583129882812,17.12469056183922,16.88925755946644,17.06892989622346,51555900
2004-01-14,17.161861419677734,17.18044751638793,17.01936131515127,17.05034011253541,43907000
2004-01-15,17.06273078918457,17.1742509091014,16.988382860853118,17.068925366635312,58504100
2004-01-16,17.230016708374023,17.27338585380962,17.056540126631628,17.16806027987149,63983400
2004-01-20,17.40969467163086,17.471651115929795,17.304369070838938,17.335346702127964,63068500
2004-01-21,17.53360366821289,17.53360366821289,17.25480148454547,17.4282780837019,53570600
2004-01-22,17.353925704956055,17.620337461048596,17.310556569168025,17.57077256561652,78425200
2004-01-23,17.645122528076172,17.818600284509362,17.48403629318547,17.521210857812925,127259100
2004-01-26,17.843374252319336,17.861961526410425,17.545984957182018,17.651310480258154,58299600
2004-01-27,17.502626419067383,17.79382013230143,17.484039133733866,17.74425521979945,63196200
2004-01-28,17.168054580688477,17.62033553141139,17.019359910676084,17.533596087614015,71336000
2004-01-29,17.291975021362305,17.316758068152417,17.0813238505292,17.230018586107736,63748400
2004-01-30,17.130882263183594,17.2857727016965,17.06892585143438,17.24859932733508,40528700
2004-02-02,16.97599220275879,17.223816673554918,16.87686241444034,17.10610078850194,62891800
2004-02-03,16.907846450805664,17.068931520445563,16.839694257074484,16.97599746281619,47993800
2004-02-04,16.734359741210938,16.99457567266152,16.734359741210938,16.864467116076213,60648000
2004-02-05,16.703384399414062,16.8334929828624,16.622841890971014,16.7653408114504,55527500
2004-02-06,16.77773666381836,16.845888852833774,16.684802612619524,16.74675904065894,47209600
2004-02-09,16.66621971130371,16.870675150381484,16.635242080000154,16.845893281682816,48108500
2004-02-10,16.740564346313477,16.821106880692106,16.6166514823395,16.64763028919332,37790600
2004-02-11,16.82110595703125,16.870670863555063,16.635237852997104,16.709584621922527,51515300
2004-02-12,16.697195053100586,16.821106734275343,16.68480353046692,16.78393334809498,44537000
2004-02-13,16.474145889282227,16.765339466252204,16.418385241095606,16.71577457694412,67541100
2004-02-17,16.72197151184082,16.79012368257749,16.474147047871462,16.554689555516408,43477000
2004-02-18,16.58566665649414,16.79631772476278,16.567079380451563,16.666209155905026,50334700
2004-02-19,16.393606185913086,16.71577863549849,16.375020086484998,16.67860525492186,61840600
2004-02-20,16.46175765991211,16.6042565974233,16.41838852081917,16.51751831923743,57821900
2004-02-23,16.486543655395508,16.579477710354908,16.405999941168908,16.560890426674778,50256800
2004-02-24,16.65382194519043,16.69719226717192,16.449366582730875,16.486541144429296,55426500
2004-02-25,16.54230308532715,16.72197542055776,16.486542420185106,16.66621475541572,64275700
2004-02-26,16.418378829956055,16.511312813404317,16.362618203543157,16.474139456368956,66602700
2004-02-27,16.436981201171875,16.492741878816123,16.325459845883376,16.399806628261842,58266500
2004-03-01,16.54230308532715,16.55469342513163,16.418390233518046,16.49893275998959,51912300
2004-03-02,16.35023307800293,16.53610229923079,16.325451224204656,16.486537409914064,66331000
2004-03-03,16.33783721923828,16.44935729621334,16.2449020491794,16.325445705667793,54998700
2004-03-04,16.33783721923828,16.368814821444722,16.23870629239416,16.313054192097308,44023200
2004-03-05,16.325458526611328,16.480349022723917,16.232524465287913,16.251110568520172,59849800
2004-03-08,16.003286361694336,16.325458884279854,15.990894838120877,16.30067583713294,69367800
2004-03-09,15.935131072998047,16.090021542461667,15.823610927629458,15.984695975957585,81111700
2004-03-10,15.718292236328125,15.984702967688756,15.705900709738044,15.891768881705186,75155800
2004-03-11,15.544804573059082,15.972302516144017,15.53241305430989,15.600565225710172,90536300
2004-03-12,15.72447395324707,15.805017628466427,15.63153994329555,15.724473953247072,64137100
2004-03-15,15.58817195892334,15.75545389811783,15.526215553845367,15.674910217000422,68835300
2004-03-16,15.600569725036621,15.71828682366393,15.55100481746522,15.650134632608024,65453800
2004-03-17,15.56959342956543,15.774048853977556,15.557203086965302,15.643941393770204,56241400
2004-03-18,15.420896530151367,15.507636006568417,15.22883265687189,15.464265677499574,123231000
2004-03-19,15.259810447692871,15.45187550478312,15.216441299872704,15.346549925053859,86281600
2004-03-22,15.179262161254883,15.389913240887465,14.87567705983621,15.166870643224684,127605200
2004-03-23,14.962421417236328,15.278398165391714,14.937639552801757,15.272202403852901,91696300
2004-03-24,15.123503684997559,15.22882923994851,14.981004752334615,15.104916405281378,97584700
2004-03-25,15.60676383972168,15.637741460540513,15.228830720785401,15.241222241801129,85677900
2004-03-26,15.5076322555542,15.805021635483653,15.489044976163477,15.557197152209108,61584900
2004-03-29,15.68110466003418,15.73686530175402,15.489040883954752,15.6439312927943,51881600
2004-03-30,15.61296272277832,15.693505262047857,15.507637136520788,15.619157302804597,59010400
2004-03-31,15.445672988891602,15.61295492737609,15.408499618690648,15.61295492737609,70533200
2004-04-01,15.538612365722656,15.55719964809539,15.39611341269332,15.45806983888189,69051900
2004-04-02,16.015676498413086,16.046654122943536,15.761656195757379,15.786438059037614,98043800
2004-04-05,16.07762908935547,16.09621518694655,15.941324737845708,15.990889634289164,53800300
2004-04-06,15.984699249267578,16.046655686084424,15.897960946756438,15.966113145427043,48992000
2004-04-07,15.854596138000488,15.972313282022597,15.705901357945702,15.947530227819598,63268900
2004-04-08,15.786431312561035,16.015669653969393,15.712084572772463,15.997082378162188,45294600
2004-04-12,15.866979598999023,15.947522120772213,15.755458275220402,15.786435895505367,38786800
2004-04-13,15.767847061157227,15.966106632722854,15.743064023851392,15.910345980504989,56971500
2004-04-14,15.805026054382324,15.91035163693684,15.724482336223806,15.730678097752975,61079600
2004-04-15,15.625346183776855,15.94132280340604,15.550999438993635,15.81741116819394,73756900
2004-04-16,15.58817195892334,15.736866622078395,15.557194347244423,15.693497493039855,51768600
2004-04-19,15.817416191101074,15.860785336283428,15.526221333355705,15.538612855327973,44592100
2004-04-20,15.693501472473145,16.03426001422864,15.662523852939168,15.891761073619646,59902600
2004-04-21,15.767847061157227,15.7926289167428,15.612956623156547,15.712086408939362,49252000
2004-04-22,16.07762908935547,16.102410946717026,15.780238528974392,15.805021568056292,99207700
2004-04-23,17.06273078918457,17.1742509091014,16.938817969205562,16.975991342511172,258269000
2004-04-26,16.876863479614258,17.068927308888224,16.79012520479125,17.00697207356914,89391000
2004-04-27,16.864479064941406,16.957414320514797,16.80871838428572,16.82730567174457,80716800
2004-04-28,16.455564498901367,16.759149702222672,16.39980383076882,16.734367839564094,72842200
2004-04-29,16.405996322631836,16.69099536759744,16.300670768449816,16.42458360221232,77787300
2004-04-30,16.189146041870117,16.57327480018643,16.083820509889847,16.474145026760308,66172200
2004-05-03,16.325458526611328,16.43078411123672,16.226328703636923,16.226328703636923,65916200
2004-05-04,16.313066482543945,16.443175109619805,16.121002604377423,16.325458005450344,55496400
2004-05-05,16.294475555419922,16.480344812301304,16.26349793679989,16.306867075556095,51841700
2004-05-06,16.18295669555664,16.319259882642314,16.127196032266934,16.2077385560629,62693900
2004-05-07,15.972307205200195,16.344043423045907,15.953719921619664,16.127197689876116,68290200
2004-05-10,16.065244674682617,16.13959146136756,15.873180763738842,15.879375344528531,64621400
2004-05-11,16.07143211364746,16.176757658336093,15.978498087562258,16.164366139732664,57917200
2004-05-12,16.07143211364746,16.108605487737492,15.755455479581565,16.02806298025572,64145600
2004-05-13,16.17056655883789,16.22632722690138,15.97850269201954,15.997088793560303,63861500
2004-05-14,16.021869659423828,16.213933500127364,15.8855652974816,16.108607939408568,43775300
2004-05-17,15.823614120483398,15.978504621200486,15.749266160182074,15.780243787637195,55149600
2004-05-18,16.003286361694336,16.09002466326708,15.885569251187947,15.92274382190832,58158600
2004-05-19,15.873176574707031,16.275891577847208,15.873176574707031,16.127196861997938,60052800
2004-05-20,15.941325187683105,16.028064645197055,15.854586911889538,15.953716707573724,52089900
2004-05-21,16.040464401245117,16.232529527156238,15.972313365273788,16.09002932818839,57809300
2004-05-24,15.959917068481445,16.213937390866796,15.947525545018568,16.13958943181026,56250500
2004-05-25,16.17056655883789,16.22632722690138,15.860785594805442,15.928936603322574,66615000
2004-05-26,16.19535255432129,16.20154831698949,16.015680163826985,16.102418477740034,50306900
2004-05-27,16.226322174072266,16.226322174072266,16.05904022197291,16.20773489659893,49071900
2004-05-28,16.251108169555664,16.325456116671685,16.12100073925329,16.195347504648783,37393000
2004-06-01,16.176759719848633,16.275889517868322,16.028065022819096,16.189150058310787,48369500
2004-06-02,16.189146041870117,16.282081238462208,16.114799302660582,16.182951465036084,54020000
2004-06-03,16.040464401245117,16.189159182074935,16.02187829221706,16.139594255131662,45933100
2004-06-04,16.07762908935547,16.257301395817866,16.071433329584995,16.127193985798925,48815300
2004-06-07,16.375015258789062,16.375015258789062,16.090016273803936,16.12099506658499,65218600
2004-06-08,16.480337142944336,16.5113147471485,16.25729461117082,16.282077639910035,58447700
2004-06-09,16.399797439575195,16.51131873237913,16.356428310533698,16.356428310533698,50385500
2004-06-10,16.58566665649414,16.598058173855858,16.344036794821207,16.344036794821207,48109200
2004-06-14,16.66621971130371,16.66621971130371,16.436982403527267,16.44937274701616,67377500
2004-06-15,16.982187271118164,17.099904333100692,16.70957977347661,16.72197129194219,114183400
2004-06-16,16.926437377929688,17.037958751560716,16.821111767469382,16.938828904271134,67431100
2004-06-17,17.20522689819336,17.29816090715677,16.90783759682242,16.920227931422847,105427500
2004-06-18,17.56458282470703,17.65751688777221,17.161867763610758,17.205236914259793,134218700
2004-06-21,17.56458282470703,17.756646712604503,17.4220838492257,17.484039103455338,116881700
2004-06-22,17.52741050720215,17.564583898356332,17.230019832806306,17.44067101888133,98932000
2004-06-23,17.53360366821289,17.583168579646255,17.347735545767943,17.47164841521171,58558400
2004-06-24,17.58936309814453,17.750449344348215,17.57077699624605,17.645123767281216,65503800
2004-06-25,17.700881958007812,17.73805533832052,17.502622354046103,17.645121296678525,71136500
2004-06-28,17.521203994750977,17.812397546615554,17.45305183468307,17.71946353489027,77024100
2004-06-29,17.657512664794922,17.707077565357107,17.45925306254618,17.45925306254618,55371700
2004-06-30,17.69468879699707,17.843383521811425,17.589363219205158,17.70088455824608,83544400
2004-07-01,17.73805046081543,17.868159028714093,17.508813299914163,17.781420771261736,78441400
2004-07-02,17.700881958007812,17.76903414001482,17.595556395688096,17.731860759702112,36690100
2004-07-06,17.36012840270996,17.55219230155405,17.31056348746888,17.545996539433816,69158900
2004-07-07,17.40969467163086,17.545997903711807,17.06893481884717,17.143282788350064,66255700
2004-07-08,17.124685287475586,17.440661901404628,17.068924639033977,17.273379956079808,59125100
2004-07-09,17.260986328125,17.347724572838807,17.124682021609065,17.211421448042827,50249300
2004-07-12,17.279577255249023,17.347729427579292,17.09370919835593,17.143274092308776,45757300
2004-07-13,17.09990692138672,17.316753800475908,17.09990692138672,17.29197075979352,43274100
2004-07-14,17.42827796936035,17.570778122801993,16.9388246198821,16.97599800778307,87656300
2004-07-15,17.267187118530273,17.471642456174603,17.223816801812738,17.37870724492875,46759700
2004-07-16,17.025554656982422,17.471639822207194,16.88305575441123,17.459248305013144,66406300
2004-07-19,17.316757202148438,17.508821078283923,17.09991028046223,17.112301803237592,60354500
2004-07-20,17.545988082885742,17.64511786559084,17.25479449390454,17.34772851747554,89010700
2004-07-21,17.88055419921875,18.518702106663394,17.849575399713437,18.518702106663394,201518000
2004-07-22,17.967296600341797,18.153164713174316,17.861971021277864,18.01066574788801,124640700
2004-07-23,17.366321563720703,17.595558819230487,17.36012580252846,17.58316729684601,97372700
2004-07-26,17.756649017333984,17.78762664846955,17.47165102937993,17.570780867078806,72387600
2004-07-27,17.62034797668457,17.81860767673216,17.428282858257568,17.781434278403495,72968400
2004-07-28,17.707075119018555,17.837183703594288,17.521207063019254,17.55838043787506,62718800
2004-07-29,17.645122528076172,17.843382145873797,17.502623575499197,17.83099180605185,60148400
2004-07-30,17.651317596435547,17.849577206456,17.552187791425318,17.626535736043234,59552900
2004-08-02,17.669897079467773,17.688483171128972,17.44685452577363,17.515006679784612,52267000
2004-08-03,17.391103744506836,17.607950663314583,17.347734597089413,17.583167618092833,53990900
2004-08-04,17.38490867614746,17.471648156160295,17.341539527001387,17.353931050106173,46217900
2004-08-05,17.056537628173828,17.477838680493196,17.05034186805908,17.44686106163985,55591700
2004-08-06,16.814908981323242,17.260994289533766,16.765344078379908,16.96360369015325,75628000
2004-08-09,16.839693069458008,16.90164949741501,16.79012816343652,16.889257975479495,51877500
2004-08-10,17.174251556396484,17.192838834609958,16.883057954707073,16.914035570009254,57632700
2004-08-11,16.982187271118164,17.044143681725824,16.8520798723903,16.969795752652583,53097300
2004-08-12,16.65382194519043,16.920233728760245,16.64143160634473,16.870668828216125,50279700
2004-08-13,16.740564346313477,16.883063312679095,16.71578130083042,16.73436858494271,43333200
2004-08-16,16.783926010131836,16.85207817310012,16.70338232994748,16.746752640203738,54347200
2004-08-17,16.759151458740234,16.963606869414896,16.71578230825178,16.864477044949652,56879700
2004-08-18,17.013164520263672,17.037947556662704,16.660014523618987,16.68479756001802,58844000
2004-08-19,16.802528381347656,17.006983872215198,16.734376157151416,16.945027412193266,46293000
2004-08-20,16.852087020874023,16.957412609069014,16.752957194540002,16.808716687847237,46494800
2004-08-23,16.926645278930664,16.98257041368489,16.852079222729092,16.945287385584102,39572200
2004-08-24,16.926645278930664,17.063350505437608,16.83343711607565,17.02606747733682,40835300
2004-08-25,17.11928367614746,17.19385095255772,16.88937017886191,16.908011109059487,53512700
2004-08-26,17.050926208496094,17.15034842199818,17.01985602602277,17.06335309627915,35465500
2004-08-27,17.063356399536133,17.18142074537803,17.05714354704501,17.088212550326638,33248700
2004-08-30,16.96392822265625,17.019853357132316,16.68430373548201,16.96392822265625,36679600
2004-08-31,16.96392822265625,16.97635629369673,16.808580890268534,16.957715372342097,52106700
2004-09-01,17.01986312866211,17.100644451597713,16.86451570708555,16.92044087366965,48507500
2004-09-02,17.162776947021484,17.20005998176516,16.99500151286548,17.026070510950827,42161700
2004-09-03,16.845867156982422,17.162775895910798,16.83965312070466,17.063352500672867,46174400
2004-09-07,17.001216888427734,17.013643777516748,16.87693851588639,16.957719813600182,44893400
2004-09-08,16.939077377319336,17.069568599299583,16.864510118183215,16.963932340227128,53278100
2004-09-09,16.951509475708008,17.06957265165967,16.889370275876963,16.96393636750889,56904700
2004-09-10,17.081989288330078,17.09441735701416,16.889358964550325,16.988781143611224,52664500
2004-09-13,16.932865142822266,17.131709608077415,16.615956331869437,17.10685464252377,48239200
2004-09-14,17.050926208496094,17.094423278752473,16.94528995849934,17.007429138239715,55920000
2004-09-15,16.895584106445312,17.026075357798547,16.864513914308848,17.001220389296016,52605700
2004-09-16,16.939077377319336,16.995002525369834,16.883152229268838,16.91422122920517,35951500
2004-09-17,17.094423294067383,17.106851367067847,16.93907593718041,17.019856041270874,65283000
2004-09-20,17.094423294067383,17.18141743465808,16.982573007475757,17.050926223772034,51513600
2004-09-21,16.939077377319336,17.10685282147083,16.932863340290794,17.057141710448875,73874400
2004-09-22,16.85209083557129,17.237351823578493,16.82102063640496,16.95151310248972,68409000
2004-09-23,16.995018005371094,17.01987299091818,16.88316760739058,16.89559569276785,52155800
2004-09-24,16.95772361755371,17.06335871714158,16.895584417343983,17.019861632556772,49859800
2004-09-27,16.895584106445312,16.976364235586843,16.858299875881553,16.883156029590726,47813600
2004-09-28,16.945295333862305,17.001220494848514,16.802376004767165,16.908011103067064,62055100
2004-09-29,17.137920379638672,17.206273595995878,16.920433842761796,16.939075952279108,61529300
2004-09-30,17.181419372558594,17.26841470816781,17.1006392593569,17.144136334558304,71218000
2004-10-01,17.554258346557617,17.597755434243442,17.262205625519407,17.287060596251273,66302800
2004-10-04,17.473474502563477,17.684745857179355,17.442404314232835,17.672318967053595,62016200
2004-10-05,17.635021209716797,17.678519440003534,17.461033029392205,17.492102008677143,58017700
2004-10-06,17.728242874145508,17.740669763397378,17.541825312890523,17.64124753814395,56999600
2004-10-07,17.504549026489258,17.765532764746453,17.49833498686327,17.734463751823377,38401500
2004-10-08,17.392684936523438,17.60395737599066,17.38025686709456,17.461038133176345,49556600
2004-10-11,17.436189651489258,17.535611880170087,17.355409535138506,17.523184990489824,44691000
2004-10-12,17.41754722595215,17.498327335353476,17.280840784371883,17.293268858189425,56412900
2004-10-13,17.41754722595215,17.56668055614361,17.361622078979558,17.516969446079788,49500700
2004-10-14,17.27463150024414,17.498332149681417,17.27463150024414,17.423766056673443,41548700
2004-10-15,17.392684936523438,17.548032248766635,17.28704871678983,17.38025686709456,49828500
2004-10-18,17.653676986694336,17.678533137545603,17.386479291075737,17.442404445284584,50350700
2004-10-19,17.510757446289062,17.765527063155616,17.50454340865738,17.72824402257201,57026500
2004-10-20,17.833879470825195,17.8649484723467,17.47347360122611,17.535611604269125,69078100
2004-10-21,17.746883392333984,17.951941875352315,17.69095824376477,17.902230763869277,94988500
2004-10-22,17.237340927124023,17.610174784987507,17.137918723054582,17.585318641367067,101912800
2004-10-25,17.168991088867188,17.255986423415937,17.119279977070644,17.193847237368658,61529500
2004-10-26,17.336763381958008,17.336763381958008,17.168987965711757,17.218699068465515,76966600
2004-10-27,17.492116928100586,17.616395321651375,17.137925047249418,17.3119145611792,72392600
2004-10-28,17.405118942260742,17.73445578321632,17.33676572229482,17.467258125392817,63059600
2004-10-29,17.380260467529297,17.492110745147865,17.274624225912447,17.47346982234889,80010100
2004-11-01,17.44861602783203,17.572894394188356,17.374048770976966,17.498327137333295,72930900
2004-11-02,17.54804229736328,17.69096162201799,17.41755104925419,17.560470373908895,89417100
2004-11-03,17.690959930419922,17.802810238222158,17.591537697974935,17.802810238222158,79666700
2004-11-04,18.020296096801758,18.020296096801758,17.635034072551708,17.635034072551708,87867700
2004-11-05,18.212921142578125,18.24399132056367,18.038932886683487,18.15078197181314,95337700
2004-11-08,18.194286346435547,18.318563544599634,18.10107696630436,18.132147154750253,112802100
2004-11-09,18.498760223388672,18.573326277599804,18.237776663237582,18.28748776111369,100401000
2004-11-10,18.473905563354492,18.64168097659331,18.449050605026237,18.59196987473064,84097700
2004-11-11,18.629249572753906,18.691388735269424,18.52982738681146,18.573324445010538,87358900
2004-11-12,18.623037338256836,18.765957781420322,18.517401107330468,18.74110163992891,162269000
2004-11-15,18.969329833984375,19.045512305915608,18.837743609144628,18.934702158176265,104468000
2004-11-16,18.78234100341797,18.93470464634102,18.733860401570272,18.927778846077064,64522600
2004-11-17,18.81696319580078,18.941624922271693,18.740780736077237,18.872368260792193,58830700
2004-11-18,18.747703552246094,18.81696020270939,18.69922429321001,18.789257014139775,63249900
2004-11-19,18.60226821899414,18.747706015209157,18.588416622889593,18.720004143960974,85808600
2004-11-22,18.45682144165039,18.57455731775309,18.075911953591255,18.52607807246851,92410800
2004-11-23,18.37372398376465,18.4914599203723,18.283689921144127,18.366798185027605,70459700
2004-11-24,18.449907302856445,18.512238177876462,18.283692076456795,18.436057024710703,60069200
2004-11-26,18.422191619873047,18.57455513298338,18.38756264805692,18.394488442420144,24398700
2004-11-29,18.539934158325195,18.664595859833295,18.42912405053148,18.449900120142377,67079900
2004-11-30,18.56764030456543,18.70615363171472,18.491459163498206,18.526086834805035,75960400
2004-12-01,18.872365951538086,18.893143343727864,18.56763747089194,18.664597313483448,99889000
2004-12-02,18.761550903320312,18.97624528233546,18.643815020448695,18.886212581767957,96088300
2004-12-03,18.858516693115234,19.003955814540472,18.79618582978455,18.810037426293803,76498400
2004-12-06,18.92776870727539,19.003951148409886,18.747701959750618,18.76847934941292,55297400
2004-12-07,18.747703552246094,18.962397979817645,18.69922429321001,18.87929105603028,111656000
2004-12-08,18.948549270629883,18.948549270629883,18.636894978299452,18.706151634479642,95655000
2004-12-09,18.858516693115234,18.948550749464417,18.657673827574886,18.789260031529928,83006000
2004-12-10,18.754629135131836,18.82388578480393,18.726927267839432,18.754629135131836,70949200
2004-12-13,18.872365951538086,18.893143343727864,18.63689412389708,18.768481632510767,93812500
2004-12-14,18.858516693115234,18.92777335470054,18.726930489160193,18.73385496645387,127843200
2004-12-15,18.775405883789062,18.97624870790809,18.747702696483994,18.851587006956642,106303900
2004-12-16,18.810043334960938,18.893151619161717,18.706158970430984,18.80311753453076,88997500
2004-12-17,18.6715145111084,18.92083783634762,18.560704437882137,18.6992176898951,126184400
2004-12-20,18.664600372314453,18.803112380063865,18.623045581124728,18.706153842543177,85552800
2004-12-21,18.747703552246094,18.81696020270939,18.657670831316324,18.69922429321001,94646100
2004-12-22,18.678457260131836,18.803119035906214,18.546871004335745,18.58842448927338,63651900
2004-12-23,18.706146240234375,18.80310473835045,18.581484559250583,18.6091877421183,65801900
2004-12-27,18.595338821411133,18.768479776320063,18.574561431276226,18.706148926875994,55958500
2004-12-28,18.664600372314453,18.720005439606417,18.560714715301142,18.59534370795925,55075900
2004-12-29,18.629976272583008,18.699232955127602,18.574571190739604,18.595348591791385,47594900
2004-12-30,18.53301429748535,18.65767603892189,18.526088498409866,18.623047043544457,48355400
2004-12-31,18.505311965942383,18.6299737132044,18.477610089307028,18.526089364139775,54959500
2005-01-03,18.519161224365234,18.664600351444644,18.456830358611345,18.560714694547496,65002900
2005-01-04,18.588417053222656,18.768483843867696,18.463755327317553,18.609194447860485,109442100
2005-01-05,18.54686164855957,18.768481884381508,18.533010053580497,18.588415112535984,72463500
2005-01-06,18.52608299255371,18.740777416243276,18.4499005463255,18.595339641764745,76890500
2005-01-07,18.470674514770508,18.623038058033327,18.436046857061832,18.574558808856995,68723300
2005-01-10,18.56071662902832,18.602271424502607,18.380651132484296,18.422204606997443,70376600
2005-01-11,18.512231826782227,18.57456268041805,18.429124902574955,18.484529959033384,64712000
2005-01-12,18.54686164855957,18.59534091002552,18.4360515306486,18.539935851070034,72940600
2005-01-13,18.19365882873535,18.560716948345085,18.117476356682996,18.477609997889022,89861600
2005-01-14,18.089771270751953,18.31831732539991,18.034366206623993,18.283688334719354,92180800
2005-01-18,18.22828483581543,18.249062232007876,17.89585442250257,18.027441956465967,69146400
2005-01-19,17.99280548095703,18.186723801900673,17.951252026812142,18.152094822646188,58114100
2005-01-20,17.909700393676758,18.075915548117116,17.826592155976268,17.895848800566572,58380100
2005-01-21,17.764266967773438,18.096697382569044,17.75734116901173,17.972036967741477,76501000
2005-01-24,17.778114318847656,18.006660339549665,17.75733692752539,17.840445171853723,69010900
2005-01-25,18.0205135345459,18.13824945390922,17.833520958916942,17.84044675663959,67580700
2005-01-26,18.013587951660156,18.124398074622395,17.937405496763294,18.05514141753078,64974500
2005-01-27,18.082839965820312,18.117467624994724,17.902773232000207,17.97202987130956,93204100
2005-01-28,18.131324768066406,18.456829355226926,17.978959850746264,18.380648217527785,110466500
2005-01-31,18.20058250427246,18.366797706750077,18.11747424255315,18.249061773208307,71442100
2005-02-01,18.276758193969727,18.30446137993181,18.159022295552102,18.179799685023664,57981700
2005-02-02,18.325237274169922,18.35294045986855,18.20057690140791,18.297535409431898,79329500
2005-02-03,18.131324768066406,18.283688364425622,18.075919703848427,18.26291229094446,62545400
2005-02-04,18.22828483581543,18.262913829469504,18.103623100582848,18.12440049677529,61246500
2005-02-07,18.11746597290039,18.214424466515723,18.04820933990641,18.19364840128981,57763400
2005-02-08,18.172874450683594,18.24213109677054,18.117469398006172,18.13824678812045,61343700
2005-02-09,18.055137634277344,18.221352783892165,18.034361566175857,18.179799326728606,77874800
2005-02-10,18.048215866088867,18.096695130426493,18.006662399651027,18.075919057688015,71796400
2005-02-11,17.98588752746582,18.089773189565893,17.87507738745607,18.027442320690277,83835900
2005-02-14,18.013587951660156,18.08977040655702,17.944331294568542,17.958182890179035,58694000
2005-02-15,18.013587951660156,18.117792783488532,17.964959118476003,18.06221678484431,76551600
2005-02-16,17.91632652282715,18.013584168771153,17.832961879849396,17.9719025098003,57506600
2005-02-17,17.819076538085938,17.964964405609887,17.784342025599468,17.860758218077045,67024800
2005-02-18,17.700963973999023,17.819063082323893,17.64538800096589,17.81211592006529,77091100
2005-02-22,17.52729606628418,17.707918383826627,17.50645589601453,17.54119039648812,96419200
2005-02-23,17.506452560424805,17.610657367027187,17.485611069089924,17.534239890501972,83689400
2005-02-24,17.62455177307129,17.673180594699893,17.471716819340234,17.492558310767926,85236300
2005-02-25,17.541181564331055,17.631492015111952,17.471711273326587,17.596757532127512,62467700
2005-02-28,17.478668212890625,17.6245560381165,17.457826716419405,17.520349880796733,82728000
2005-03-01,17.562034606933594,17.652345117148947,17.457828439329738,17.499511436385866,56394800
2005-03-02,17.54813003540039,17.7009636269864,17.478659739211952,17.49950122557919,67739000
2005-03-03,17.48561668395996,17.58287435801482,17.464775185932595,17.575927192005697,52183600
2005-03-04,17.48561668395996,17.575927192005697,17.457828019923472,17.51340402296002,63058200
2005-03-07,17.69402313232422,17.916328428903416,17.478666325521452,17.485613490261695,80407400
2005-03-08,17.645395278930664,17.798230261586404,17.603713613222855,17.645395278930664,52871800
2005-03-09,17.58287811279297,17.763500492492312,17.562037935351665,17.638454127697635,62991800
2005-03-10,17.666234970092773,17.70096946712922,17.54118866070376,17.666234970092773,59132900
2005-03-11,17.430038452148438,17.700971266677957,17.409196956786065,17.680131096351847,60617900
2005-03-14,17.443937301635742,17.47172464428158,17.339731122863185,17.42309580087391,65550500
2005-03-15,17.30499839782715,17.53424962970179,17.291104062553114,17.436991932857016,71469400
2005-03-16,17.110477447509766,17.34667578860723,17.061848611113774,17.24247094989633,74841400
2005-03-17,17.047958374023438,17.145216062616477,17.041011206975845,17.117427394426105,60573200
2005-03-18,16.88817024230957,17.304990843309884,16.86733007353306,17.041005213530177,135904000
2005-03-21,16.811758041381836,16.922910051156553,16.77702221017944,16.915962884916073,71446200
2005-03-22,16.66586685180664,16.860383492347275,16.645025357272793,16.804807498626552,102113300
2005-03-23,16.79786491394043,16.943751440346624,16.64502989575881,16.66587139597537,79293300
2005-03-24,16.867332458496094,16.99932462953095,16.811756458840275,16.83954379615001,78820900
2005-03-28,16.811758041381836,16.999326229728872,16.797863708900877,16.95069739108199,49802000
2005-03-29,16.61724090576172,16.839544919210876,16.547770570299747,16.770074583748904,74231700
2005-03-30,16.78396224975586,16.80480373962776,16.672810287177548,16.700598940340083,59585700
2005-03-31,16.790918350219727,16.888176037983374,16.756183840314602,16.8464943610899,62382300
2005-04-01,16.75617790222168,16.915958711220355,16.742283573168887,16.839541226466142,64619600
2005-04-04,16.832592010498047,16.853433501537218,16.63112956393001,16.749228696413336,62196400
2005-04-05,16.99932289123535,17.020164385863733,16.756178745751985,16.825647744440825,73549600
2005-04-06,17.13826560974121,17.32583510895463,16.98543193910604,16.999324945500963,78020200
2005-04-07,17.436986923217773,17.457827095104715,17.11047676326785,17.131318260191154,77451500
2005-04-08,17.325828552246094,17.5411853077871,17.304987062986303,17.416139022300104,47956300
2005-04-11,17.346677780151367,17.443936789145916,17.27026159634291,17.388360780450416,47791800
2005-04-12,17.589811325073242,17.61065281101627,17.228566852274753,17.3119314710112,67517800
2005-04-13,17.39530372619629,17.68013086727699,17.360567901042398,17.52729588667235,60929300
2005-04-14,17.25635528564453,17.46476484234092,17.249408123749898,17.37445438778199,66754400
2005-04-15,16.99237060546875,17.298039142719738,16.95763611659206,17.075735233822954,100251600
2005-04-18,17.124372482299805,17.256365990104676,16.950697302306832,16.98543313332731,75766400
2005-04-19,17.110477447509766,17.228576618058497,16.985432436078533,17.166053449824677,65956200
2005-04-20,16.895116806030273,17.159103751457312,16.881222477315983,17.131315094028732,91923500
2005-04-21,17.562034606933594,17.638450784796902,16.999326072004035,17.006273238180057,93562300
2005-04-22,17.353612899780273,17.54118229580336,17.21467363701312,17.40224170800056,80087500
2005-04-25,17.36056900024414,17.56203282378387,17.27025849919841,17.416144998972975,75457900
2005-04-26,17.200790405273438,17.54119360736243,17.186896072526174,17.332783916299455,60464300
2005-04-27,17.36056900024414,17.47172099770181,17.110476343446223,17.13131783985816,47732800
2005-04-28,16.98543357849121,17.3119424484222,16.978486412105042,17.242472109597,83623100
2005-04-29,17.575925827026367,17.575925827026367,17.221629663331427,17.284151502485106,98641200
2005-05-02,17.52729606628418,17.61760788757353,17.33278074357405,17.52729606628418,54376700
2005-05-03,17.617610931396484,17.645398271568972,17.430041416345382,17.457828756517866,67867800
2005-05-04,17.51339340209961,17.6453868261537,17.443924434210157,17.603705180412902,86864200
2005-05-05,17.52729606628418,17.59676639226762,17.423091239827144,17.50645589601453,59362300
2005-05-06,17.520349502563477,17.700971826305736,17.499509331578494,17.5967669962719,64322600
2005-05-09,17.443937301635742,17.596770998779366,17.402254300112077,17.52730065460986,61872400
2005-05-10,17.298038482666016,17.42308475790793,17.242462507562472,17.39529743287404,62235100
2005-05-11,17.30499839782715,17.34668007861252,17.117428846737877,17.291104062553114,59463300
2005-05-12,17.367521286010742,17.44393880368094,17.2494220882644,17.256369255783213,74540700
2005-05-13,17.575925827026367,17.631501825746785,17.3605689976143,17.388357659492673,77204300
2005-05-16,17.764087677001953,17.77105687842377,17.555016951304435,17.58289242775245,50577300
2005-05-17,17.743181228637695,17.77105803614104,17.596831976963184,17.63864585897885,39983200
2005-05-18,17.910442352294922,18.008008536077714,17.71530865548978,17.77106095039988,71182400
2005-05-19,18.063758850097656,18.15435582092678,17.91044038821782,17.945285070250694,52120800
2005-05-20,17.938318252563477,18.063761251340217,17.93134904938259,18.03588443861668,64444500
2005-05-23,18.01497459411621,18.1682930460434,17.938314703532953,17.938314703532953,75421100
2005-05-24,17.945281982421875,18.035878937662062,17.92437437925605,17.980126658459056,61287700
2005-05-25,17.91741371154785,17.959228937794414,17.771064407404342,17.89650742766439,35749000
2005-05-26,18.04981803894043,18.119508722953483,17.93134427489001,17.94528267754047,50579200
2005-05-27,18.168291091918945,18.182229494023883,17.987095852272336,18.00103425437727,54978000
2005-05-31,17.980127334594727,18.140416306415258,17.945282657247223,18.112539501145864,46131100
2005-06-01,17.98710060119629,18.119512797674055,17.847720531065594,17.931348307296105,54621000
2005-06-02,17.973155975341797,18.021939045859042,17.868619305103152,17.917402375620398,27212500
2005-06-03,17.722272872924805,17.98709586693859,17.659551392640637,17.910437313777308,79659500
2005-06-06,17.680456161499023,17.771053102253205,17.638640961853422,17.68742403220098,40756900
2005-06-07,17.77802848815918,18.001037646910433,17.63864709931993,17.65258550405174,54511400
2005-06-08,17.701366424560547,17.854686199363833,17.659552544722956,17.80590178877416,45369700
2005-06-09,17.77802848815918,17.847719182578807,17.666523908783553,17.701368591373647,52767900
2005-06-10,17.722272872924805,17.784994353208972,17.659551392640637,17.76408675003452,39459800
2005-06-13,17.638641357421875,17.764084300693934,17.603796686174746,17.673487357908005,49104100
2005-06-14,17.67349624633789,17.729248545915876,17.58986713235107,17.638650228326853,44243300
2005-06-15,17.60379981994629,17.70833518153572,17.49926445835686,17.70136598019786,50764800
2005-06-16,17.450485229492188,17.582896096416437,17.387763732848267,17.575926893540498,65918800
2005-06-17,17.450485229492188,17.624711313672073,17.366856124220448,17.610772907920193,90821300
2005-06-20,17.4992618560791,17.617735602726277,17.373818909130442,17.40866358139883,50538900
2005-06-21,17.527137756347656,17.55501455823481,17.450479209636132,17.478354682284213,81084000
2005-06-22,17.47138786315918,17.603800031692767,17.443512386711678,17.49926466884594,60492700
2005-06-23,17.638641357421875,17.85468257271887,17.527136814344264,17.54107521453872,105159800
2005-06-24,17.450485229492188,17.70136988682834,17.450485229492188,17.575926893540498,57970700
2005-06-27,17.45745277404785,17.59683417046017,17.443515697798226,17.471391179536987,61636200
2005-06-28,17.47138786315918,17.561986152401886,17.443512386711678,17.48532626600256,53058100
2005-06-29,17.48532485961914,17.64561249170794,17.422603381108022,17.57592181233568,55859900
2005-06-30,17.31110191345215,17.52017265962008,17.297163509243784,17.464420372026005,82018200
2005-07-01,17.22049903869629,17.415632658035157,17.192623566927328,17.31806651298524,69718400
2005-07-05,17.40866470336914,17.555015260654397,17.157780122541613,17.185655596305057,61883500
2005-07-06,17.213533401489258,17.478356399236215,17.206564200332863,17.401696515755084,64214600
2005-07-07,17.178691864013672,17.220505752588938,17.074156477955732,17.129908772469268,80082900
2005-07-08,17.48532485961914,17.506232462202565,17.164748266202395,17.171717467063537,56104000
2005-07-11,17.624704360961914,17.687424503624044,17.499261417159637,17.52713688842736,61525400
2005-07-12,17.847721099853516,17.854690302968084,17.561990418354195,17.589865901572878,63384800
2005-07-13,17.882568359375,17.945289867191747,17.75712534374151,17.791971364328464,44749200
2005-07-14,18.098600387573242,18.189198671900705,17.973158756506205,17.973158756506205,69506800
2005-07-15,17.973155975341797,18.189195857306306,17.945279175481097,18.147381986754237,56472800
2005-07-18,17.805906295776367,17.973164515941406,17.805906295776367,17.91741088972665,39668000
2005-07-19,18.231014251708984,18.29373573772031,17.945283628430403,17.973160435208463,113290100
2005-07-20,18.25191307067871,18.27978853479876,18.035871909864653,18.119500960702137,71424800
2005-07-21,18.426143646240234,18.454019117326503,18.119505488857268,18.32857617434079,112932100
2005-07-22,17.89650535583496,18.356462157380655,17.86165933799685,18.112545349472565,97558900
2005-07-25,17.903461456298828,18.04981063639051,17.875584662430683,17.903461456298828,45174600
2005-07-26,17.798934936523438,17.938314987049434,17.791965734611235,17.92437658322503,51476400
2005-07-27,17.92437171936035,17.980123990289975,17.791960906676874,17.847713177606494,57977300
2005-07-28,17.945281982421875,18.014972663735428,17.882560502163596,17.945281982421875,44738700
2005-07-29,17.847721099853516,18.119513375123706,17.833782693624386,17.966194894321987,59524400
2005-08-01,18.063758850097656,18.15435582092678,17.952254272505154,17.98709895453803,61346800
2005-08-02,18.684009552001953,18.746731064278368,18.028920269265857,18.04982655386475,137510100
2005-08-03,18.990638732910156,19.116081696851694,18.62824824357666,18.649155847313324,139422400
2005-08-04,19.039424896240234,19.1648678805,18.851260419850586,18.927920316729207,91461400
2005-08-05,19.346073150634766,19.471516199710976,18.99065162133221,19.018528445233645,82212400
2005-08-08,18.907011032104492,19.40181372286841,18.872166352563635,19.373936915844272,77207200
2005-08-09,19.060327529907227,19.17183208032311,18.823380027963704,18.96972925191989,64761800
2005-08-10,18.781566619873047,19.16486335528306,18.711875941824193,19.102141877963003,62818800
2005-08-11,19.004575729370117,19.02548200232083,18.739751418588654,18.802472895919045,48646800
2005-08-12,18.851259231567383,18.913980719743634,18.74672386102008,18.872166837372585,52006500
2005-08-15,18.963090896606445,19.081916071649356,18.655544482645233,18.858245467611397,45976600
2005-08-16,18.69050407409668,18.97009250206115,18.662545897891626,18.89320651761016,46894600
2005-08-17,18.83728790283203,18.97708144332729,18.634585469317233,18.74642083498653,52413100
2005-08-18,18.746410369873047,18.928143070929732,18.732430623672848,18.795338148391775,40861900
2005-08-19,18.6765193939209,18.809324362123455,18.662540976096235,18.767386442284597,36043500
2005-08-22,18.809316635131836,18.991049324019812,18.71146108464673,18.725440829910855,41691700
2005-08-23,18.781360626220703,18.92115409530754,18.69049360479132,18.760391005925758,48296700
2005-08-24,18.73942756652832,18.98406788459849,18.718459272499363,18.760397193739756,63645000
2005-08-25,18.893198013305664,18.935135925327327,18.76738294405849,18.80233098187951,39306300
2005-08-26,18.851255416870117,18.928142686226558,18.78135935365366,18.914162940310487,36774600
2005-08-29,18.977079391479492,19.032997068268184,18.739428931831906,18.739428931831906,52307700
2005-08-30,18.998046875,19.03299491910321,18.84427228130806,18.914169702696903,55163200
2005-08-31,19.137840270996094,19.17977952348991,18.900191172776555,18.991056886814988,65210200
2005-09-01,19.01202392578125,19.144827541058294,18.977074553459207,19.13783766659389,75974500
2005-09-02,18.886211395263672,19.06095428086045,18.851262018234866,19.019015028425883,52047500
2005-09-06,18.872230529785156,19.074932905032593,18.858250779799334,18.914168446560293,46089000
2005-09-07,18.767377853393555,18.949110533768554,18.746408236479656,18.830285370953433,44656100
2005-09-08,18.599626541137695,18.788347777108456,18.536719018086796,18.732430126972318,52552300
2005-09-09,18.57866859436035,18.746421650158894,18.54372054101253,18.606628103584832,41515800
2005-09-12,18.599626541137695,18.697482095580455,18.536719018086796,18.606616414052457,40550500
2005-09-13,18.508760452270508,18.704472904127872,18.43187451272605,18.55069969185695,63422900
2005-09-14,18.38994026184082,18.620600809410277,18.382950386680246,18.53672497384813,54969600
2005-09-15,18.36197853088379,18.473813845384424,18.32702916186352,18.431875935742212,60357200
2005-09-16,18.222179412841797,18.45283986111137,18.152282024509425,18.410901961384667,187384300
2005-09-19,18.173259735107422,18.361982367705004,18.075404147767514,18.236167279306617,61832300
2005-09-20,18.06142234802246,18.327030912030626,17.956576897313507,18.222185461321672,61043400
2005-09-21,17.8167781829834,18.10335630781632,17.774840278495688,18.033458911548838,68281800
2005-09-22,17.711931228637695,17.8936639099974,17.579126320493714,17.816776647411647,71314900
2005-09-23,17.663005828857422,17.851728407918902,17.55816039599505,17.69096398880245,66396800
2005-09-26,17.663005828857422,17.816779041510102,17.621066589166865,17.753871515156277,56203700
2005-09-27,17.711931228637695,17.78881849122345,17.683971739267665,17.73290084566522,48797900
2005-09-28,17.94260025024414,18.0823950974783,17.73989785507285,17.746887730752807,71019400
2005-09-29,18.131319046020508,18.173256958017227,17.823771247286125,17.900658530265268,66807100
2005-09-30,17.984535217285156,18.138309790622642,17.900659389266753,18.110350292495006,57644500
2005-10-03,17.823776245117188,17.984539397168156,17.78183832136097,17.970559644855232,55341300
2005-10-04,17.46030616760254,17.74688434997527,17.299543057136315,17.72591606011233,151666300
2005-10-05,17.243627548217773,17.509236140703802,17.243627548217773,17.502247598665182,73684700
2005-10-06,17.285558700561523,17.439333228869305,17.145765250405734,17.236630926347903,81724600
2005-10-07,17.18770408630371,17.36244690838229,17.138776309430817,17.3135191315094,50768700
2005-10-10,17.09684181213379,17.250616391431517,17.019955855667224,17.243626516628687,48880900
2005-10-11,17.061893463134766,17.15974904224239,16.950058134673974,17.13179087671833,76567300
2005-10-12,16.985008239746094,17.264597928070135,16.964039946349498,17.11781320838177,71294400
2005-10-13,17.18770408630371,17.2855596400495,16.964033487352236,16.991991645630204,70192000
2005-10-14,17.243627548217773,17.285565466361383,17.124802335825567,17.271585715919386,53846700
2005-10-17,17.145769119262695,17.257604437895147,17.08286158588417,17.25061456383285,46924400
2005-10-18,17.17372703552246,17.355459758984015,17.0898512143446,17.117809377009838,69328200
2005-10-19,17.537193298339844,17.537193298339844,17.124800047679916,17.16673796021995,66574500
2005-10-20,17.327489852905273,17.565138740634794,17.292540506782377,17.509221120019394,58830600
2005-10-21,17.320507049560547,17.47428023568917,17.173722402326234,17.411372720186147,69431200
2005-10-24,17.54418182373047,17.54418182373047,17.25061379215699,17.39739714135268,51868000
2005-10-25,17.495254516601562,17.56515058963498,17.35545970417045,17.439336858265545,41310500
2005-10-26,17.551177978515625,17.704951256491736,17.42536287236127,17.453321044183028,58178100
2005-10-27,17.369441986083984,17.663010068472364,17.369441986083984,17.62806069367474,61566100
2005-10-28,17.844741821289062,17.89366961009091,17.544183880726564,17.544183880726564,106559300
2005-10-31,17.963565826416016,18.033461901088735,17.823771010706235,17.90065829266483,75122100
2005-11-01,18.145294189453125,18.243151077377142,17.900655302597944,17.900655302597944,71370400
2005-11-02,18.494783401489258,18.522742898622184,18.124329396753424,18.124329396753424,75067100
2005-11-03,18.48080062866211,18.620594081819323,18.34799571495815,18.592635924460637,73421600
2005-11-04,18.63457489013672,18.669522922124234,18.48779155597081,18.543709207060008,57464000
2005-11-07,18.879215240478516,18.928143018862656,18.66253450769935,18.676512920679123,77104800
2005-11-08,18.907184600830078,18.99805167153196,18.71147337134805,18.83029861775475,60091700
2005-11-09,18.84426498413086,18.977069900024578,18.830286571811975,18.858244729631654,59562100
2005-11-10,18.935142517089844,18.97708044371107,18.620604734474004,18.830297033945445,73314800
2005-11-11,19.067949295043945,19.144835278863116,18.963102468883914,18.977082223462954,51945600
2005-11-14,19.130849838256836,19.179777628148837,19.012024634298136,19.123859963531938,67152200
2005-11-15,19.278059005737305,19.30610046063984,19.102803923866965,19.158885496581867,65081000
2005-11-16,19.446308135986328,19.54445057623206,19.23600252486249,19.26404264903678,86277000
2005-11-17,19.6075382232666,19.62856931459899,19.46032459521039,19.523416532117388,91351000
2005-11-18,19.677648544311523,19.803832469556486,19.55847498570136,19.712700377485525,75431200
2005-11-21,19.74073600769043,19.796817590896183,19.516409674867422,19.67764405944766,65794400
2005-11-22,19.565481185913086,19.684654719145527,19.53043069729372,19.670633988861606,104253300
2005-11-23,19.57248878479004,19.691662301179168,19.446304904249754,19.57248878479004,70541300
2005-11-25,19.4603328704834,19.586516797955593,19.257036245758034,19.488373000426808,44082500
2005-11-28,19.45331382751465,19.52341612674354,19.2990898388832,19.481355282042262,57517200
2005-11-29,19.40424346923828,19.48135613547721,19.348161894816386,19.48135613547721,62220400
2005-11-30,19.40424346923828,19.467335407599187,19.369191649543218,19.40424346923828,55904700
2005-12-01,19.55145263671875,19.698667571645633,19.43928951348393,19.43928951348393,61006100
2005-12-02,19.63558006286621,19.698672001008628,19.481356068012634,19.50238582266664,42319600
2005-12-05,19.523418426513672,19.642591948113846,19.425274661196273,19.579500005084913,47517300
2005-12-06,19.411256790161133,19.572491174049194,19.40424642515421,19.558470444035343,65980000
2005-12-07,19.45331382751465,19.45331382751465,19.313109229056863,19.397232255549564,55583200
2005-12-08,19.411256790161133,19.495378496063424,19.348164842189213,19.425276183084577,63931600
2005-12-09,19.425277709960938,19.50940075956592,19.376206488145744,19.425277709960938,48467000
2005-12-12,19.243017196655273,19.45332285484431,19.158894131125198,19.418272357509725,63757200
2005-12-13,19.01869010925293,19.228997111628015,18.92755801085396,19.130854646107462,104285500
2005-12-14,18.990642547607422,19.09579533910764,18.822397813789017,18.927550605289234,65076200
2005-12-15,18.871477127075195,19.0046714332579,18.79436442290244,18.983640331095096,79018100
2005-12-16,18.857450485229492,18.983634384497662,18.794358535595407,18.843429754846262,88542500
2005-12-19,18.808372497558594,18.836413948233997,18.682188643699206,18.801362134889743,68680100
2005-12-20,18.829408645629883,18.84342803764508,18.696214393308086,18.7593063371926,62960600
2005-12-21,18.73827362060547,18.864457497445674,18.72425289271429,18.83641737875352,75800900
2005-12-22,18.64013671875,18.773330998973606,18.520963170569008,18.724258436824467,91276900
2005-12-23,18.675186157226562,18.69621725410291,18.53498285598917,18.591064443902233,30689200
2005-12-27,18.54899787902832,18.822396725631535,18.541988852145092,18.70322321226352,37819000
2005-12-28,18.49993324279785,18.68920912607476,18.47189311402943,18.584056303284484,35444400
2005-12-29,18.41579818725586,18.577032487947836,18.408787825866245,18.513940572531023,34495500
2005-12-30,18.331682205200195,18.443845356191634,18.296631721924207,18.331682205200195,49044600
2006-01-03,18.815387725830078,18.92755088335682,18.29663278799632,18.401785581041352,79973000
2006-01-04,18.90652084350586,18.98363352001158,18.766317557329547,18.766317557329547,57975600
2006-01-05,18.920536041259766,19.018678446597324,18.86445447576831,18.899504952791723,48245500
2006-01-06,18.864452362060547,18.92754428330542,18.57002384194776,18.850431637986166,100963000
2006-01-09,18.829408645629883,18.976622289966876,18.7593063371926,18.87847986040888,55625000
2006-01-10,18.92755126953125,18.94157199878073,18.640133005368558,18.682193856026668,64921900
2006-01-11,19.130847930908203,19.200948903335984,18.85744905749656,18.934561731675526,70120700
2006-01-12,19.025686264038086,19.10980926956574,18.9065127861763,19.102798907680953,45994800
2006-01-13,19.060747146606445,19.10280800084684,18.93456324679482,18.948583977238435,41418000
2006-01-17,18.920536041259766,19.06074062353341,18.857444112945625,18.857444112945625,58566600
2006-01-18,18.808372497558594,18.91352526341143,18.71724045704346,18.7452805706289,52376200
2006-01-19,18.94157600402832,19.0958000471127,18.82240245438883,18.83642318660303,60367600
2006-01-20,18.513952255249023,18.934564844413813,18.408799442230467,18.934564844413813,79165900
2006-01-23,18.471891403198242,18.598075313695936,18.436839574120793,18.51395226100062,47925600
2006-01-24,18.422821044921875,18.5419945952018,18.380758848053226,18.4648819046999,63040700
2006-01-25,18.506935119628906,18.626108620680615,18.387761618577198,18.513945482877837,59072100
2006-01-26,18.577037811279297,18.731261794775218,18.44384358088867,18.619098654579986,69509300
2006-01-27,19.481361389160156,19.59352456825182,19.060748799021134,19.088788925248767,134520700
2006-01-30,19.628570556640625,19.754754438439186,19.474346555048083,19.502386674842064,103999200
2006-01-31,19.733722686767578,19.894957047196748,19.537437843493876,19.565477962351455,94841300
2006-02-01,19.6566162109375,19.677645971001052,19.460329982104252,19.600533285193247,68448800
2006-02-02,19.40424346923828,19.621559402986843,19.313110075121326,19.60753867510882,55073400
2006-02-03,19.30609893798828,19.4182620745719,19.16589434871373,19.26403675895188,75022700
2006-02-06,19.046724319458008,19.306102455750157,18.990642740947585,19.285071362399886,60170500
2006-02-07,18.885486602783203,19.03270021888508,18.794353218166748,18.892496965991395,72159500
2006-02-08,18.864452362060547,18.983625842513103,18.724247795496424,18.93455464534261,51795200
2006-02-09,18.689197540283203,18.94857559032377,18.682187178164284,18.89950305549134,52861700
2006-02-10,18.710235595703125,18.85043887903391,18.58405170474217,18.661164379682834,52127000
2006-02-13,18.49993324279785,18.717250591933865,18.464882747564655,18.66817802668043,46707000
2006-02-14,18.682188034057617,18.703219121377877,18.471882509214684,18.513943346765288,58432900
2006-02-15,18.907276153564453,18.942446744146853,18.63998637324245,18.710326212786406,62808900
2006-02-16,18.85803985595703,18.921345581371188,18.689225035392923,18.88617633019485,48868500
2006-02-17,18.780668258666992,18.858040883796242,18.682191935088206,18.759565901838464,41513200
2006-02-21,18.66813087463379,18.794741030321298,18.527451135041318,18.794741030321298,50216100
2006-02-22,18.79473114013672,18.893207442679707,18.618882228992256,18.661086933633847,43043100
2006-02-23,18.752532958984375,18.91431367995301,18.668126209618602,18.801770453051255,47359100
2006-02-24,18.731430053710938,18.80880402305381,18.654057425989123,18.70329491861784,44753800
2006-02-27,19.0268497467041,19.174563514938452,18.759560018803707,18.815831611078558,51301500
2006-02-28,18.90024185180664,19.20270085668155,18.90024185180664,18.95651345057648,65036100
2006-03-01,19.090164184570312,19.132368904289727,18.956519930322436,18.977620948560944,53061200
2006-03-02,18.9705867767334,19.062028994254216,18.92134927881659,19.005757376403405,41850300
2006-03-03,18.94245147705078,19.104232209289325,18.808805882687068,18.858043380183915,45218800
2006-03-06,18.928390502929688,19.097205419841522,18.872118863959074,18.935424625503725,53054100
2006-03-07,19.03389549255371,19.062031976691937,18.85804649155401,18.921352239243614,51613900
2006-03-08,19.167539596557617,19.343388583682,18.97058824799464,18.984656488953707,57547400
2006-03-09,18.991687774658203,19.287114082595508,18.991687774658203,19.18160497439385,45360700
2006-03-10,19.11126136779785,19.146430616416602,18.907275969270767,19.0338874108916,41297200
2006-03-13,19.069063186645508,19.195674662696224,18.94948583055552,19.118300684749407,40342600
2006-03-14,19.153470993041992,19.258980114995175,18.984656129592643,19.019826731324553,39821800
2006-03-15,19.244905471801758,19.308211187823797,18.99871672522947,19.13236227478941,57152000
2006-03-16,19.181604385375977,19.32931686399821,19.146433789308023,19.230841878250054,73793700
2006-03-17,19.343387603759766,19.455930842488307,19.181606865790144,19.237878485154415,120615000
2006-03-20,19.61771011352539,19.688049967876307,19.462963507250276,19.48406586604189,67094100
2006-03-21,19.512203216552734,19.84983294579732,19.469999835802483,19.512203216552734,73199600
2006-03-22,19.097200393676758,19.343389252487228,18.851011534866288,19.04796289023893,145696100
2006-03-23,18.886178970336914,19.062027934042803,18.75253338226652,19.047959694957264,73682900
2006-03-24,18.998727798461914,19.13940620591009,18.72440376355969,18.78770817485738,69157600
2006-03-27,18.998727798461914,19.202711958829298,18.99169367684628,18.998727798461914,59908600
2006-03-28,18.92135238647461,19.139404773756958,18.85804663829241,18.998726376835393,58520500
2006-03-29,19.005752563476562,19.132364006983707,18.935412723570277,18.95651507802842,53150300
2006-03-30,19.153470993041992,19.266014235341558,18.991690249939026,19.012792610978174,54612000
2006-03-31,19.139400482177734,19.371522401211973,19.139400482177734,19.20270621616505,62190500
2006-04-03,19.385595321655273,19.505172707270155,19.301188544528024,19.46296931870653,57605300
2006-04-04,19.441862106323242,19.554405342181052,19.322284750521668,19.41372696816939,45470000
2006-04-05,19.512203216552734,19.65288294121529,19.441863354221457,19.610678218843752,41539300
2006-04-06,19.385595321655273,19.49813858557263,19.251951034266874,19.455935197009005,51885500
2006-04-07,19.167539596557617,19.49813520936779,19.153471355598555,19.420762567335544,47249400
2006-04-10,19.1956729888916,19.301182095860057,19.13236725638631,19.153468272807352,39432000
2006-04-11,19.0831241607666,19.216769715289022,18.991683312906495,19.19566870357865,42953400
2006-04-12,19.13237190246582,19.13237190246582,18.970589801431416,19.062032033531917,32183000
2006-04-13,19.04092025756836,19.132362444464807,18.99168277614139,19.047954375146606,28160000
2006-04-17,18.87914276123047,19.026855230416302,18.80176879644495,19.012788334508823,35796200
2006-04-18,19.146434783935547,19.34338610728423,18.865076708881094,18.949484802207994,56272700
2006-04-19,19.01279640197754,19.125339666717334,18.963557549735032,19.069068034347435,45111100
2006-04-20,19.01279640197754,19.125339666717334,18.780675750749026,19.026863303853858,45648300
2006-04-21,19.097200393676758,19.266015266158448,18.99169126607837,19.026860528070717,58528000
2006-04-24,19.069063186645508,19.167538182853306,18.977620968777234,19.04092670680259,42318400
2006-04-25,19.069063186645508,19.139401703010392,19.005757448620148,19.054994946724047,49222500
2006-04-26,19.062026977539062,19.153467843764467,18.99168712726203,19.047958739159444,39190000
2006-04-27,19.167539596557617,19.434829466673307,18.94948722817735,18.97058824799464,96509600
2006-04-28,16.987003326416016,17.233192052634926,16.881494255642377,17.043274920269997,591052200
2006-05-01,17.08548355102539,17.58489389362633,16.944803863228007,17.106584565060345,174800900
2006-05-02,16.88854217529297,17.584904221468513,16.811168167399554,17.22617201435595,190533500
2006-05-03,16.297685623168945,16.89557250064638,16.283617380964436,16.874470137339618,211527100
2006-05-04,16.487600326538086,16.649381062087535,16.276580750862916,16.424294587997657,171257400
2006-05-05,16.740819931030273,16.84633037702257,16.543869960636233,16.642344945833255,131604300
2006-05-08,16.691577911376953,17.584890679905097,16.536831356377235,16.7759859769536,80693500
2006-05-09,16.614213943481445,16.881503830484036,16.522771713091682,16.705654832249824,75345900
2006-05-10,16.719724655151367,16.73379289832956,16.593113149790653,16.649384780881913,76563300
2006-05-11,16.332855224609375,16.73379208599551,16.28361771749742,16.677519116014484,92916700
2006-05-12,16.297685623168945,16.438365361971197,16.213277511563312,16.276583259862182,83115900
2006-05-15,16.347118377685547,16.40360944656582,16.2623824477918,16.311811964705374,67314800
2006-05-16,16.248254776000977,16.947332061933373,16.177640623038997,16.35417533201747,82095100
2006-05-17,16.0505313873291,16.297680187218795,16.0505313873291,16.16351346496109,98598300
2006-05-18,16.12114906311035,16.340051718241437,16.07171956164716,16.128210612869793,95476400
2006-05-19,15.930493354797363,16.170580690774845,15.902248498898702,16.092906326913713,100071200
2006-05-22,16.156452178955078,16.255312508626922,15.852813682174258,15.873996980291158,87322300
2006-05-23,16.092914581298828,16.50953551075577,16.078791472678926,16.318878931802175,79986300
2006-05-24,16.594257354736328,16.62250354565913,16.227064953855006,16.234126501585706,107356700
2006-05-25,16.763734817504883,16.89084001599388,16.622507866736,16.643691168582258,83052700
2006-05-26,16.749608993530273,16.862591074506497,16.636626912554053,16.784916735618246,46861600
2006-05-30,16.347118377685547,16.777863619680957,16.34005682571885,16.629573722086914,52497500
2006-05-31,15.994044303894043,16.488342025914918,15.994044303894043,16.42478942317358,120202000
2006-06-01,16.114093780517578,16.128216885529284,15.972866770960797,16.05760270732418,80230800
2006-06-02,16.07171630859375,16.23412787962871,16.008163720475267,16.14939199337248,73935600
2006-06-05,15.888113975524902,16.050525484030207,15.881052429913526,16.04346393841883,63914100
2006-06-06,15.62685489654541,15.930494870755847,15.520934319853053,15.92343331939593,126601300
2006-06-07,15.563295364379883,15.810442796483267,15.542110721548525,15.640969694389879,73827500
2006-06-08,15.61272144317627,15.683334210163908,15.513861145059622,15.55623042147484,104126900
2006-06-09,15.478569984436035,15.669227875256233,15.457385325393728,15.640981663199824,52573800
2006-06-12,15.33027458190918,15.605669663548865,15.323214378273711,15.50680930356278,74309700
2006-06-13,15.189045906066895,15.556238409093604,15.153738157591505,15.344395958799938,113175300
2006-06-14,15.450319290161133,15.492688595954188,15.217293495711846,15.245539699573884,86081500
2006-06-15,15.58448314666748,15.626851097674177,15.39382534685803,15.542115195660784,121577300
2006-06-16,15.605676651000977,15.732781922999525,15.3867738752555,15.513877800400406,147506500
2006-06-19,15.923426628112793,15.958734370075495,15.619788128349404,15.633909878281845,129640900
2006-06-20,15.930493354797363,16.071721674849908,15.888125397522831,15.916371600274571,90598500
2006-06-21,16.29768943786621,16.347118956530064,15.909313493918773,15.96580456479937,91660300
2006-06-22,16.156452178955078,16.361233039769314,16.085839389428568,16.283557355067,76590600
2006-06-23,15.888113975524902,16.14938577573735,15.888113975524902,16.1352626845146,60532600
2006-06-26,16.114093780517578,16.16352330120512,15.979926976613225,15.99405008162493,53644100
2006-06-27,16.14232635498047,16.35416736379845,16.12820326189866,16.163509647750896,84759100
2006-06-28,16.354175567626953,16.417728171523024,16.177640856105203,16.21294725966837,71906500
2006-06-29,16.573076248168945,16.68605834226502,16.396541557787224,16.46715570331047,121395500
2006-06-30,16.45302391052246,16.70017261582602,16.45302391052246,16.622498308963596,73048800
2006-07-03,16.73548698425293,16.749608734016675,16.55895231710618,16.615443356719034,25711400
2006-07-05,16.488340377807617,16.608384021336303,16.453032631562237,16.58013782434,53093500
2006-07-06,16.58013343811035,16.67193220721042,16.537765500677022,16.55895014281991,44775200
2006-07-07,16.45302391052246,16.62955850761756,16.45302391052246,16.516576473224863,63168800
2006-07-10,16.594257354736328,16.707239424722502,16.50952012882044,16.54482786747394,50565100
2006-07-11,16.31180191040039,16.50245965542326,16.057591583703232,16.50245965542326,88676300
2006-07-12,15.986978530883789,16.15645164447572,15.972856781557232,16.092900405374756,77379300
2006-07-13,15.718652725219727,15.965801619804145,15.711591174305529,15.796328438422774,73099500
2006-07-14,15.739835739135742,15.923430656376544,15.697466438062037,15.732774188956792,67499400
2006-07-17,15.874001502990723,15.965800310494004,15.718651436177565,15.739836087182864,37053500
2006-07-18,16.057594299316406,16.07171739693304,15.87399807085837,15.951673760897117,65047300
2006-07-19,16.523643493652344,16.566011433874717,16.043469014956983,16.11408314656263,82188200
2006-07-20,16.135272979736328,16.558956558788296,16.085843475769973,16.551895008671252,76605200
2006-07-21,16.855527877807617,17.0532458109563,16.241186743168363,17.003816327669128,175483800
2006-07-24,16.94732666015625,17.025002338341437,16.79903819836909,16.95438820788695,59586700
2006-07-25,17.102678298950195,17.152109137774094,16.87671413745151,16.94732827463301,60075800
2006-07-26,17.20860481262207,17.321586923798783,17.017946994941493,17.032070095551834,54942100
2006-07-27,16.855527877807617,17.371008699020123,16.784913753032054,17.35688560469453,85386800
2006-07-28,17.123859405517578,17.145044046350016,16.98969270728352,17.003815801171815,51705800
2006-07-31,16.989704132080078,17.24391460560478,16.954397720469768,16.996765683772793,40254400
2006-08-01,16.94026756286621,17.08855739295628,16.841408574041303,16.961452209122708,49168700
2006-08-02,17.159170150756836,17.229784291277575,16.96851372225936,17.032066314042755,46462000
2006-08-03,17.095623016357422,17.286280852570727,17.053255057261065,17.08150126122739,43155300
2006-08-04,17.152114868164062,17.293341842857266,17.05325450434042,17.229789232846745,45690400
2006-08-07,17.102678298950195,17.286274516881036,17.081495000592597,17.14504758937068,36862400
2006-08-08,17.18741798400879,17.31452317969123,17.088558985968152,17.222724384208206,58171300
2006-08-09,17.25802993774414,17.399256867444535,17.187415799467612,17.293336333456075,44405700
2006-08-10,17.27215003967285,17.371010362567027,17.187414159309313,17.208598802826465,31753400
2006-08-11,17.250965118408203,17.26508821275627,17.08855357396266,17.250965118408203,30255500
2006-08-14,17.321578979492188,17.371008462105216,17.194473826000188,17.314517432425703,47831900
2006-08-15,17.44915771484375,17.470419023266203,17.32158445705868,17.399544840961987,48994500
2006-08-16,17.5058536529541,17.527114957566138,17.34284265732519,17.4420670354933,52373600
2006-08-17,17.5058536529541,17.54129006184906,17.4420670354933,17.5058536529541,45674800
2006-08-18,18.27837371826172,18.285459916441308,17.704294335255398,17.753905833384156,128414800
2006-08-21,18.512264251708984,18.51935045248805,18.115369417459526,18.186243591562103,88398300
2006-08-22,18.15789794921875,18.604403027070877,18.15789794921875,18.43430579018375,89312400
2006-08-23,18.193334579467773,18.391782034063883,18.087023974146273,18.17915947160819,44648500
2006-08-24,18.242944717407227,18.32799400628227,18.072847491469727,18.299643792719728,35933300
2006-08-25,18.320905685424805,18.427216278205794,18.20750753955008,18.221681293925023,33115900
2006-08-28,18.391786575317383,18.427223001903528,18.207514183080786,18.31382481465224,34190900
2006-08-29,18.313817977905273,18.41304101675586,18.16498206781688,18.370517050364537,42711200
2006-08-30,18.285463333129883,18.349249943160398,18.172065215700563,18.320901089709164,30283100
2006-08-31,18.214595794677734,18.413041881700824,18.200420687943918,18.335081498290002,26380500
2006-09-01,18.313817977905273,18.405953463721882,18.172069620850852,18.34925439126262,31594600
2006-09-05,18.15081024169922,18.398867865176527,18.115372472764843,18.207509320181554,44222400
2006-09-06,18.15081024169922,18.228770629729517,18.07993605564313,18.07993605564313,50160400
2006-09-07,18.023235321044922,18.214595200268914,17.994885108502462,18.058671734910458,51266900
2006-09-08,18.14371681213379,18.27837758684967,18.044492443063664,18.094105303504836,36866800
2006-09-11,18.363426208496094,18.39177641555455,18.01614428290368,18.023231834668294,55608200
2006-09-12,18.377607345581055,18.413043764225982,18.228771413284367,18.356344683306464,52248800
2006-09-13,18.413040161132812,18.49808944177587,18.299642021483702,18.299642021483702,37706700
2006-09-14,18.661088943481445,18.781574570268848,18.413030141058947,18.420117689906643,74324500
2006-09-15,19.02964210510254,19.093428722190787,18.77449563674954,18.838282253837786,126057700
2006-09-18,18.987117767333984,19.16430251088068,18.90206849563415,18.951680007537256,49135000
2006-09-19,19.03672981262207,19.093428878073155,18.937505434223404,18.951680538539264,43039100
2006-09-20,19.26352882385254,19.29896523788757,19.12886801725684,19.14304312359587,71676400
2006-09-21,19.06508445739746,19.313143450983656,19.029648037662046,19.30605589667402,58495100
2006-09-22,18.89497947692871,19.02964025007844,18.76740625518815,19.01546514726011,47712500
2006-09-25,19.100521087646484,19.27061832547576,18.987122929093637,19.00129668505323,67903900
2006-09-26,19.277708053588867,19.362756006189258,19.05091035909122,19.072173023147734,54766500
2006-09-27,19.44780158996582,19.469062898141914,19.221005290670313,19.263529258835078,66233900
2006-09-28,19.419448852539062,19.5044981296266,19.320225822447274,19.46906036758496,44179700
2006-09-29,19.384017944335938,19.433629473463743,19.28479353426755,19.384017944335938,34283500
2006-10-02,19.39109992980957,19.483235407184626,19.24226403335769,19.362749720271157,52908100
2006-10-03,19.3981876373291,19.476148010558433,19.284788150080942,19.3981876373291,39386200
2006-10-04,19.802173614501953,19.816347371115675,19.39819248703692,19.412366243650638,82191200
2006-10-05,19.78799819946289,19.922659023802264,19.688775145640573,19.78799819946289,81967200
2006-10-06,19.7525577545166,19.844693235455168,19.596634299649487,19.674596027083044,36452200
2006-10-09,19.646244049072266,19.795079937891376,19.5753712324856,19.70294311342899,33366300
2006-10-10,19.624988555908203,19.667512528814292,19.447803758351316,19.624988555908203,34598500
2006-10-11,19.518665313720703,19.61080075401538,19.43361607114636,19.46196491746324,37219600
2006-10-12,20.000614166259766,20.050227031963015,19.518672780025234,19.547021637186152,120174900
2006-10-13,20.106931686401367,20.333728013971506,20.06440636112241,20.085669023761888,129751900
2006-10-16,20.16362953186035,20.269940134913295,20.0785802383304,20.184890841383343,49744800
2006-10-17,20.156538009643555,20.20614952451319,19.96517815073577,20.014789665605402,40122600
2006-10-18,20.213241577148438,20.340814844823054,20.02896922959762,20.199066469226214,40630800
2006-10-19,20.05021858215332,20.16361666663211,19.92973294841813,20.092742525879917,44730800
2006-10-20,20.14945411682129,20.191978087031018,19.965181776828953,20.184890533360623,48887800
2006-10-23,20.16362953186035,20.333726767107592,19.972269635277456,20.057317576994745,48525000
2006-10-24,20.043142318725586,20.149452913809007,19.936830371829608,20.149452913809007,61409600
2006-10-25,20.064409255981445,20.17071988089167,19.94392352059974,20.043147942087163,40717100
2006-10-26,20.09275245666504,20.135276421408985,19.873043728373457,20.078577351146237,69964200
2006-10-27,20.085660934448242,20.40459398652938,20.021874324032012,20.191971501204556,89060100
2006-10-30,20.2203311920166,20.44003997995355,20.071495247288915,20.092757911339394,47296800
2006-10-31,20.3478946685791,20.447119041118405,20.241584096112668,20.31245826169438,61861700
2006-11-01,20.418779373168945,20.546352666699626,20.340818967421395,20.397518058789146,75895900
2006-11-02,20.390426635742188,20.4542132704085,20.25576581235634,20.347901311422838,58674400
2006-11-03,20.36206817626953,20.50381649632405,20.277020265686552,20.447117438664677,41124500
2006-11-06,20.44003677368164,20.588871343249956,20.38333769692048,20.390425250492203,60446200
2006-11-07,20.51799201965332,20.6030399319812,20.41168010152518,20.454205409501316,56511200
2006-11-08,20.539255142211914,20.716439885713008,20.312458886820483,20.397508158498425,77403300
2006-11-09,20.737709045410156,20.836932100309472,20.553436692159472,20.6313984363305,89407500
2006-11-10,20.723527908325195,20.758965668917636,20.659741291071153,20.673916395308126,37855100
2006-11-13,20.801490783691406,20.879451157694607,20.66682998959509,20.68809264713001,47271800
2006-11-14,20.787267684936523,20.922388862616653,20.67348185839559,20.822826603501845,63012500
2006-11-15,20.70903968811035,20.879718418947718,20.701927904771214,20.716150115015513,63943200
2006-11-16,20.95794677734375,21.078844389631726,20.716151552767794,20.72326333660051,64328500
2006-11-17,20.908164978027344,21.007728592065884,20.822826287633198,20.84416028201472,49356700
2006-11-20,21.256643295288086,21.33487159185061,20.979290398653102,20.993513971925307,85703800
2006-11-21,21.277973175048828,21.33486609705026,21.18552268545935,21.27086139024437,66446600
2006-11-22,21.277973175048828,21.33486609705026,21.206856683438478,21.31353074263688,43907200
2006-11-24,21.164186477661133,21.22107939736852,21.07884641988295,21.093069988918348,20456700
2006-11-27,20.96506118774414,21.1499635212576,20.858387129757133,21.114405954073344,72722100
2006-11-28,20.901050567626953,20.922385915761126,20.716148286432357,20.865493010503855,52602300
2006-11-29,21.029062271118164,21.178407011719546,20.92950001500658,20.936611798505123,58775100
2006-11-30,20.87972068786621,21.029064084914737,20.858385335530368,20.92239003610377,53297400
2006-12-01,20.70903968811035,20.837047718912896,20.55258316751728,20.78726659197291,72257000
2006-12-04,20.858386993408203,20.993508189406736,20.7446011514413,20.78727050307033,55123400
2006-12-05,20.716148376464844,20.908162441205327,20.645033261909578,20.879716666669992,45606000
2006-12-06,20.61658477783203,20.71614701682202,20.53124610339312,20.69481302642918,48564100
2006-12-07,20.51702880859375,20.673483997165054,20.488581670798503,20.59525572466231,46831100
2006-12-08,20.908164978027344,20.908164978027344,20.481467456754537,20.495691023964902,108854900
2006-12-11,21.007732391357422,21.157075804773253,20.701932423200123,20.758825345896767,107712000
2006-12-12,20.929502487182617,21.071734104651735,20.780157728940754,21.021952970715837,68529400
2006-12-13,21.014842987060547,21.05040191180036,20.851276002560244,21.05040191180036,46002500
2006-12-14,21.384645462036133,21.39175724625122,20.99350682524544,21.007730393675608,85866500
2006-12-15,21.469987869262695,21.498433652806508,21.35620202221885,21.43442894429006,102783700
2006-12-18,21.256643295288086,21.51977397508547,21.178416355160167,21.469992825067354,56986800
2006-12-19,21.327756881713867,21.455766310747627,21.000622879902636,21.128630952501975,53822100
2006-12-20,21.398876190185547,21.505550276234974,21.31353610748525,21.327759680674397,31202100
2006-12-21,21.320642471313477,21.434428315016792,21.256637764676082,21.427316530231053,32270500
2006-12-22,21.078845977783203,21.235302521022707,21.0646237654803,21.21396716791709,37971700
2006-12-26,21.327756881713867,21.334868667375122,20.90817102274074,21.000622879902636,37098300
2006-12-27,21.34909439086914,21.427321328160055,21.270866097143667,21.327759031734587,31248400
2006-12-28,21.320642471313477,21.35620139524217,21.199744842824426,21.23530376675312,26690600
2006-12-29,21.23529624938965,21.441532509430754,21.213960902585214,21.23529624938965,41739800
2007-01-03,21.23529624938965,21.51264897567843,20.908161047223853,21.2708538042966,76935100
2007-01-04,21.199739456176758,21.313525270968203,20.93661026813426,21.121512556278834,45774500
2007-01-05,21.078845977783203,21.157074249402957,20.943726144083485,21.071734193414663,44607200
2007-01-08,21.285091400146484,21.40598906553417,21.000626704068004,21.085965434674215,50220200
2007-01-09,21.306413650512695,21.462870164369797,21.14284671005656,21.3348607826445,44636600
2007-01-10,21.093069076538086,21.256636044067463,20.92950210900871,21.1926313426109,55017400
2007-01-11,21.832672119140625,21.868229673597362,21.085951267645342,21.16417951517067,99464300
2007-01-12,22.195369720458984,22.323379122585486,21.790007518014498,21.797119302180874,103972500
2007-01-16,22.15981101989746,22.366048680845875,22.067360543342904,22.230927501480846,62379600
2007-01-17,22.117143630981445,22.358938875904414,22.053138927535116,22.230929469011762,58519600
2007-01-18,22.0460262298584,22.30915681717482,21.903793259995336,22.15270027903863,56364300
2007-01-19,22.124258041381836,22.124258041381836,21.825569841991847,21.85401562665862,75826900
2007-01-22,21.846904754638672,22.13137075180384,21.697561326917924,22.088700038368422,56143900
2007-01-23,21.861129760742188,22.017584984305184,21.70467453717919,21.782901470743443,49171200
2007-01-24,22.110036849975586,22.259380287523467,21.797125046364254,21.889576908456792,58527800
2007-01-25,21.654884338378906,22.387380360562656,21.654884338378906,22.102915820081883,97378700
2007-01-26,21.76156997680664,22.20960169744198,21.76156997680664,22.20248991058305,96103700
2007-01-29,21.71177864074707,21.889569159519024,21.576657466678864,21.797117330154563,57605900
2007-01-30,21.676227569580078,21.790013434268072,21.43443226800947,21.74023228802139,61900400
2007-01-31,21.94647216796875,22.117150981740284,21.58377918004125,21.626448544375474,73968400
2007-02-01,21.73311424255371,22.003356610680868,21.597994414924248,21.932240126624556,55355800
2007-02-02,21.469987869262695,21.9322430424326,21.427317159295534,21.918019472443547,60401700
2007-02-05,21.057518005371094,21.349094465726235,20.915284990177803,21.31353553371063,99102100
2007-02-06,20.986398696899414,21.15707747849159,20.78016098803738,21.043291624096806,79281100
2007-02-07,20.886831283569336,21.121514720174204,20.801491235515726,21.078844017930376,65145500
2007-02-08,20.808605194091797,21.19263205938555,20.76593584382231,20.79438162519057,48749000
2007-02-09,20.609479904174805,20.908168077703465,20.573922337311437,20.872610510840097,69823100
2007-02-12,20.581035614013672,20.68770967877144,20.50280733352195,20.545476688138194,52774400
2007-02-13,20.702348709106445,20.83793841196557,20.666666491965934,20.723758039390752,50348100
2007-02-14,20.98065948486328,21.18761222424845,20.80225251413972,20.816525398470525,55588600
2007-02-15,21.023483276367188,21.159072997154603,20.852212694858785,21.109119247690185,63858100
2007-02-16,20.509660720825195,20.652386810750794,20.44543411647236,20.630977488920895,109340300
2007-02-20,20.573894500732422,20.595303830029252,20.31698799371984,20.431168361028245,53978200
2007-02-21,20.94498062133789,20.973525031569135,20.509667135928733,20.516803578770865,68604900
2007-02-22,20.973522186279297,21.080567453252154,20.80938810658868,20.916432012424426,57754400
2007-02-23,20.623844146728516,20.89502348610034,20.616707705046405,20.852204836007687,63787100
2007-02-26,20.74516487121582,20.759437757289536,20.56675787870638,20.666665358947718,63481900
2007-02-27,19.888813018798828,20.673802732253037,19.831722833072387,20.488259288357757,87143300
2007-02-28,20.1028995513916,20.15998973335916,19.92449256260081,19.945901891265137,86333300
2007-03-01,20.045808792114258,20.217079333084428,19.788902300090367,19.85312892309634,80175700
2007-03-02,19.810319900512695,20.09577092132801,19.810319900512695,19.99586340432711,63254700
2007-03-05,19.660449981689453,19.917356485834596,19.560542501694044,19.617632684711037,56454300
2007-03-06,19.860267639160156,19.938767156517038,19.73181437844432,19.83885830866171,49361800
2007-03-07,19.703266143798828,19.910217520592372,19.660447491107345,19.81031005325322,52044700
2007-03-08,19.496315002441406,19.874538298699665,18.982503378301452,19.78176590474138,72175200
2007-03-09,19.474912643432617,19.61050101035804,19.289369163224624,19.567683702967784,80125000
2007-03-12,19.581958770751953,19.610503191808153,19.360733042161797,19.396415269904313,36516400
2007-03-13,19.068147659301758,19.553415120404633,19.061011212975192,19.44637114778205,75169500
2007-03-14,19.553403854370117,19.553403854370117,19.07527311507717,19.139499733873027,75730300
2007-03-15,19.467771530151367,19.60335986456163,19.410681346942486,19.49631594118714,51757100
2007-03-16,19.50345802307129,19.61050197739433,19.41068695896138,19.51773091328442,65055300
2007-03-19,19.860267639160156,19.860267639160156,19.41068258779215,19.510590074510056,49412000
2007-03-20,19.867403030395508,20.095763765734272,19.810312846560816,19.931629657351703,47902400
2007-03-21,20.352672576904297,20.352672576904297,19.667588932218614,19.910222581259635,72808200
2007-03-22,20.174259185791016,20.37407410810344,19.98871578568871,20.35266614421972,47934900
2007-03-23,19.9958553314209,20.17426231754463,19.838856312504152,20.138580103637512,50519800
2007-03-26,20.138580322265625,20.138580322265625,19.767494821564025,19.93876536676568,47491500
2007-03-27,19.78177261352539,20.095769393112764,19.73181885882375,20.010134773949307,58979800
2007-03-28,19.724672317504883,19.98157876577151,19.55340180570614,19.681855029839454,46947000
2007-03-29,19.80317497253418,19.874538037455448,19.61763154819379,19.867401594849596,42629900
2007-03-30,19.888813018798828,19.94590320452527,19.624770059103167,19.80317705964047,47061000
2007-04-02,19.796043395996094,19.931633116562104,19.667590119790148,19.903087339121853,41977600
2007-04-03,19.888813018798828,20.024401359188253,19.80317705964047,19.881676575440846,39821300
2007-04-04,20.33839988708496,20.53821623563425,19.910222775129352,19.988722297976842,63244200
2007-04-05,20.374080657958984,20.44544373649967,20.195673642176025,20.209946530111665,30131200
2007-04-09,20.388357162475586,20.49540111870581,20.259903870544214,20.3954936077093,31384600
2007-04-10,20.26703453063965,20.438305083947114,20.13858127537471,20.338397601468767,38643100
2007-04-11,20.060075759887695,20.388343859625923,19.974439834096017,20.195664047447295,44050200
2007-04-12,20.366947174072266,20.42403736915928,20.01013311449402,20.024404642412563,43762100
2007-04-13,20.416908264160156,20.481134926863636,20.05295762921981,20.288454938753198,36002900
2007-04-16,20.502531051635742,20.516803937569616,20.131444184178918,20.409760015340197,30740100
2007-04-17,20.588157653808594,20.616702051572563,20.38120498518885,20.43115870212832,33170200
2007-04-18,20.409759521484375,20.459713259906884,20.238488977834077,20.41689596427863,41778400
2007-04-19,20.473989486694336,20.616714282459203,20.16712920215048,20.224219392683928,43648800
2007-04-20,20.709487915039062,20.766578108941918,20.481127139427656,20.680942137518844,60311500
2007-04-23,20.538211822509766,20.68807303086734,20.459712316529767,20.666663703471734,41739100
2007-04-24,20.54534912109375,20.666664564645696,20.402622988116796,20.54534912109375,34236700
2007-04-25,20.68807601928711,20.695212462783182,20.473988158954665,20.59530497611303,39475000
2007-04-26,20.766578674316406,20.944985705262187,20.630988949679075,20.75944222974206,68760300
2007-04-27,21.494478225708008,21.9369268701317,21.40884225777639,21.530159085015956,128298800
2007-04-30,21.366018295288086,21.672878489793238,21.366018295288086,21.501606607309856,67788800
2007-05-01,21.694290161132812,21.708563047301407,21.33747617374202,21.366021946079208,73539300
2007-05-02,21.84415626525879,21.901246457999683,21.62293057739246,21.68715721436816,80686700
2007-05-03,22.101058959960938,22.12246829025129,21.787063615860173,21.837017358733597,82036800
2007-05-04,21.80846405029297,21.908372862659203,21.615785588798893,21.89409998073018,104385900
2007-05-07,21.915510177612305,21.951192386074034,21.751376102099584,21.779921868868968,59889100
2007-05-08,21.944063186645508,22.079652901274997,21.822746360111235,21.89410943944978,60551700
2007-05-09,21.965465545654297,22.07250945011131,21.815602990504807,21.908375372534753,51735000
2007-05-10,21.822738647460938,22.072508656302713,21.787057800970846,21.894101701578165,55398600
2007-05-11,22.043968200683594,22.108194828747852,21.80133457491581,21.81560746140506,43425300
2007-05-14,22.101058959960938,22.115331846821174,21.986878587353857,22.008287917644214,70188500
2007-05-15,22.122533798217773,22.25856270722295,22.079577803733248,22.122533798217773,75013900
2007-05-16,22.244237899780273,22.25855701612947,22.05809348387903,22.194122358104188,45833600
2007-05-17,22.179819107055664,22.294369388695237,22.16549998046395,22.21561692353495,41045600
2007-05-18,22.072425842285156,22.186976110709423,21.89344087717887,22.172656985769663,58453000
2007-05-21,22.229930877685547,22.30868469490625,22.00083035364005,22.00083035364005,41836400
2007-05-22,21.972183227539062,22.144008540468718,21.95070455134303,22.122529864272686,39999500
2007-05-23,21.893434524536133,22.079578998100246,21.886274964143684,22.079578998100246,46322500
2007-05-24,21.599903106689453,22.050944564940778,21.449555043574506,21.864801424774473,64046400
2007-05-25,21.821840286254883,21.950709642226496,21.60705893666654,21.67865317504483,47726500
2007-05-29,22.04378318786621,22.072420064702953,21.75740622621943,21.829000466631125,42373100
2007-05-30,22.27288246154785,22.28720021641949,21.843318407829628,21.871955283119384,57376800
2007-05-31,21.972183227539062,22.308674294666364,21.91490812322918,22.280037425284522,85290500
2007-06-01,21.900596618652344,22.12253755430897,21.87195837376933,22.043785111974042,39469400
2007-06-04,21.993667602539062,22.022305846665688,21.76456711171261,21.77888623377592,41434500
2007-06-05,21.893434524536133,21.92923096095186,21.71444961136447,21.922072766105927,44265000
2007-06-06,21.685808181762695,21.85763349846209,21.657169946206345,21.74308328732916,38217500
2007-06-07,21.206130981445312,21.685810555142293,21.18465230242734,21.492506540619694,71971400
2007-06-08,21.513988494873047,21.52114805609009,21.055787501355514,21.177497310951942,61346200
2007-06-11,21.49251365661621,21.6571794869677,21.428078963774873,21.435238525818004,48467400
2007-06-12,21.37080192565918,21.650017992687395,21.313526799972706,21.449554370011384,56981800
2007-06-13,21.757408142089844,21.771727264542378,21.370801394698137,21.456713398319994,64435600
2007-06-14,21.85048484802246,21.986512438185674,21.69297720492224,21.72877501723907,59065700
2007-06-15,21.82900047302246,22.10821650860861,21.78604447498149,22.093898752959326,100933000
2007-06-18,21.843326568603516,21.9936732925246,21.778891868195338,21.97219596941987,45412600
2007-06-19,21.807525634765625,21.950714140867653,21.750250505434174,21.821844758485188,46802600
2007-06-20,21.485355377197266,21.84332530744271,21.44955756484457,21.793209735695854,46861600
2007-06-21,21.635692596435547,21.69296770551464,21.41375171944735,21.463867269198268,56564800
2007-06-22,21.113059997558594,21.549783618611766,21.084423121801578,21.478189380899465,86219900
2007-06-25,21.113059997558594,21.31352359004373,21.034306199520415,21.09874087690683,53905800
2007-06-26,21.134536743164062,21.334998951745586,21.120217623823557,21.156014056628436,48340300
2007-06-27,21.385120391845703,21.442395515773566,21.01999096472558,21.01999096472558,53468600
2007-06-28,21.356477737426758,21.45670884221815,21.249087072929353,21.377956416544794,46055200
2007-06-29,21.09874725341797,21.42808030020772,20.790894259644112,21.38512429081668,71193900
2007-07-02,21.29204559326172,21.335001591050837,21.113060676002746,21.241930034916653,47316000
2007-07-03,21.49251365661621,21.63570080083831,21.32068826422159,21.32784782626472,35202600
2007-07-05,21.47102165222168,21.635687380432625,21.356471461679632,21.51397763228845,47838500
2007-07-06,21.456707000732422,21.506823914373303,21.234766131079304,21.413751011729364,57541000
2007-07-09,21.385120391845703,21.442395515773566,21.342163024739804,21.377960830661387,33831400
2007-07-10,20.99851417541504,21.47103433183186,20.891123479056088,21.263412500944124,66013500
2007-07-11,21.113059997558594,21.22761023167967,20.912596405073458,20.9340750860511,48017000
2007-07-12,21.528308868408203,21.556947114940677,21.07726740989579,21.1631794183997,54302400
2007-07-13,21.349327087402344,21.492515610186448,21.23477681539384,21.435240474182198,42173000
2007-07-16,21.499670028686523,21.650016712644348,21.277727734920262,21.306365978843637,48023200
2007-07-17,22.036619186401367,22.10821204683895,21.48534542153577,21.492504980688782,77539600
2007-07-18,22.136856079101562,22.17265251869222,21.83616134368146,21.84332090470892,64414400
2007-07-19,22.55925178527832,22.79551174446372,22.14400696714804,22.229918934735764,121159300
2007-07-20,22.308683395385742,22.337321641996617,22.04378644196892,22.30152383373302,98292600
2007-07-23,22.330169677734375,22.566429830469836,22.28005409466128,22.451879536146414,48910600
2007-07-24,22.050941467285156,22.53778066529152,21.98650678722275,22.201289509279622,59729300
2007-07-25,21.98650360107422,22.40890805780593,21.743085402892262,22.186967172834706,54950100
2007-07-26,21.463878631591797,21.85764640981354,21.12738735831609,21.650023176025286,87025300
2007-07-27,21.041461944580078,21.47818548644595,21.019984633043236,21.42806993879831,69214600
2007-07-30,21.048622131347656,21.11305679897235,20.726450158770483,21.05578169058888,67499600
2007-07-31,20.755094528198242,21.2777302516987,20.74793496637055,21.270570689871008,66554000
2007-08-01,20.977033615112305,21.15601854822946,20.63338287125856,20.72645580118562,80006300
2007-08-02,21.134536743164062,21.32784075762171,20.776566952929763,20.89827673623128,47938300
2007-08-03,20.733610153198242,21.320681772049415,20.690654159566446,21.084421758754903,61535500
2007-08-06,21.148855209350586,21.148855209350586,20.58326230278571,20.798043624074502,59530500
2007-08-07,21.15601348876953,21.327840185150723,20.798043708143677,20.99850727689084,49163000
2007-08-08,21.47818946838379,21.48534902873883,20.912596490254025,21.27772587508213,52898600
2007-08-09,20.977033615112305,21.549786220415214,20.704977117614757,21.22045323339537,72964500
2007-08-10,20.55462646484375,20.79804605234954,20.232454445295378,20.69065537916675,76576200
2007-08-13,20.49735450744629,20.755093255248454,20.361326937703332,20.719296813852246,55492300
2007-08-14,20.3105525970459,20.75599018856527,20.260261388680743,20.669777080034333,42944100
2007-08-15,20.18841552734375,20.827834646681328,20.152492258074297,20.288997940633003,48117700
2007-08-16,19.98006820678711,20.368031361449408,19.76453403441884,20.030359422317513,81447400
2007-08-17,20.29619026184082,20.29619026184082,19.987256881079855,20.181238497418107,76747700
2007-08-20,20.303369522094727,20.46861246824178,20.17404847890738,20.245893655159545,49952000
2007-08-21,20.166872024536133,20.346484353034437,20.02318298393748,20.188425997275925,50786200
2007-08-22,20.27463722229004,20.346482420933608,20.12376353843841,20.310560506778415,44763500
2007-08-23,20.33211326599121,20.353667236852637,20.18842423791463,20.31774532241679,33886600
2007-08-24,20.698524475097656,20.72007844796516,20.166872144032435,20.267454610080815,45158900
2007-08-27,20.468612670898438,20.66977889232967,20.40395214866457,20.554827157321185,32789500
2007-08-28,20.066287994384766,20.468619195155256,20.051918680345377,20.33211345244746,43924400
2007-08-29,20.540464401245117,20.55483371528886,19.98725814355975,20.209977029904987,45753700
2007-08-30,20.43988037109375,20.78473565961349,20.34648120732813,20.41832640168635,33690700
2007-08-31,20.641040802001953,20.777546504695053,20.375215421862176,20.61948820759391,42511900
2007-09-04,20.698524475097656,20.906875435150237,20.46143625488839,20.475805570133396,45689600
2007-09-05,20.46142578125,20.641038018874035,20.41831922791337,20.58356215764765,47669800
2007-09-06,20.77035903930664,20.8422042083885,20.511716978744996,20.518901632686447,45430800
2007-09-07,20.432693481445312,20.712888201452245,20.34647898357159,20.562014543089422,52160900
2007-09-10,20.46142578125,20.655407326763786,20.41113457396849,20.5979314655374,37247600
2007-09-11,20.78473472595215,20.799104038244934,20.533277242160526,20.569199152559452,34380800
2007-09-12,20.78473472595215,20.957162362466477,20.69133556638207,20.69852022252846,42364700
2007-09-13,20.949970245361328,21.021815410905848,20.806279914272285,20.92123300134305,35288600
2007-09-14,20.863765716552734,20.914056942000382,20.748812582244103,20.82065777731208,33496600
2007-09-17,20.641040802001953,20.748807885040584,20.562012338617784,20.684148731483653,39536500
2007-09-18,20.78473472595215,20.81347198020468,20.310558382954483,20.619491745584213,77462400
2007-09-19,20.597932815551758,20.770360410532035,20.33210608349922,20.74162316320168,94242200
2007-09-20,20.41832160949707,20.53327334535776,20.360845741566724,20.46142816786163,67168900
2007-09-21,20.58356475830078,20.698516495277257,20.432691117393958,20.6123033777113,135636100
2007-09-24,20.892507553100586,21.273286211214096,20.69134123687079,20.69852589498615,104459800
2007-09-25,21.237356185913086,21.237356185913086,20.914054895246743,20.935607492424708,75621000
2007-09-26,21.19424819946289,21.445705655556992,21.17987888875285,21.32356925518745,60337000
2007-09-27,21.18706703186035,21.35231002122893,21.15114511950479,21.337942078486577,43407100
2007-09-28,21.16551399230957,21.330758359272494,21.000270995679827,21.18706796286991,45819100
2007-10-01,21.388233184814453,21.40260249780991,21.129591032228703,21.16551294438423,43875100
2007-10-02,21.337942123413086,21.445709231039793,21.244542958558984,21.337942123413086,33700900
2007-10-03,21.158329010009766,21.445708409449118,21.043377250234027,21.345124591895544,37633900
2007-10-04,21.34511947631836,21.388227403652806,21.151139284644312,21.237352398647726,37868000
2007-10-05,21.438518524169922,21.546285601382916,21.35948869472512,21.474440426463342,45012300
2007-10-08,21.438518524169922,21.445703178695155,21.266090926562587,21.309197483381237,30265400
2007-10-09,21.62531852722168,21.833668056954703,21.553473342015046,21.575027308676916,63603100
2007-10-10,21.71872329711914,21.819307136906133,21.57503425080445,21.58221890867019,32251500
2007-10-11,21.488811492919922,22.00609432804655,21.402598372231907,21.76900619065524,50788400
2007-10-12,21.67560577392578,21.840848710388855,21.517547491700142,21.575023355266982,31121100
2007-10-15,21.582212448120117,21.79056198252449,21.55347382525995,21.62531901207741,47150500
2007-10-16,21.78338050842285,21.97017747329805,21.718719967876318,21.725904624640727,56286200
2007-10-17,22.329389572143555,22.437156622531504,22.020456356121024,22.092301513157118,86092400
2007-10-18,22.386873245239258,22.437164461635568,22.006094739144103,22.42997980638854,49208600
2007-10-19,21.67560577392578,22.336578890110765,21.63249921883382,22.336578890110765,75200200
2007-10-22,21.919885635375977,22.056391369429065,21.639690881038753,21.639690881038753,58785100
2007-10-23,22.200075149536133,22.358134815972836,22.063569447704293,22.063569447704293,49956200
2007-10-24,22.4515323638916,22.487454267540713,21.9126955871582,22.164153023700344,77979200
2007-10-25,22.98318862915039,23.148432978591174,22.623964046568485,22.68143992496827,169588700
2007-10-26,25.167278289794922,25.885727595156276,24.829608979928373,25.87135828016906,288121200
2007-10-29,24.836776733398438,25.35406078674644,24.75056363806207,25.0379415360716,114655600
2007-10-30,25.55523109436035,25.5696004034559,24.678722424190003,24.693091733285556,107297300
2007-10-31,26.446115493774414,26.582619852322203,25.51212936048423,25.519315387109252,185635800
2007-11-01,26.62571907043457,26.934652338150602,26.122804257362056,26.244939263328035,152078800
2007-11-02,26.62571907043457,26.94183562175703,26.16590944033111,26.740670792794123,96389800
2007-11-05,26.38863754272461,26.654462966802683,26.316793722378993,26.410190140695082,75485400
2007-11-06,26.158733367919922,26.33834565491214,25.770770170256892,26.2880544338076,100966700
2007-11-07,25.51930809020996,25.979114998754493,25.469016880879487,25.892901888568733,74897800
2007-11-08,24.958927154541016,25.792328141645264,24.71465430966565,25.576791182716317,133742400
2007-11-09,24.233293533325195,24.815238428307435,24.175819016907084,24.55659625275977,125136900
2007-11-12,23.981834411621094,24.21892121603125,23.723192268143737,23.938726474152826,84865200
2007-11-13,24.839616775512695,24.99098929205637,24.061127583482502,24.176459417476895,104311500
2007-11-14,24.45757484436035,25.04865069841676,24.32782621788678,24.954942746024255,84063100
2007-11-15,24.335031509399414,24.58011192521062,24.183659039267283,24.335031509399414,64014100
2007-11-16,24.57291030883789,24.695449168898374,24.298996195541843,24.407120983606163,71113800
2007-11-19,24.479198455810547,24.68103117816943,24.414324143217893,24.479198455810543,63026200
2007-11-20,24.926115036010742,25.207236179319093,24.58011682146313,24.67382478580842,100009400
2007-11-21,24.673824310302734,25.034236589593853,24.637783632319117,24.79636591512,89518700
2007-11-23,24.587324142456055,24.82519479767044,24.298993242477206,24.76753026751102,33467200
2007-11-26,23.765581130981445,24.774733631933824,23.736747495310187,24.572903681688718,80335000
2007-11-27,23.83045768737793,24.219700806800006,23.55654362208105,23.981830164360243,84178400
2007-11-28,24.291790008544922,24.428745695115772,23.715130868078603,24.061126352358396,88585000
2007-11-29,24.212499618530273,24.457580104610603,24.010669600485688,24.205292582054867,53633600
2007-11-30,24.219703674316406,24.59453276864643,23.924165720096426,24.450367309330662,71027800
2007-12-03,23.729543685913086,24.24853825975552,23.556547327783964,24.14762325922561,61770600
2007-12-04,23.621423721313477,23.960212181144968,23.52050871193246,23.599799862082623,54801500
2007-12-05,24.616165161132812,24.88286953623558,23.808839499085828,23.888130657834022,84894700
2007-12-06,24.904489517211914,24.947739983352058,24.414328566534223,24.695449722126032,49209700
2007-12-07,24.89006996154785,25.01261156062264,24.666616118684303,24.947737243401246,40771000
2007-12-10,25.055856704711914,25.192815110215385,24.84681970373257,24.96935854052298,36083500
2007-12-11,24.580108642578125,25.22164460838359,24.457569825900865,25.03422874205452,55070700
2007-12-12,24.846813201904297,25.29372347461611,24.457567440319973,24.94772815867216,63345400
2007-12-13,25.387432098388672,25.553221353323533,24.709855513311986,24.85402091969382,73913200
2007-12-14,25.452316284179688,25.83435242227786,25.236066715712244,25.264900358138235,71126200
2007-12-17,24.789152145385742,25.322563442882764,24.767528292016614,25.25047934877396,58121200
2007-12-18,25.041446685791016,25.228859863468102,24.659407795186652,24.969362579201746,52791800
2007-12-19,25.07748794555664,25.329775450148734,24.781949976008377,25.005403837296353,58469100
2007-12-20,25.60368537902832,25.79830831494283,25.286523603682706,25.437896081707173,59345000
2007-12-21,25.992929458618164,25.99292945861816,25.76947289951785,25.87759766192408,83240500
2007-12-24,26.367761611938477,26.468676602296213,25.985722755934855,26.04339003598342,29622600
2007-12-26,26.389387130737305,26.411010987255104,26.13709688921078,26.24522167125464,30252400
2007-12-27,25.92806625366211,26.34614316455341,25.90643964208407,26.20197766952161,33311100
2007-12-28,26.036184310913086,26.115475458480038,25.71181268437905,26.02176748865294,33447200
2007-12-31,25.661346435546875,25.9424702492168,25.603681915886945,25.87759594602016,35229700
2008-01-02,25.387432098388672,25.920840527357107,25.228849876396016,25.798301719254724,63004200
2008-01-03,25.495563507080078,25.69739625044749,25.12794419727477,25.387441474656132,49599600
2008-01-04,24.781949996948242,25.37302593654421,24.572910207408125,25.365816150848303,72090800
2008-01-07,24.947738647460938,25.084694324979605,24.68824136397083,24.90448818363675,80164300
2008-01-08,24.111583709716797,25.019821506751775,24.075543029229188,25.019821506751775,79148300
2008-01-09,24.825204849243164,24.89728897828792,24.03950571588967,24.04671550365833,74305500
2008-01-10,24.745914459228516,24.868453344243687,24.349458655407332,24.760328534160063,72446000
2008-01-11,24.443159103393555,24.68103251233421,24.306203435951154,24.608948411264027,55187900
2008-01-14,24.789152145385742,24.918900765054556,24.565698327966025,24.83960963639839,52792200
2008-01-15,24.50803565979004,24.781949769440818,24.50803565979004,24.529659517224097,61606200
2008-01-16,23.9529972076416,24.2557449199492,23.43400270067268,24.0899528693241,120778500
2008-01-17,23.866498947143555,24.363866847908014,23.7655839600082,24.176453693189096,94247800
2008-01-18,23.794422149658203,24.50803981291457,23.7655912514363,23.902546954606386,117062000
2008-01-22,23.03754997253418,23.448419710644462,22.705971368046445,22.73480500749595,108521400
2008-01-23,23.015926361083984,23.102424530619576,22.374393000051175,22.69155478816649,137597400
2008-01-24,23.9674129486084,24.04670407801877,23.152880550656928,23.318669844093588,155640400
2008-01-25,23.74396324157715,25.228863026769005,23.693505735501837,25.156781660869378,196992300
2008-01-28,23.585376739501953,23.859288049021345,23.36912720604438,23.801623523232486,81019000
2008-01-29,23.498878479003906,23.707918251756862,23.318672347263917,23.6790846107439,68023000
2008-01-30,23.210546493530273,23.64304003855103,23.10242173241163,23.470043720433488,106432600
2008-01-31,23.498878479003906,23.59979622254928,22.864553500219156,23.00151054530338,103642200
2008-02-01,21.949111938476562,23.967420481729228,21.80494645330253,22.388814056015832,291138900
2008-02-04,21.761693954467773,22.14373009316505,21.704028044389105,21.977940773546848,119998600
2008-02-05,20.954368591308594,21.581486529094132,20.82461995763823,21.55986129852785,137534100
2008-02-06,20.557910919189453,21.15619507839739,20.39212164763067,21.10573759356327,138315600
2008-02-07,20.26958656311035,20.745330647018566,20.111004285231814,20.428167466125192,164964900
2008-02-08,20.586746215820312,20.961575265409646,20.356082608338735,20.39212465629745,124872000
2008-02-11,20.334455490112305,20.622786347536497,20.118208721907585,20.557912042102394,156814100
2008-02-12,20.42816734313965,20.62999870701373,20.2623780307772,20.4930416609969,84365900
2008-02-13,20.875078201293945,20.939952520451225,20.565124801264815,20.62999912042209,88986200
2008-02-14,20.543498992919922,20.932744896930863,20.514665351942664,20.817411707885505,69113500
2008-02-15,20.4858341217041,20.64441503050671,20.363293891081803,20.406542979870924,68166100
2008-02-19,20.384523391723633,20.869352365478726,20.312160590526254,20.840406692917522,68261200
2008-02-20,20.420705795288086,20.449651470249158,20.203618753903033,20.370052244311957,93056200
2008-02-21,20.333864212036133,20.956180817445166,20.232555766342138,20.71014956985897,98776500
2008-02-22,20.029951095581055,20.543724462022652,19.682611238251024,20.435180929132756,125705400
2008-02-25,20.145732879638672,20.4351827870633,19.88522727285349,20.00824365603471,109974300
2008-02-26,20.536483764648438,20.883824929832002,20.022710505227593,20.073364051344505,108923500
2008-02-27,20.44965362548828,20.753576343581962,20.33387367385315,20.39900006917365,75199500
2008-02-28,20.210851669311523,20.456884343010554,20.116779622200152,20.275978046479235,83002900
2008-02-29,19.682605743408203,20.138489006358046,19.552352988220957,20.037181921303752,117411400
2008-03-03,19.530641555786133,19.820091323782272,19.443807315489973,19.71154783330939,76544300
2008-03-04,19.964818954467773,19.99376324414627,19.508934315233287,19.55235282005929,86925600
2008-03-05,20.348344802856445,20.558195429982803,20.044422110303348,20.080602824571617,106489800
2008-03-06,19.950353622436523,20.38452917254235,19.89970006129528,20.304929930631243,91127700
2008-03-07,20.167436599731445,20.31216082358108,19.76944187868224,19.783914715128898,77597600
2008-03-10,20.29768943786621,20.44965147100597,20.080602396473125,20.138492366191667,72175100
2008-03-11,21.187753677368164,21.23117081791969,20.53648966806522,20.55096250831773,98740700
2008-03-12,20.717395782470703,21.339714103815098,20.652270762526427,21.296296963783583,75993800
2008-03-13,20.710155487060547,20.977896059551217,20.377287150740955,20.652265521640487,84552200
2008-03-14,20.232559204101562,20.992366464983444,20.00099936923658,20.782514502008627,105214900
2008-03-17,20.478593826293945,20.78975290163927,19.740497127337008,19.754968583241784,84490100
2008-03-18,21.289058685302734,21.332475821544126,20.74633965156477,20.74633965156477,83695300
2008-03-19,20.710155487060547,21.41207149030451,20.710155487060547,21.260109468448317,61442100
2008-03-20,21.115386962890625,21.14433125785266,20.688447915605966,20.79699143707368,60170200
2008-03-24,21.1081600189209,21.274593585225496,21.028560756685494,21.223940011150738,48294700
2008-03-25,21.086444854736328,21.252879754694,20.941720595032866,21.22393407462971,49149000
2008-03-26,20.6667423248291,21.035791467441086,20.536489523882988,21.006847167345285,45868100
2008-03-27,20.29768943786621,20.616084961421052,20.261508724369282,20.60884854268052,47894400
2008-03-28,20.196386337280273,20.572671905104507,20.138496356092393,20.427946262031796,49244000
2008-03-31,20.536483764648438,20.688445783204802,20.14572685159965,20.174671143578337,46780600
2008-04-01,21.346946716308594,21.375892391304046,20.717392087215064,20.862117701780814,65796200
2008-04-02,21.10091781616211,21.40484055755564,20.985137855650862,21.397604137497936,49499400
2008-04-03,20.985130310058594,21.216690147819463,20.8404047213553,20.985130310058594,38961400
2008-04-04,21.10091781616211,21.173280636533143,20.79699507476858,21.079208555989002,43860800
2008-04-07,21.10091781616211,21.412076977613342,21.00684711582397,21.38313129738253,44428600
2008-04-08,20.80423355102539,20.985139929729957,20.652272855412498,20.94172278529858,44733500
2008-04-09,20.905529022216797,21.014073893067916,20.652261337445164,20.78251269809685,45839300
2008-04-10,21.06473159790039,21.27458220397594,20.8404067752814,20.862116029788105,65591600
2008-04-11,20.464126586914062,20.992372791935125,20.41347165009051,20.891065678699825,54373700
2008-04-14,20.304929733276367,20.485836095711633,20.210859032100675,20.43518253506272,43418100
2008-04-15,20.442407608032227,20.60884103783951,20.28321059433029,20.348336959073183,34310000
2008-04-16,20.948949813842773,21.021311228717256,20.536482295948428,20.673971468579875,54107400
2008-04-17,21.14432716369629,21.23116279218001,20.912767328013683,21.071965750199595,48743300
2008-04-18,21.70876121520996,21.781124028635166,21.42654776107811,21.715997634573068,73658900
2008-04-21,22.012683868408203,22.142936656183153,21.79559680892053,21.846250364120596,54411700
2008-04-22,21.889659881591797,22.21529173769763,21.687044351103125,22.171873236746595,67387500
2008-04-23,22.758020401000977,22.765255440743694,21.92585004957844,22.03439496860293,98351500
2008-04-24,23.011276245117188,23.22836320998979,22.54815665061282,22.888259930301306,115416700
2008-04-25,21.585737228393555,21.990966908272522,21.41930378239751,21.744934257580375,145194900
2008-04-28,20.977901458740234,21.592983362263677,20.854885078035544,21.564037682000926,97473000
2008-04-29,20.724634170532227,20.9127769688096,20.587146317342174,20.84041414174813,84428900
2008-04-30,20.637792587280273,21.137093019081348,20.630556169111408,20.79698964637843,74733600
2008-05-01,21.274580001831055,21.339706378404248,20.60884478146493,20.62331761630464,71699400
2008-05-02,21.158802032470703,21.433780398931553,20.88382504621548,21.412071144672343,66024200
2008-05-05,21.04302215576172,21.875190914886186,20.977895773027964,21.658103892577415,119687700
2008-05-06,21.49167823791504,21.607458209307747,20.934486262958796,20.98513982791734,93582000
2008-05-07,21.137096405029297,21.810068220275145,21.043025714176135,21.484437631747255,88775000
2008-05-08,21.180513381958008,21.267347647173462,20.98513421491459,21.187749800760255,69589900
2008-05-09,21.26734733581543,21.383127274544837,20.948953194412432,21.137094559693413,51621200
2008-05-12,21.701522827148438,21.752176377889178,21.238403071569365,21.274583784896826,64278800
2008-05-13,21.62889862060547,21.883098799906552,21.447326272369217,21.78868178835002,70934700
2008-05-14,21.73784065246582,21.977516084597628,21.59258222711266,21.708788413280384,66730400
2008-05-15,22.115501403808594,22.17360447049814,21.745093834180338,21.77414467488192,53355800
2008-05-16,21.78141212463379,22.137293653048456,21.730572104186933,22.130030595086524,81538200
2008-05-19,21.396484375,21.708789028661315,21.287541245540414,21.69426429394387,59615000
2008-05-20,20.888080596923828,21.287539160920296,20.793662211427772,21.2802761016293,75767600
2008-05-21,20.517671585083008,21.098702438687443,20.474094617384385,20.924393182606114,60125100
2008-05-22,20.677453994750977,20.844501571400837,20.466830837225082,20.53946003768762,52203100
2008-05-23,20.372406005859375,20.575767425660235,20.29977821369638,20.524927417031606,48890700
2008-05-27,20.655675888061523,20.699252874654,20.37242201199186,20.41600038387176,47334500
2008-05-28,20.46683120727539,20.750083570385158,20.365151155961485,20.742820511678907,52318500
2008-05-29,20.561260223388672,20.829988011515347,20.437790923755486,20.488630979141924,47699200
2008-05-30,20.56850814819336,20.844498796148024,20.481354227471485,20.6120851085543,63399200
2008-06-02,20.19083595275879,20.59755883663445,20.009263682013525,20.51040353715067,77028400
2008-06-03,19.8349609375,20.56125025736014,19.805910085054805,20.27073480647347,86616700
2008-06-04,20.00200843811035,20.07463626151905,19.755069959717364,19.813173049616484,79567400
2008-06-05,20.553974151611328,20.553974151611328,20.04557278158127,20.132726668884224,76063400
2008-06-06,19.965694427490234,20.459571416096246,19.965694427490234,20.328839109078533,78500800
2008-06-09,20.12547492980957,20.270733337368892,19.82769644107112,20.08189796165651,66787100
2008-06-10,20.256214141845703,20.546731056244614,19.84222933970076,19.87128158525558,77433900
2008-06-11,19.696962356567383,20.292519237892538,19.689699298833343,20.22715310357279,59330800
2008-06-12,20.510408401489258,20.735557682730562,19.747805237611427,19.900325316272266,113996300
2008-06-13,21.11322784423828,21.47637246181455,20.69924320184722,20.79366019289087,131969100
2008-06-16,21.011547088623047,21.1422793682038,20.80092255256812,21.076913228413424,74718900
2008-06-17,20.917123794555664,21.149537450959247,20.909862123208857,21.091434383179955,44256700
2008-06-18,20.67019271850586,20.960709545406406,20.67019271850586,20.73555886602979,49677800
2008-06-19,21.011547088623047,21.200382449652274,20.575773285116124,20.735556412777743,62037800
2008-06-20,20.503145217895508,21.004285188834668,20.408728224816414,20.989759071349635,97480400
2008-06-23,20.314311981201172,20.63387967301995,20.18358106595831,20.55398740374352,57145300
2008-06-24,20.14000129699707,20.343362793040782,19.98021815493285,20.277996647358403,65218300
2008-06-25,20.590299606323242,20.82271193442569,20.161788856901822,20.1981027636853,64280200
2008-06-26,20.154529571533203,20.48136033491611,20.154529571533203,20.35789108933668,67049100
2008-06-27,20.06736946105957,20.270730930438273,19.943900244880837,20.10368475128077,73450200
2008-06-30,19.980220794677734,20.321576300895096,19.96569467476541,20.140003957852173,57830500
2008-07-01,19.515396118164062,19.88580248040678,19.203091465229924,19.8059115911422,100327800
2008-07-02,18.796358108520508,19.609802371995936,18.796358108520508,19.537173197264618,84669000
2008-07-03,18.868993759155273,18.956149075802116,18.593004462799342,18.861730700660807,37074500
2008-07-07,18.905303955078125,19.166767063959103,18.484056372967586,18.963407022083498,71527600
2008-07-08,18.774580001831055,19.028781551757728,18.527641511649367,18.83268309450398,65553200
2008-07-09,18.324281692504883,18.774581741408298,18.287967775702228,18.731004764187688,54255800
2008-07-10,18.484066009521484,18.64384918076663,18.14270910077502,18.302493657307274,57830600
2008-07-11,18.338804244995117,18.622056619744832,18.062814929250123,18.273438099239513,69532600
2008-07-14,18.266178131103516,18.745529024232287,18.20807503452085,18.505853577667903,51216200
2008-07-15,18.99246597290039,19.348347583433803,18.106393476385787,18.106393476385787,92719300
2008-07-16,19.79863929748535,19.820428467279342,18.825411877936236,18.977931910634958,82060400
2008-07-17,19.987478256225586,20.27073058874291,19.689699807864642,20.031055218469795,96526100
2008-07-18,18.781841278076172,19.224876798154515,18.2371243165105,19.144985919119954,150277000
2008-07-21,18.622055053710938,19.00698883686859,18.542164181951232,18.636581170498793,77575600
2008-07-22,18.73826026916504,18.839941696247543,18.505847953467903,18.54942630162612,88657200
2008-07-23,19.195825576782227,19.493604065868695,18.774577856712085,18.781840915627225,79408800
2008-07-24,18.47679328918457,19.006983947987543,18.47679328918457,18.94888088106785,81092600
2008-07-25,18.999725341796875,19.043302305872146,18.52037458110876,18.622054625713297,58682300
2008-07-28,18.52037811279297,18.963415052116318,18.404171929574872,18.927099754056304,59707800
2008-07-29,18.963409423828125,19.02151249819234,18.447743426719985,18.534898730909585,66368200
2008-07-30,19.050573348999023,19.23940878618972,18.81089786819685,19.02878555047256,51977700
2008-07-31,18.68015480041504,19.086877686138042,18.67289174331786,18.77457315739186,60461000
2008-08-01,18.47679328918457,18.84720086027999,18.20806573887701,18.825411690702712,82720200
2008-08-04,18.360593795776367,18.556690851748275,18.23712456075641,18.44048467588089,60588300
2008-08-05,19.036043167114258,19.086884585171347,18.52037839440391,18.622058459944093,84297600
2008-08-06,19.624338150024414,19.726018213559296,19.1595120339643,19.413713578088476,95550000
2008-08-07,19.8930606842041,20.154525238700614,19.41370992448497,19.53717914352091,82565800
2008-08-08,20.430511474609375,20.503140660604235,19.7478007280026,19.864006871479774,80814100
2008-08-11,20.263463973999023,20.626608494627273,20.089154770331834,20.234413132697696,68743800
2008-08-12,20.423259735107422,20.59756903509414,20.031062771171936,20.17632121380445,62813000
2008-08-13,20.270729064941406,20.6992397531094,20.161785974877088,20.38693521238155,51165200
2008-08-14,20.270729064941406,20.539456646700838,20.016527597933628,20.205362933845503,49732300
2008-08-15,20.198102951049805,20.44504139827103,20.031056761837437,20.321572174660417,47267400
2008-08-18,20.11095428466797,20.372417532013408,20.009272824595794,20.17632044282611,38078200
2008-08-19,19.921358108520508,20.234908260858273,19.884899370681477,20.081779892960313,40332900
2008-08-20,19.89948272705078,20.110945902591777,19.81197981215722,20.08177919150169,41497200
2008-08-21,19.81926918029785,19.85572791197505,19.58592995961629,19.760934375127462,43614200
2008-08-22,20.300540924072266,20.329707644546538,19.84844493481823,19.85573696263982,47930400
2008-08-25,20.169282913208008,20.300536604443792,20.02344516943229,20.132824172669977,51381300
2008-08-26,19.88490104675293,20.213033887397163,19.811982174116938,20.110948300193865,44774400
2008-08-27,20.096363067626953,20.26407688208663,19.782812907269307,19.935942669895667,33975300
2008-08-28,20.37345314025879,20.424495927484053,20.125529838754677,20.132821864188518,48372600
2008-08-29,19.89948272705078,20.256783630477166,19.89948272705078,20.18386476653447,50735500
2008-09-02,19.760936737060547,20.242199284942213,19.73176863558329,20.17657244743002,66079200
2008-09-03,19.615108489990234,19.819281126559346,19.571357707444104,19.688027388108654,57127700
2008-09-04,19.214048385620117,19.607808041070793,19.214048385620117,19.498430436268478,66141900
2008-09-05,18.703617095947266,19.119252815064282,18.689033044901702,18.980708502566383,82305200
2008-09-08,19.046340942382812,19.19946935095647,18.71820665142202,19.111966409762903,62110800
2008-09-09,19.031749725341797,19.39634262662876,18.995289600726174,19.104668583761498,85735700
2008-09-10,19.27968406677246,19.58594233513131,19.141138295397365,19.33801890880213,75064900
2008-09-11,19.935945510864258,20.023447052710086,18.980712232644375,19.031755030523097,72913300
2008-09-12,20.140119552612305,20.22762110079879,19.64427281018211,19.790109187430264,75628500
2008-09-15,19.556772232055664,20.04532700597944,19.491145367587382,19.629691124888446,82349400
2008-09-16,18.951539993286133,19.316132916721752,18.608823145948836,19.02445885613558,111729700
2008-09-17,17.91609001159668,18.86403212831229,17.865047242006447,18.761945198320664,106972100
2008-09-18,18.419235229492188,18.484862069008646,17.507752892665447,18.08380900631788,132291300
2008-09-19,18.34632110595703,19.25051165087816,17.135872361077777,19.228636959260314,134926100
2008-09-22,18.52132225036621,19.192173358213104,18.46298743189308,19.119254487418743,105207700
2008-09-23,18.550487518310547,19.082792829330426,18.477568658666772,18.710907896877593,92181300
2008-09-24,18.754663467407227,19.024462900056417,18.565074940023564,18.652577872205224,80250300
2008-09-25,19.403642654418945,19.600521845298278,18.76925013257276,18.82758496520592,96203500
2008-09-26,19.97969627380371,20.09636592342615,19.060921739918058,19.08279782077674,100744300
2008-09-29,18.2369441986084,20.169287050555297,18.2369441986084,19.64427356872738,134383100
2008-09-30,19.461971282958984,19.461971282958984,18.62340780962033,18.791120226125724,107192700
2008-10-01,19.308847427368164,19.680732502052365,19.16301104311552,19.235928539835793,88957000
2008-10-02,19.141132354736328,19.345304933879138,18.740080614104713,19.090089557653602,93819800
2008-10-03,19.19217300415039,20.030736525786,19.133838186753437,19.22863313428083,114289400
2008-10-06,18.16402816772461,18.95154920969584,17.602554458786262,18.68904173210133,146374600
2008-10-07,16.938987731933594,18.382775446788905,16.873360891184564,18.21506302745769,145941200
2008-10-08,16.778566360473633,17.71921537170241,16.40668141483987,16.698355472941365,171598600
2008-10-09,16.260847091674805,17.434836985760594,16.09313464703738,17.332751391774668,131948700
2008-10-10,15.677497863769531,16.297306197011157,15.057689530527906,15.888962456033305,228467500
2008-10-13,18.5942440032959,18.5942440032959,16.50147945841865,16.669193304485102,144935400
2008-10-14,17.573381423950195,18.761953893637575,17.208788454120572,18.696327047803297,165674900
2008-10-15,16.523353576660156,17.682759352700074,16.392099882646303,17.340042455628662,113280200
2008-10-16,17.639009475708008,17.639009475708008,15.538953047060522,16.727526988818763,161147800
2008-10-17,17.449419021606445,18.30985861659392,16.997323146154606,17.18691164935623,133673100
2008-10-20,18.025474548339844,18.04735062554787,16.778567354527972,17.646298945749265,93484300
2008-10-21,17.033775329589844,18.23693123976131,16.968148517143117,17.71920876277171,100385600
2008-10-22,15.699369430541992,16.815022718902494,15.23998163701944,16.800440061167805,150054800
2008-10-23,16.27542495727539,16.472305434374217,15.232689160949807,15.713951622206018,154774100
2008-10-24,16.012924194335938,16.669192719359497,15.27644754436407,15.356657060124324,153919700
2008-10-27,15.444157600402832,16.012921712867882,15.327487967547862,15.801458524872647,117683900
2008-10-28,16.844194412231445,16.92440391473695,15.560827073214488,15.779582284864725,134088800
2008-10-29,16.77128028869629,17.47859030452721,16.552525015168573,16.86607386967507,111701800
2008-10-30,16.501476287841797,17.412958661891672,16.326471838921627,17.274414342420535,95323000
2008-10-31,16.2827205657959,16.705648318512218,16.129592199328187,16.428558297413257,93055200
2008-11-03,16.49418830871582,16.705651530323845,16.19522076233987,16.392101320631856,61923500
2008-11-04,17.157739639282227,17.252533166212483,16.67647719927346,16.866064253133978,72123000
2008-11-05,16.10042381286621,17.019198167911632,16.078547736265726,17.011906142378137,81179700
2008-11-06,15.225403785705566,16.10042758327535,15.210821122035258,15.94729918364723,95509700
2008-11-07,15.677497863769531,15.706665969245286,15.312904890193495,15.546244170752267,71256300
2008-11-10,15.531655311584473,16.02020980062064,15.45144582797143,15.93270829289525,67106800
2008-11-11,15.458740234375,15.531657705112746,15.159774153753105,15.524367070688255,78014500
2008-11-12,14.802473068237305,15.312903749546885,14.787890407397496,15.232692856275225,90162300
2008-11-13,15.49520492553711,15.49520492553711,13.664947612140917,14.693099921817467,148413700
2008-11-14,14.627470970153809,15.560829563581095,14.328504817339587,14.992063975128413,96624500
2008-11-17,14.087874412536621,14.758725641267509,13.963912727092477,14.39413261240968,97289000
2008-11-18,14.403544425964355,14.432908720900803,13.764854558354028,14.315448740688188,108966500
2008-11-19,13.427157402038574,14.645805741177805,13.39779170700707,14.410884381626001,103010500
2008-11-20,12.869222640991211,13.830926812493907,12.847198368275821,13.302356869426047,139532800
2008-11-21,14.447599411010742,14.4622822665659,13.199584693505763,13.228950404616079,157231900
2008-11-24,15.189061164855957,15.372592590336751,14.587078313316336,14.601759763177222,125289900
2008-11-25,14.675168991088867,15.365247372627422,14.352153369908413,15.313858810214617,92948100
2008-11-26,15.042235374450684,15.181719649047631,14.484299676296544,14.484299676296544,79678300
2008-11-28,14.844021797180176,14.910093225079871,14.697197490918184,14.851363222528331,28650800
2008-12-01,13.662075996398926,14.645804277936906,13.65473457337452,14.594414316766072,79639900
2008-12-02,14.058507919311523,14.175967928018531,13.625373612116771,13.941047910604514,79689800
2008-12-03,14.587085723876953,14.609108609973221,13.654745272728972,13.691451016378995,80961500
2008-12-04,14.02913761138916,14.623778825932185,13.79421769454417,14.242033260942499,78719200
2008-12-05,14.587085723876953,14.667838639953876,13.559308098863927,13.882323963874716,91996200
2008-12-08,15.423982620239258,15.600172637291196,14.78529258322141,14.939459723287975,107225000
2008-12-09,15.122992515563965,15.600174029356317,15.020213946270323,15.137675368353616,80484900
2008-12-10,15.130331039428711,15.387273912787352,14.902751065548712,15.284496763443896,61499000
2008-12-11,14.2787446975708,14.770608947518953,14.175966152648634,14.763267522864972,83564300
2008-12-12,14.212677001953125,14.572398502902342,13.728154049635082,14.058509844269777,78112600
2008-12-15,13.977758407592773,14.27140850014008,13.867638397682702,14.197995626944731,59925900
2008-12-16,14.763266563415527,14.814655132420132,13.94838668281827,14.102552389832082,97688700
2008-12-17,14.432912826538086,14.719221434721513,14.315452812912381,14.543031414282957,78922700
2008-12-18,14.168622970581055,14.69719427823746,13.941044435469772,14.579734298810125,80759200
2008-12-19,14.036486625671387,14.535691018852857,14.029145199270111,14.25672381677398,113530400
2008-12-22,14.08053207397461,14.161286354348317,13.867634934892559,14.124579226799476,58575400
2008-12-23,14.153940200805664,14.366835868537539,13.95572597895534,14.153940200805662,47511400
2008-12-24,14.073189735412598,14.278745435648664,14.021801160411995,14.139261160480132,16880400
2008-12-26,14.04382038116455,14.190646043163431,14.014456088904748,14.09521034302746,23101000
2008-12-29,13.919020652770996,14.102552052096986,13.684100685671082,14.058504908324116,58512800
2008-12-30,14.19798755645752,14.308106103539394,13.948384769614181,13.955726192784079,43224100
2008-12-31,14.271402359008789,14.447592338720813,14.146600948350253,14.17596524485218,46419000
2009-01-02,14.924769401550293,14.976157955773166,14.220009686094185,14.337469638670203,50084000
2009-01-05,15.064260482788086,15.174379063463066,14.726561915119927,14.829340470619135,61475200
2009-01-06,15.240457534790039,15.416647625337198,15.130338903227363,15.233116105987945,58083400
2009-01-07,14.32279109954834,14.895409590643466,14.300766826733083,14.821996748159448,72709900
2009-01-08,14.770613670349121,14.82200225912466,14.352160732675387,14.410890748452292,70255400
2009-01-09,14.330138206481934,14.90275552441677,14.249383907702791,14.807319771505652,49815300
2009-01-12,14.293428421020508,14.52834984662797,14.168626982511526,14.469618440050752,52163500
2009-01-13,14.550375938415527,14.675177404496386,14.330138716030065,14.330138716030065,65843500
2009-01-14,14.01445484161377,14.44758896570477,13.955724862087862,14.33747042912284,80257500
2009-01-15,14.124580383300781,14.168627539732169,13.59601030542256,13.999778939883635,96169800
2009-01-16,14.46961498260498,14.616440663497121,14.058505036433845,14.410884990294818,79634100
2009-01-20,13.566638946533203,14.403542971319085,13.485886093438323,14.286081602735736,89873000
2009-01-21,14.227352142333984,14.278742105583154,13.551956599340041,13.852949354580451,68340900
2009-01-22,12.560888290405273,13.346402384970732,12.531522597037098,13.250965281757486,222436600
2009-01-23,12.626961708068848,12.839857417907451,12.296604606313279,12.458111744819584,117020600
2009-01-26,12.942633628845215,13.074776460034617,12.648983670776241,12.693032214661676,92476500
2009-01-27,12.964658737182617,13.192237294338765,12.795810175429137,13.052754430403391,61695000
2009-01-28,13.243629455566406,13.441842347682122,13.03807373754837,13.067438039988792,64145500
2009-01-29,12.913274765014648,13.184900565397998,12.891250483807605,13.05275907885785,49192800
2009-01-30,12.553547859191895,13.06009490795961,12.553547859191895,13.02338778834836,62370900
2009-02-02,13.08946704864502,13.30970429737892,12.48014250023133,12.502166785198433,88871700
2009-02-03,13.58132553100586,13.662079806562286,12.920612677111764,13.104144103206439,86865100
2009-02-04,13.676758766174316,13.948385843438714,13.581323058085065,13.610688753025391,75618000
2009-02-05,13.977758407592773,14.051169880554031,13.397798249607009,13.588671159821283,75195200
2009-02-06,14.432912826538086,14.631127124619141,13.992437075324789,14.065849933899306,86746000
2009-02-09,14.271402359008789,14.513663756142007,14.1392595241664,14.418226641985397,52196400
2009-02-10,13.801562309265137,14.535687993805489,13.728150860998,14.131919427401744,83953200
2009-02-11,14.102558135986328,14.308113895992902,13.889662349045643,13.904345203381983,58599000
2009-02-12,14.139257431030273,14.18330456937929,13.610687570142206,13.926360361915666,75323200
2009-02-13,14.01445484161377,14.293421894303536,13.977749129497512,14.14659764560535,47416000
2009-02-17,13.371389389038086,13.674444533479821,13.223556992310021,13.667052772659995,75853300
2009-02-18,13.393568992614746,13.63749153902792,13.304869243994194,13.467483804991419,54946900
2009-02-19,13.238346099853516,13.58575054596686,13.164429870300621,13.526617844291508,49195600
2009-02-20,13.304863929748535,13.445304554871655,13.053549720511,13.134857673450824,69413800
2009-02-23,12.720926284790039,13.415736170759107,12.683968897063226,13.31964611676901,70803400
2009-02-24,12.691364288330078,12.824413177954167,12.092645694856055,12.58788244521551,122674500
2009-02-25,12.536139488220215,12.743104573955339,12.166559884300973,12.573098294512722,105894600
2009-02-26,12.136996269226074,12.624841314811393,12.136996269226074,12.602666027344956,83219500
2009-02-27,11.937426567077637,12.210916223575087,11.900469153150805,12.040909863775711,93428000
2009-03-02,11.671326637268066,12.011339981874753,11.61958570599661,11.79698378885645,80602100
2009-03-03,11.737849235534668,12.003946317680095,11.560451180771052,11.848723548449835,80476600
2009-03-04,11.915247917175293,12.122211608126774,11.7452409204524,11.915247917175293,69285100
2009-03-05,11.286961555480957,11.737848423023395,11.286961555480957,11.723064900357828,89708500
2009-03-06,11.294354438781738,11.545668725409726,10.991299224289378,11.346096071563382,92821400
2009-03-09,11.198261260986328,11.634365288647153,11.161303866032393,11.235219360857387,66479100
2009-03-10,12.18134593963623,12.284829208937806,11.272180263315969,11.360879302109362,95184200
2009-03-11,12.647012710571289,12.713537142665334,12.144384294675882,12.292215269458346,84522200
2009-03-12,12.573099136352539,12.595274421612803,12.181344222427594,12.573099136352539,93694100
2009-03-13,12.306999206542969,12.602662575951749,11.95959492371692,12.550921662534481,82965800
2009-03-16,12.011334419250488,12.536136661771273,12.003942659658565,12.4326548471523,67028900
2009-03-17,12.491788864135742,12.491788864135742,12.018727477797126,12.063076630307837,62481000
2009-03-18,12.536139488220215,12.728321051438337,12.270043132085688,12.587881817029725,70710700
2009-03-19,12.669191360473633,12.898331784049462,12.506576803920954,12.83919908986352,58994600
2009-03-20,12.610054969787598,13.046158990257764,12.477006094412397,12.802236522014638,81725500
2009-03-23,13.54879093170166,13.740972533337061,12.794848050632307,12.839198627049036,71600000
2009-03-24,13.253128051757812,13.460091778093398,13.186603594054333,13.334436035580877,50044100
2009-03-25,13.216166496276855,13.53400519277539,12.950070130468834,13.290082701714665,73927100
2009-03-26,13.918371200561523,13.95532860597699,13.393568712521773,13.430526117937237,63775100
2009-03-27,13.400959014892578,13.763148353796247,13.341826320551403,13.704015659455072,47670400
2009-03-30,12.920504570007324,13.127469687063936,12.765281789590754,13.112686162309638,49633000
2009-03-31,13.578356742858887,13.888803700257345,13.142252650088803,13.179210050560387,92423300
2009-04-01,14.27316665649414,14.310125469902001,13.437917211160554,13.47487461473384,96438900
2009-04-02,14.258382797241211,14.70187722522192,14.044025935194052,14.413605565067579,99082300
2009-04-03,13.859236717224121,14.154900151891344,13.622705969490344,14.140116627699365,81858400
2009-04-06,13.866628646850586,13.866628646850586,13.504440758778136,13.704014108277592,47476100
2009-04-07,13.866628646850586,14.147508560719297,13.770537148276263,13.866628646850586,65815200
2009-04-08,14.184467315673828,14.50230603921481,14.014459605751911,14.021851367908036,56408900
2009-04-09,14.539261817932129,14.561437101926279,14.206639607191466,14.376647298144649,55759600
2009-04-13,14.480134963989258,14.672316606437063,14.31752037876491,14.554051197213012,44444700
2009-04-14,14.302735328674316,14.450566369561148,14.044029244828941,14.36925979051555,63796300
2009-04-15,13.918371200561523,14.22881819948922,13.681840422299402,14.199251147289132,72725500
2009-04-16,14.605792045593262,14.620575574111946,14.036638886137847,14.162296058876903,67688700
2009-04-17,14.191856384277344,14.554044202178925,14.044023988881747,14.554044202178925,61398500
2009-04-20,13.755751609802246,14.007065822209762,13.726184568420596,13.962715260137285,62937200
2009-04-21,14.021854400634766,14.103162392103417,13.726190899614366,13.740974427124081,60928300
2009-04-22,13.88140869140625,14.184463815860472,13.822276018581869,13.866625170741624,59401000
2009-04-23,13.984898567199707,13.9996820963749,13.6522762099326,13.984898567199707,86116300
2009-04-24,15.455818176269531,15.670175012905139,14.413603856365244,14.65013456587058,168478500
2009-04-27,15.078845024108887,15.389291895627338,14.990146723580226,15.189718604686748,68219600
2009-04-28,14.731436729431152,14.98275086185215,14.627954937199101,14.96796734586652,76685200
2009-04-29,14.967976570129395,15.441038094532107,14.827535901384383,14.86449471412494,79301600
2009-04-30,14.97536563873291,15.596259482735071,14.790575837775942,15.226679880821132,87439900
2009-05-01,14.960582733154297,15.041890700074847,14.67970284444549,14.923625335372787,63224500
2009-05-04,14.923625946044922,15.078848714880182,14.768401767375249,15.056674839237667,54313400
2009-05-05,14.62796401977539,14.960584876975954,14.51708899087398,14.886668660986532,66835500
2009-05-06,14.62796401977539,14.834927732744303,14.494915112961342,14.827535970161906,59639100
2009-05-07,14.280553817749023,14.77579047916444,14.147504952020386,14.75361519826496,68727200
2009-05-08,14.354472160339355,14.517086681782935,14.147507070455799,14.384037796131674,67597600
2009-05-11,14.280553817749023,14.583608940871311,14.05141488779088,14.191855513819345,63762600
2009-05-12,14.701875686645508,14.827532804045651,14.391428773647167,14.420995817663322,71966800
2009-05-13,14.598396301269531,14.78318612786788,14.539263613151439,14.724053439749788,49281700
2009-05-14,14.827533721923828,14.953190847102604,14.635352153424856,14.657527437809703,54539500
2009-05-15,14.945802688598633,15.152767829913547,14.768404600257854,14.879278229241505,61289900
2009-05-18,15.226680755615234,15.226680755615234,14.960582975802534,15.049282705684893,46073800
2009-05-19,15.10766315460205,15.427520364734693,15.063032344914756,15.256434411943513,51368300
2009-05-20,15.159729957580566,15.390325507094524,15.040713540509703,15.182046067826708,47450700
2009-05-21,14.743181228637695,15.04816115533714,14.51258696135509,14.98121420374083,58232800
2009-05-22,14.691107749938965,15.00352630061324,14.482828243226761,14.825001617197664,37318700
2009-05-26,15.129985809326172,15.211810178114321,14.467956407424888,14.534903360290015,44991700
2009-05-27,14.973769187927246,15.323381214268963,14.929138378594121,15.063032225381345,42892900
2009-05-28,15.211806297302246,15.345698750085596,14.914263729904286,15.115104537261477,45480800
2009-05-29,15.539093971252441,15.576287485103352,15.10022043932407,15.293622454986359,46134900
2009-06-01,15.918462753295898,15.992848378348098,15.51678264807448,15.620921671874886,57317100
2009-06-02,15.918462753295898,16.34989767605331,15.769692921979287,15.888709354547691,48935700
2009-06-03,16.1639347076416,16.186250821324894,15.83664021968028,15.85151621001465,56039600
2009-06-04,16.238325119018555,16.290394647500474,16.052361706561268,16.193694297289515,42330000
2009-06-05,16.468921661376953,16.595376856322535,16.223449979281224,16.33502775863593,59579200
2009-06-08,16.401966094970703,16.60280684359182,16.089547625600417,16.34989658654027,49000600
2009-06-09,16.424283981323242,16.602808637569513,16.275512725057425,16.40940657193909,50887700
2009-06-10,16.773900985717773,16.825971938419148,16.454045074711097,16.491237193566548,61297200
2009-06-11,16.982179641723633,17.302036954596794,16.78877751257269,16.803654926843144,65124600
2009-06-12,17.35409927368164,17.391291375113042,16.915225666610016,17.034242093735774,50963500
2009-06-15,17.421051025390625,17.510314079898077,17.123509875012655,17.279718446915545,69089600
2009-06-16,17.443363189697266,17.934306331232204,17.43592448527549,17.458239179753022,105295600
2009-06-17,17.614450454711914,17.718589486843314,17.23508501350593,17.480556602664166,86483100
2009-06-18,17.480558395385742,17.62189096690696,17.33178711812256,17.569821445501262,58852200
2009-06-19,17.904552459716797,18.105393233354892,17.666519580792183,17.882237764060033,115459000
2009-06-22,17.316904067993164,17.815285799286926,17.294587959862113,17.815285799286926,71291600
2009-06-23,17.36153793334961,17.59957078699271,17.264836199814773,17.391291330661137,56752700
2009-06-24,17.458234786987305,17.666514202027315,17.376411896511268,17.443358800674577,54287700
2009-06-25,17.696271896362305,17.792972207698703,17.25739830589195,17.428484236065092,57724300
2009-06-26,17.368976593017578,17.621886854064424,17.346660481000132,17.53262382478236,65126400
2009-06-29,17.748342514038086,17.87479764833379,17.51774693934208,17.554940460480672,62854900
2009-06-30,17.681400299072266,18.03101097806557,17.57725983096445,17.83017016684493,66452400
2009-07-01,17.882240295410156,18.075640972822654,17.822730648467143,17.88967758248996,54908400
2009-07-02,17.383861541748047,17.882243576022574,17.2648436448155,17.673964029876032,65422200
2009-07-06,17.257404327392578,17.316912559468214,17.011932692732056,17.26484161496239,49207700
2009-07-07,16.75901222229004,17.212761685567543,16.70694130925673,17.168130893183445,52842500
2009-07-08,16.781333923339844,16.878035669176587,16.364776376472076,16.59537055542539,73023400
2009-07-09,16.69207000732422,16.967294959493103,16.640000498469984,16.84827853388693,46981200
2009-07-10,16.654874801635742,16.766453930785808,16.476350181298223,16.506104994081593,43229200
2009-07-13,17.27971649169922,17.324348723296826,16.46891606191951,16.677195553011128,67584000
2009-07-14,17.190452575683594,17.27227548513482,17.00448922516789,17.257399495372265,45448700
2009-07-15,17.941740036010742,17.941740036010742,17.525181217196216,17.666513724250695,67238700
2009-07-16,18.179777145385742,18.179777145385742,17.748342238392873,17.800411748390466,64555100
2009-07-17,18.06820297241211,18.18721942402323,17.926870404078397,18.150025896152243,52860100
2009-07-20,18.246726989746094,18.246726989746094,17.96406186330419,18.17978006078817,47798000
2009-07-21,18.46988296508789,18.46988296508789,18.12771102467858,18.365743925622102,52028400
2009-07-22,18.447566986083984,18.521952622880296,18.231850200041503,18.37318276807569,66192500
2009-07-23,19.012897491455078,19.131913953155255,18.477323413804278,18.544270350859144,106060500
2009-07-24,17.443363189697266,17.770657671528692,16.967296038218084,17.56237962287011,215135700
2009-07-27,17.190452575683594,17.443362845887968,17.03424262348076,17.43592414161281,80950000
2009-07-28,17.458234786987305,17.51774298860053,17.03423867314464,17.101185577307948,70288400
2009-07-29,17.703710556030273,17.78553488498312,17.36153866911434,17.651641044437657,73626900
2009-07-30,17.711149215698242,18.17233895210407,17.636763591273073,18.001253009077626,67820000
2009-07-31,17.495431900024414,17.904550692957173,17.48055449186271,17.681395245682527,54258200
2009-08-03,17.72602653503418,17.74834264788563,17.48055496881929,17.718587830750362,46902900
2009-08-04,17.681400299072266,17.696277711485973,17.502875606472188,17.61445336199872,49218300
2009-08-05,17.711149215698242,18.038445111896323,17.69627322584343,17.733465328662128,53310300
2009-08-06,17.4508056640625,17.837609896278497,17.30947449438945,17.800417781898897,59686000
2009-08-07,17.525184631347656,17.718586673734528,17.480553827346895,17.666517165935694,46169700
2009-08-10,17.421051025390625,17.517751367217922,17.331787970883173,17.450804431034364,35261900
2009-08-11,17.205333709716797,17.406174528832775,17.14582547651075,17.34666629562673,33615800
2009-08-12,17.502872467041016,17.77809745338774,17.130945736138393,17.20532994728861,61972300
2009-08-13,17.56982421875,17.74091022145551,17.406175504172317,17.57726150687783,38954500
2009-08-14,17.621891021728516,17.703713947568573,17.487997155532717,17.569821500160828,46330200
2009-08-17,17.294593811035156,17.554942818829833,17.27971640058107,17.346663328836502,42474400
2009-08-18,17.638689041137695,17.691051333502998,17.406798277763297,17.421759340372088,38878900
2009-08-19,17.69104766845703,17.743409949974467,17.391833612096576,17.391833612096576,41821300
2009-08-20,17.706005096435547,17.85561280731357,17.60876108310024,17.653642825657702,39505900
2009-08-21,18.259563446044922,18.267043979223303,17.78082073675504,17.900506414077512,69011400
2009-08-24,18.43160629272461,18.498929645803994,18.162314307172487,18.259558357861923,54180900
2009-08-25,18.43160629272461,18.56625299888338,18.29695958656584,18.40168559511456,43980300
2009-08-26,18.36428451538086,18.513892296564364,18.267040456347463,18.394206642323777,41079000
2009-08-27,18.46901512145996,18.536338497042177,18.177280018348394,18.25956446111908,45495600
2009-08-28,18.46152687072754,19.067435570924527,18.409164584221852,18.753260425125106,55808000
2009-08-31,18.439085006713867,18.588692760317073,18.169793047699486,18.37924219062564,49592800
2009-09-01,17.952865600585938,18.506412118725468,17.878061708563713,18.21467850928093,62608500
2009-09-02,17.84814453125,18.057593758141305,17.788301691171647,17.8182223978279,40771300
2009-09-03,18.035154342651367,18.057594516894994,17.773341371270387,17.88554652278626,34120000
2009-09-04,18.416650772094727,18.55129608157159,18.01271056336693,18.020191096132155,44999700
2009-09-08,18.566251754760742,18.58121281594594,18.259557134290862,18.416645423204763,53737100
2009-09-09,18.536334991455078,18.663501184975633,18.454050564246003,18.506412862737005,49900300
2009-09-10,18.700904846191406,18.738306085177467,18.439091892991566,18.551297036715553,46256000
2009-09-11,18.596176147460938,18.828066917080747,18.558773489931614,18.648538441236493,54303500
2009-09-14,18.700904846191406,18.76822821777896,18.43161135984119,18.439091892991566,42806800
2009-09-15,18.85051155090332,18.902873853121353,18.596179145759404,18.67846215205957,44716600
2009-09-16,18.85051155090332,18.962716688051348,18.663502513401365,18.88791278769742,50055800
2009-09-17,18.92531394958496,18.9851567842781,18.745785445505547,18.745785445505547,42428800
2009-09-18,18.895387649536133,19.059955039512317,18.775702015596124,19.04499397857849,68016500
2009-09-21,18.92531394958496,18.977677678361463,18.77570757623498,18.783188108917336,28878700
2009-09-22,19.276887893676758,19.314289122643178,18.917830959243595,19.000113948322802,61376700
2009-09-23,19.23200225830078,19.63594232818505,19.17963997370806,19.38909053884419,60599900
2009-09-24,19.404050827026367,19.531216981733074,19.194600270225557,19.389089767233767,56302900
2009-09-25,19.112319946289062,19.31429001628964,19.089879778577107,19.217045960418343,50158900
2009-09-28,19.3217716217041,19.56862346761434,19.149723668110877,19.149723668110877,44358000
2009-09-29,19.261924743652344,19.41901160040373,19.21704298840413,19.3816103754911,39050300
2009-09-30,19.239484786987305,19.441454842908986,18.985152441033794,19.26940691087143,63533400
2009-10-01,18.61113929748535,19.052480752298024,18.551296460905622,19.00759898155467,75958100
2009-10-02,18.670982360839844,18.768227863191637,18.274524098720974,18.296964270982322,51219700
2009-10-05,18.43160629272461,18.745781464839936,18.34184277312904,18.685938642854417,60804900
2009-10-06,18.783187866210938,18.85799033853651,18.446571033683046,18.46153209885444,48795300
2009-10-07,18.775699615478516,18.83554242479875,18.611130819774036,18.693415217626274,38472700
2009-10-08,19.202085494995117,19.374133444379826,18.86546870118543,19.030037545610405,60521300
2009-10-09,19.112319946289062,19.291849848577684,19.044996589622205,19.127281009274032,39520000
2009-10-12,19.239484786987305,19.36665095996406,19.11231861401055,19.194603027926508,29145800
2009-10-13,19.306806564331055,19.4040520322579,19.08987689092512,19.14223917668637,37749000
2009-10-14,19.41901397705078,19.598543873546426,19.314289393066197,19.55366068603979,45365500
2009-10-15,19.98004150390625,19.98004150390625,19.37413272433318,19.37413272433318,65620100
2009-10-16,19.822952270507812,19.92019631424677,19.52373818196642,19.78555104447713,56500900
2009-10-19,19.71822738647461,19.882794775896013,19.635942978381262,19.815471428686052,48143200
2009-10-20,19.72571563720703,19.830440250847502,19.404059836150324,19.763116877288386,54604700
2009-10-21,19.882801055908203,20.00996726005206,19.740673786155483,19.793036089020763,61672700
2009-10-22,19.890277862548828,19.98752191725765,19.546180551835462,19.867836268339648,61600000
2009-10-23,20.95997428894043,21.954862359952134,20.855248252625756,21.842657217326085,281761000
2009-10-26,21.453676223754883,21.70800861957189,21.027295862169215,21.042255500278817,124149700
2009-10-27,21.386354446411133,21.603284196145893,21.27414930504724,21.491079054782,69685800
2009-10-28,20.95997428894043,21.521001428836485,20.907611984165992,21.124541736340916,73542400
2009-10-29,21.109577178955078,21.25170443038396,20.83280463470288,20.9973720548862,65225500
2009-10-30,20.743043899536133,21.244228220657007,20.690681592768644,20.967455620095752,73371800
2009-11-02,20.855241775512695,20.98240794479849,20.50366539067096,20.720596502238344,62428900
2009-11-03,20.593441009521484,20.750527956498534,20.518637089965992,20.67572403694304,50294800
2009-11-04,20.989898681640625,21.23675060948711,20.660763729022676,20.713126042995256,63898400
2009-11-05,21.29659080505371,21.49856092816056,21.15446494962226,21.333993472350834,52681700
2009-11-06,21.333986282348633,21.416269269139462,21.09461499938369,21.229260275977428,38908500
2009-11-09,21.685569763183594,21.693050296566724,21.341473788154627,21.408797161836965,57518000
2009-11-10,21.70052146911621,21.90249150304053,21.550913719520736,21.618237064162177,65881100
2009-11-11,21.782812118530273,21.917457419646563,21.708008222288566,21.75288998932733,49693400
2009-11-12,21.96233367919922,22.05957771487425,21.693040308460365,21.700520838399246,55352400
2009-11-13,22.164304733276367,22.28399179877827,21.969816640403494,22.04461909453982,53037600
2009-11-16,22.09697914123535,22.29146720181816,21.96981299284498,22.149341421143426,54129500
2009-11-17,22.540281295776367,22.540281295776367,22.14206914364489,22.164609940846763,75648900
2009-11-18,22.622920989990234,22.645460345688424,22.39751740150468,22.540272864238336,59431200
2009-11-19,22.374984741210938,22.54027960910498,22.314877386242884,22.53276601059993,51967700
2009-11-20,22.2547664642334,22.367467557600474,22.112010981663285,22.28481942036428,42647100
2009-11-23,22.49519157409668,22.547785312143137,22.31486957233515,22.420057048428074,41832700
2009-11-24,22.472658157348633,22.53276551098393,22.352443450078034,22.502712550702455,37341400
2009-11-25,22.382492065429688,22.435085807149544,22.224709407198134,22.397517825155376,32033500
2009-11-27,21.9542293548584,22.08195764893796,21.60109886326066,21.87158264674025,29357900
2009-11-30,22.09697723388672,22.127031614176698,21.78892700127308,21.901628061217043,44172000
2009-12-01,22.547792434692383,22.57784539461003,22.09698657134902,22.179634718999132,49904200
2009-12-02,22.374984741210938,22.53276601059993,22.277309393717612,22.465145057126822,36308600
2009-12-03,22.41254234313965,22.690539644431144,22.359948607696563,22.420055938641777,43095200
2009-12-04,22.525245666503906,22.818270188160017,22.41254458882323,22.57783940721676,58810700
2009-12-07,22.382492065429688,22.600380628707953,22.299843938114492,22.374978469030854,38082700
2009-12-08,22.21720314025879,22.344931455032604,22.074447627729832,22.179636578943384,37402200
2009-12-09,22.322385787963867,22.397520327273813,21.97676891343911,22.14206375346328,44713300
2009-12-10,22.442602157592773,22.510221667336246,22.284819479998912,22.32238603353108,45940200
2009-12-11,22.427581787109375,22.540282915070208,22.38250162253956,22.517742116249003,43744200
2009-12-14,22.622920989990234,22.660487538201853,22.465138334743152,22.472651930999866,34651200
2009-12-15,22.55530548095703,22.698059544948897,22.450116541138662,22.45763013920228,49473200
2009-12-16,22.61541175842285,22.84832755504504,22.57033160525422,22.59287096530242,55737800
2009-12-17,22.239742279052734,22.51022465312022,22.2172014841003,22.50271248787509,43691200
2009-12-18,22.81076431274414,22.87838526885484,22.390011378483692,22.4200657736762,94118000
2009-12-21,22.930978775024414,23.17140820162889,22.81827766043762,22.840817023511523,40129100
2009-12-22,23.156375885009766,23.23902401953616,22.946000899774734,22.991081049029084,36321000
2009-12-23,23.231510162353516,23.25405095326435,23.058701731253397,23.07372749212186,28362700
2009-12-24,23.2916259765625,23.2916259765625,23.111303882906213,23.20146421319805,11083900
2009-12-28,23.419343948364258,23.42685754474452,23.20896754893279,23.29161567604372,25384000
2009-12-29,23.584638595581055,23.667286722082466,23.464423920527345,23.554585643353608,29716200
2009-12-30,23.261554718017578,23.509499029294208,23.141340076043708,23.40431014276339,42006200
2009-12-31,22.900922775268555,23.284107684468044,22.900922775268555,23.27659408627915,31929700
2010-01-04,23.25405502319336,23.366756131328316,22.983571217211594,23.006112012067522,38409100
2010-01-05,23.261554718017578,23.366743604548397,23.021125434069837,23.178908047330275,49749600
2010-01-06,23.118825912475586,23.351741855909513,22.930990150625263,23.201472673199998,58182400
2010-01-07,22.87838363647461,23.066219293808317,22.683034380878873,23.013624105974117,50559700
2010-01-08,23.036163330078125,23.201458181355395,22.7205993899508,22.750653780949705,51197400
2010-01-11,22.74314308166504,23.111300819887514,22.630441967200596,23.073732826351083,68754700
2010-01-12,22.59286880493164,22.840811773258697,22.472654119262288,22.652976147766317,65912100
2010-01-13,22.803245544433594,22.93097382890077,22.54778897549924,22.73562460365261,51863500
2010-01-14,23.261554718017578,23.366743604548397,22.735616017649786,22.773182555864782,63228100
2010-01-15,23.186437606811523,23.471947219821708,23.073735048421064,23.35173249507294,79913200
2010-01-19,23.366756439208984,23.471943950444583,23.05119247242983,23.10378622804763,46575700
2010-01-20,22.98356819152832,23.246538364605936,22.773191766451795,23.148863032827776,54849500
2010-01-21,22.547792434692383,23.081245012613525,22.54027883644489,22.99859829803575,73086700
2010-01-22,21.758880615234375,22.690546683515283,21.66872030738284,22.540277592999715,102004600
2010-01-25,22.02936363220215,22.284820217274525,21.864068784890932,21.969256284718778,63373000
2010-01-26,22.16461181640625,22.427582073723897,21.856561393942684,21.939209557604045,66639900
2010-01-27,22.29233169555664,22.40503278223967,21.803959364548813,22.0519023284803,63949500
2010-01-28,21.909147262573242,22.442601184650893,21.70628444292095,22.420060393665494,117513700
2010-01-29,21.172826766967773,22.480162229334038,20.782128417367257,22.465135039025153,193888500
2010-02-01,21.34563636779785,21.398230103792212,20.977478782765505,21.330609176636084,85931100
2010-02-02,21.383207321166992,21.413261709686786,21.142777945297137,21.3155878131417,54413700
2010-02-03,21.51093864440918,21.631154782395402,21.12775516816633,21.23294267669791,61397900
2010-02-04,20.917377471923828,21.413263458420417,20.89483667869317,21.32310171857002,77850000
2010-02-05,21.052621841430664,21.247971106523845,20.714517068563158,21.037594644176018,80960100
2010-02-08,20.82722282409668,21.09770670267999,20.714521685711208,21.045112933638286,52820600
2010-02-09,21.04509735107422,21.293040245165304,20.849748187082504,21.01504297211934,59195800
2010-02-10,21.03008460998535,21.21792030828791,20.91738347761835,21.06013900958863,48591300
2010-02-11,21.12775993347168,21.33813499798433,20.81219590363006,20.985004401786206,65993700
2010-02-12,20.9849910736084,21.08266494394338,20.72202097691489,20.89482936531541,81117200
2010-02-16,21.40016746520996,21.415264930457376,21.15106504772174,21.23409822703546,51935600
2010-02-17,21.581340789794922,21.626631762680454,21.407724193921986,21.536049816909387,45882900
2010-02-18,21.86817169189453,21.913464075877176,21.520938719999872,21.58132712553691,42856500
2010-02-19,21.71721076965332,21.830438898925404,21.656822338056624,21.73230823749594,44451800
2010-02-22,21.68701171875,21.845532221469888,21.62662329861231,21.770046336354394,36707100
2010-02-23,21.385072708129883,21.76250074847088,21.20390742153905,21.649272624323324,52266200
2010-02-24,21.611522674560547,21.732300936954623,21.422808709243913,21.528489508867068,43165900
2010-02-25,21.58888053894043,21.626622760672625,21.151064143889,21.339778132096917,48735300
2010-02-26,21.641725540161133,21.777599875403308,21.52094867322894,21.626628071851155,40370600
2010-03-01,21.90592384338379,21.928568604386747,21.536044536007058,21.71720982289931,43805400
2010-03-02,21.48320198059082,22.117281162681106,21.317134171861884,21.951213353952173,93123900
2010-03-03,21.48320198059082,21.596431537214787,21.400168796113164,21.52094564605668,48442100
2010-03-04,21.611522674560547,21.626620137331468,21.339775543550434,21.483197120554305,42890600
2010-03-05,21.581340789794922,21.649277969010257,21.453015166807518,21.634180498123722,56001800
2010-03-08,21.611522674560547,21.83798029680448,21.513392046096147,21.528489508867068,39414500
2010-03-09,21.73984718322754,21.97385352560497,21.55113322698503,21.55868195800752,50271600
2010-03-10,21.86817169189453,21.973852481414212,21.73984615015669,21.78513853413933,44891400
2010-03-11,22.026700973510742,22.034249707196253,21.777598520983855,21.80779201595216,35349700
2010-03-12,22.094623565673828,22.17765670190726,21.921007124727,22.132365769436955,31700200
2010-03-15,22.109729766845703,22.170118180612242,21.898369598776142,22.026695158001704,37512000
2010-03-16,22.170120239257812,22.260702148432085,22.041794668116353,22.207862461451512,36723500
2010-03-17,22.36638069152832,22.54754738269387,22.19276417224922,22.26825005360596,50385700
2010-03-18,22.351289749145508,22.4343229417213,22.268255116795952,22.36638577703053,43845200
2010-03-19,22.336185455322266,22.57019037342411,22.155020218104063,22.464511011656825,81332100
2010-03-22,22.343732833862305,22.419218704742317,22.18521236103696,22.268246962982296,37718200
2010-03-23,22.55509376525879,22.570191228875856,22.200312008897928,22.336186301904796,42026600
2010-03-24,22.381488800048828,22.532460634562213,22.343746561307544,22.434328510196277,33987700
2010-03-25,22.653234481811523,23.07595354595445,22.49471393289922,22.517360136964957,73168700
2010-03-26,22.38903045654297,22.796653416977936,22.336190763102955,22.71361879027296,55595500
2010-03-29,22.336185455322266,22.509801961018045,22.30599052923257,22.426767354044706,33336000
2010-03-30,22.472063064575195,22.540000218544872,22.26825160266616,22.366382247414844,34954800
2010-03-31,22.109729766845703,22.434316590982498,22.01914642630922,22.373928177215962,63760000
2010-04-01,22.01160430908203,22.29845044050008,21.603982753611362,22.155027374791054,74768100
2010-04-05,22.094623565673828,22.215400345443168,21.91345839601982,21.988942803546067,34331200
2010-04-06,22.132383346557617,22.328646129494185,21.875732125777024,22.004057736167322,47366800
2010-04-07,22.155027389526367,22.313546483488786,21.996506855790166,22.011604323721954,58318800
2010-04-08,22.585289001464844,22.630579953162265,22.11727770134684,22.132375165170448,63713800
2010-04-09,22.902334213256836,22.95517390994858,22.570197125771045,22.60794079467497,54752500
2010-04-12,22.887235641479492,23.01556123001415,22.80420101367069,22.834395947337047,37068800
2010-04-13,22.985370635986328,23.023112868057204,22.743815455501583,22.75891292423948,41374600
2010-04-14,23.26466178894043,23.400536099884174,23.143884943606785,23.24201703029885,68941200
2010-04-15,23.302410125732422,23.362798560508768,23.181631816405876,23.264666454138546,52745400
2010-04-16,23.151437759399414,23.38544275853078,23.09859806021883,23.242021129261715,88703100
2010-04-19,23.43073844909668,23.589257568867943,23.219378182960973,23.226926918155893,64970300
2010-04-20,23.672279357910156,23.732667766893673,23.49866142228096,23.566598562359072,52199500
2010-04-21,23.649635314941406,23.777960875670885,23.574149436905238,23.649635314941406,55343100
2010-04-22,23.69492530822754,23.80060610911645,23.32504610454962,23.430726905438533,84847600
2010-04-23,23.370336532592773,23.838347795249476,23.136331621151058,23.491114793740696,126766600
2010-04-26,23.483566284179688,23.61189183807364,23.29485231902819,23.400531678785576,63649300
2010-04-27,23.287315368652344,23.589257577692,23.211829456448925,23.362801280855763,68730900
2010-04-28,23.332592010498047,23.400529145780553,23.1136845833002,23.340140741059788,64557900
2010-04-29,23.400541305541992,23.725129689498818,23.151438826654598,23.34770160392556,52665200
2010-04-30,23.053306579589844,23.460928135419234,23.038209111654812,23.45337940145172,63214800
2010-05-03,23.29485511779785,23.445825444193463,23.083494933115837,23.151432083914575,43989500
2010-05-04,22.743806838989258,23.060846363505036,22.456962240509895,23.03820160875104,82085600
2010-05-05,22.532455444335938,22.713620740157104,22.411678580455163,22.47206701239555,66833800
2010-05-06,21.875732421875,22.555102716759365,21.068036514863394,22.33619516652698,128613000
2010-05-07,21.294485092163086,21.85307974731004,20.622663775255123,21.837982283165868,173718100
2010-05-10,21.845531463623047,22.253152925468243,21.67191350194837,21.89837114943877,86653300
2010-05-11,21.800249099731445,22.381488790657727,21.566244052130596,21.649278705055526,63789400
2010-05-12,22.222959518432617,22.32863889045448,21.830434079817902,21.875725033573918,47146800
2010-05-13,22.071992874145508,22.441872201816906,22.02670190988083,22.08709034215833,45188800
2010-05-14,21.83799171447754,22.04935054468312,21.619082709165706,22.04180324912496,63334000
2010-05-17,21.845531463623047,22.064438939112968,21.475652223139527,21.9814057641626,46053300
2010-05-18,21.686296463012695,21.989601015349688,21.534643463709106,21.891027578191483,52690600
2010-05-19,21.41332244873047,21.75454098687126,21.072105356859918,21.625636366492543,61746700
2010-05-20,20.55649185180664,21.110022995442016,20.50341372108415,20.96595275043055,87991100
2010-05-21,20.35175323486328,20.55648433242166,20.048448708630534,20.1925174546723,117596300
2010-05-24,19.9195499420166,20.36692479167324,19.91196714585474,20.35934199551138,73711700
2010-05-25,19.76789093017578,19.965039231921917,19.24468972347527,19.449420819088953,98373600
2010-05-26,18.964134216308594,20.1773537965826,18.622915712201184,19.8892134050541,176684100
2010-05-27,19.71481704711914,19.987791899808844,19.510085907601866,19.510085907601866,136433600
2010-05-28,19.56316375732422,19.80580887093031,19.457007514432412,19.593494938876358,67496900
2010-06-01,19.63140869140625,19.949878886173614,19.35085247593883,19.358435271798818,76152400
2010-06-02,20.063610076904297,20.078775662687153,19.51007921225876,19.76030559259646,65718800
2010-06-03,20.366926193237305,20.420004323752483,20.025707573824608,20.131863834854965,67837000
2010-06-04,19.55557632446289,20.147019718028044,19.426671735509224,19.790637123283148,89832200
2010-06-07,19.176454544067383,19.585915440046342,19.138540560745806,19.578332643382026,80456200
2010-06-08,19.039960861206055,19.153699881380945,18.691159560230272,19.146117087199936,87355000
2010-06-09,18.79732322692871,19.350854362231388,18.76699204053212,19.123374803068657,87794000
2010-06-10,18.9565486907959,19.070287693686698,18.789731582974056,19.055122107629288,78930900
2010-06-11,19.457008361816406,19.50250368985567,18.782155451864124,18.986886597446414,68057700
2010-06-14,19.335691452026367,19.684491466362758,19.31294305907239,19.608666382391036,50972400
2010-06-15,20.15460968017578,20.20768780398929,19.517669301872857,19.52525209759913,81641500
2010-06-16,19.95746421813965,20.154612596740797,19.88922049299807,20.07120327795207,48698000
2010-06-17,19.995378494262695,20.222856617209544,19.745151980512908,20.13944729720274,47995500
2010-06-18,20.048460006713867,20.11670374435798,19.843728793781523,19.995381865495307,52075600
2010-06-21,19.676904678344727,20.389670105386376,19.631407905007315,20.30626224680853,54625300
2010-06-22,19.54041862487793,20.0560371887952,19.532835828788503,19.836140441013228,55985400
2010-06-23,19.191612243652344,19.54799633579408,19.12336854287074,19.54799633579408,61466200
2010-06-24,18.9565486907959,19.502496772433663,18.903470585864852,19.305348492496996,85243400
2010-06-25,18.600170135498047,19.03996210278412,18.433351545178027,18.994465334731274,156256700
2010-06-28,18.433359146118164,18.660838741372302,18.289290326688423,18.58501220962092,73784800
2010-06-29,17.675079345703125,18.34993322397909,17.523427877551764,18.29685369154327,119882100
2010-06-30,17.447614669799805,17.95565043875387,17.402119339432858,17.667509971798772,81050500
2010-07-01,17.561349868774414,17.68267168733516,17.235296939041106,17.50827175393786,92239400
2010-07-02,17.644765853881836,17.80400025878763,17.477947205385433,17.713009583490237,62485100
2010-07-06,18.06180191040039,18.266533012261174,17.879819190836393,17.97081127375344,73592000
2010-07-07,18.425771713256836,18.44093730504632,17.90257181295353,18.061806187931815,79965300
2010-07-08,18.509183883666992,18.668419729536314,18.175548044064662,18.65325413540197,50758100
2010-07-09,18.403024673461914,18.50918092287993,18.312032569481875,18.44852000231672,53806100
2010-07-12,18.827651977539062,18.873147308472305,18.516764564665998,18.52434736086662,49854200
2010-07-13,19.05512809753418,19.184032727003054,18.880728141861688,19.06271089294651,61928700
2010-07-14,19.29018783569336,19.419092447916235,19.04754420004328,19.335683155810212,72808100
2010-07-15,19.34326171875,19.403922614392574,18.941382381199297,19.33567892601095,56934700
2010-07-16,18.873144149780273,19.441840753212983,18.86556135484874,19.343267311643555,65064800
2010-07-19,19.130949020385742,19.18402712650631,18.888305423108907,18.926217942832192,38181800
2010-07-20,19.320520401000977,19.320520401000977,18.72907681391689,18.850398649537745,45530700
2010-07-21,19.047544479370117,19.449422464457683,18.941386802513822,19.41150993818269,73297300
2010-07-22,19.593494415283203,19.707233450523617,19.312936778504564,19.34326795924617,73016400
2010-07-23,19.570743560791016,19.729979347055536,19.146117207869153,19.59349194347741,108520100
2010-07-26,19.790634155273438,19.866460627922084,19.563154737327505,19.608651488678493,67249900
2010-07-27,19.836135864257812,19.896796772706576,19.68448287000083,19.820970275578087,60672100
2010-07-28,19.676904678344727,19.858887432883257,19.585912577940277,19.767895332478805,69704800
2010-07-29,19.737571716308594,20.02571080543339,19.411518637647102,19.813396802840348,69446200
2010-07-30,19.570743560791016,19.59349194347741,19.221943703887014,19.525248241688345,83534800
2010-08-02,19.965042114257812,20.002954642798912,19.525250130337906,19.707232870621635,55044600
2010-08-03,19.836135864257812,19.98020606417493,19.692065664340692,19.866467041617263,56877700
2010-08-04,19.510089874267578,19.896803845445397,19.290194545325672,19.828560118398094,78531900
2010-08-05,19.237110137939453,19.39634448493323,19.115786871215864,19.328100780144418,64922100
2010-08-06,19.37359619140625,19.381178986003647,18.97171820163543,19.093040022653433,55982100
2010-08-09,19.419092178344727,19.51008281731532,19.23710945413341,19.3735954125893,57096500
2010-08-10,19.009634017944336,19.214365168691995,18.86556378820297,19.206782372782403,87257700
2010-08-11,18.85040283203125,18.880732574530793,18.622923255066613,18.713915375106605,76746900
2010-08-12,18.569843292236328,18.71391353216553,18.47126983098195,18.516765163386236,70240500
2010-08-13,18.501598358154297,18.70632950996413,18.38027651551227,18.46368582468008,45263500
2010-08-16,18.577423095703125,18.660832396898495,18.425770083760693,18.471266855105608,40909700
2010-08-17,18.836610794067383,19.027187599935253,18.752757988195754,18.836610794067383,52912600
2010-08-18,18.920467376708984,19.01956814215841,18.60792149303461,18.81374481759651,46818900
2010-08-19,18.630783081054688,18.85947459447623,18.45545136984731,18.767998570701685,54064600
2010-08-20,18.470691680908203,18.60028388290073,18.4478234096055,18.531676161023235,49560100
2010-08-23,18.508819580078125,18.78324918693593,18.478326593768582,18.630788617345065,51643000
2010-08-24,18.325864791870117,18.562179603935814,18.295371807611048,18.363979568208432,66522500
2010-08-25,18.37159538269043,18.463071390493194,18.196265156081026,18.29536440686484,47404800
2010-08-26,18.158145904541016,18.44020003173156,18.13527763340711,18.363969068654278,49105300
2010-08-27,18.242013931274414,18.310621704629522,17.92184480694585,18.203897693862807,60939400
2010-08-30,18.02093505859375,18.15815053633696,17.990443537975846,18.097166041116097,45453100
2010-08-31,17.891345977783203,18.08954598567928,17.777000210839205,17.990446708723898,66074600
2010-09-01,18.219139099121094,18.257255325884536,17.944709536351215,18.043808817965402,65235900
2010-09-02,18.249631881713867,18.257255126983505,18.07430014848292,18.20389241009604,48837100
2010-09-03,18.516437530517578,18.638406532898507,18.447829784930157,18.47832130853279,64189100
2010-09-07,18.264873504638672,18.524057979424402,18.234381983244223,18.371597464481976,51928700
2010-09-08,18.242013931274414,18.447837251339735,18.09717513708188,18.34873648805534,65512400
2010-09-09,18.302988052368164,18.45544855338735,18.287741566070757,18.440203521074903,46028900
2010-09-10,18.181020736694336,18.318236217980235,18.13528272759407,18.280119998742432,58284300
2010-09-13,19.141538619995117,19.27875417990684,18.3639847498193,18.44783902620667,114680400
2010-09-14,19.080551147460938,19.32448923682436,18.973827142875162,19.088174394501756,87160400
2010-09-15,19.149158477783203,19.225388038472172,18.996696448433923,19.13391198405114,56201900
2010-09-16,19.309240341186523,19.339733325557283,19.095793812547754,19.103417058640442,44548300
2010-09-17,19.225383758544922,19.461699996826493,19.11866123415024,19.362599263615422,70341600
2010-09-20,19.38547134399414,19.454079104828207,19.14153328502215,19.27112556059921,49838700
2010-09-21,19.172021865844727,19.377845116681648,19.11866060540226,19.377845116681648,52675700
2010-09-22,18.7603759765625,19.03480551138214,18.56979922411139,18.97382100875719,94299400
2010-09-23,18.62316131591797,18.745130326628406,18.569800055480314,18.684145821273187,46201800
2010-09-24,18.889972686767578,18.905217725534612,18.737510667212632,18.783248691484886,51948800
2010-09-27,18.851858139038086,19.050058200571712,18.74513558820679,18.943335649740416,43603300
2010-09-28,18.813739776611328,18.981446817993195,18.562178487545815,18.905215815915827,56041200
2010-09-29,18.676523208618164,18.798492223457657,18.600292210847144,18.775622487930747,44318900
2010-09-30,18.668903350830078,18.9280879178882,18.569804053536377,18.760380855550547,61262700
2010-10-01,18.58504295349121,18.920458421354695,18.524058455151042,18.882343655136516,62672300
2010-10-04,18.226762771606445,18.287747281871706,18.127663487669928,18.264877545277702,98143400
2010-10-05,18.562171936035156,18.638402911206835,18.226756517670722,18.341102253435782,78152900
2010-10-06,18.62316131591797,18.70701555602588,18.394468330346925,18.539307075810054,50489700
2010-10-07,18.699392318725586,18.867099345024428,18.508815557664732,18.768000069026314,50096100
2010-10-08,18.729875564575195,18.79086004299607,18.577415095515335,18.767991772328653,41327800
2010-10-11,18.745136260986328,18.859482062978934,18.676528488993615,18.859482062978934,27587800
2010-10-12,18.928077697753906,19.004308668196114,18.62315526996991,18.7908622417549,50141500
2010-10-13,19.316862106323242,19.469324108517284,18.973823328379357,19.072924066001104,75336500
2010-10-14,19.233013153076172,19.31686742276002,19.057682820087958,19.278752638714167,51949100
2010-10-15,19.469324111938477,19.47694590346265,19.233007863097647,19.33210860073681,68954800
2010-10-18,19.682769775390625,19.781870516076534,19.40071695279171,19.507439485236116,48330500
2010-10-19,19.1339111328125,19.33973442708156,19.019565342880444,19.263503415798322,66150900
2010-10-20,19.293987274169922,19.362595011639087,19.133903522731885,19.255872510680398,56283600
2010-10-21,19.37784194946289,19.46931941954505,19.0957877495292,19.362595462118353,50032400
2010-10-22,19.347354888916016,19.469325370971458,19.263502090858875,19.45407887896634,25837900
2010-10-25,19.202516555786133,19.324485577370723,19.1872700645917,19.24063132978678,50912400
2010-10-26,19.743741989135742,19.797103222119656,19.103404285359705,19.14914373133267,69304200
2010-10-27,19.858097076416016,19.903836543994817,19.53030628267938,19.659898532848835,64805500
2010-10-28,20.033424377441406,20.10965389862945,19.758993448412713,19.980061677030893,80730300
2010-10-29,20.330726623535156,20.73474983462069,20.185887894431264,20.696633614338015,114193200
2010-11-01,20.544178009033203,20.749999831848708,20.353601223992023,20.49081528787387,61912100
2010-11-02,20.87959098815918,20.902460724576876,20.597538175601272,20.62802970350613,54402100
2010-11-03,20.605159759521484,20.955820299070623,20.55179704551657,20.932950564497087,110255300
2010-11-04,20.689008712768555,20.910078410741523,20.58990945594327,20.894831923849935,93599300
2010-11-05,20.467945098876953,20.72712961872454,20.224007069369897,20.711883128384013,110953700
2010-11-08,20.437448501586914,22.007801833123377,20.262118255653306,20.33834923988077,71670800
2010-11-09,20.544178009033203,20.666147035140717,20.36122301588645,20.437454020700017,58538600
2010-11-10,20.53655433654785,20.643276868678612,20.437453596153187,20.58991560261323,52277300
2010-11-11,20.338350296020508,20.368841818903817,20.033427797261574,20.338350296020508,62073100
2010-11-12,20.02580451965332,20.21638126280803,19.896212276148713,20.17826504178599,64962200
2010-11-15,19.972450256347656,20.20114184660171,19.949580515727984,20.071549557728236,51794600
2010-11-16,19.796039581298828,19.972448643443446,19.673321124192647,19.972448643443446,65339200
2010-11-17,19.611955642700195,19.87273264663636,19.596615474723023,19.865062562647775,58299700
2010-11-18,19.81905174255371,20.003129445878166,19.642644126399382,19.719342072261583,59514000
2010-11-19,19.704002380371094,19.81138066957067,19.634973062194373,19.78837040920527,52423200
2010-11-22,19.73468017578125,19.74235026214653,19.512253522865606,19.673320947778375,53350500
2010-11-23,19.26681900024414,19.634974413918464,19.243808738294653,19.61196415196898,69742500
2010-11-24,19.458566665649414,19.527594525202,19.297497758907884,19.328178107970867,56825900
2010-11-26,19.36652374267578,19.48924219193246,19.30516451804744,19.335843398901957,21356500
2010-11-29,19.41253662109375,19.49690607671803,19.121080762539,19.320498544884394,56603600
2010-11-30,19.374195098876953,19.53526252549189,19.17477724003031,19.213126209342605,75282100
2010-12-01,19.972450256347656,20.13351769571198,19.604293392378658,19.611963479432127,74123500
2010-12-02,20.6243839263916,20.69341322139118,20.095161281953487,20.125840155887197,91759200
2010-12-03,20.724102020263672,20.75478090672412,20.540024312742254,20.563033111857695,52622000
2010-12-06,20.586027145385742,20.693405357727602,20.524667957916332,20.65505641415363,36264200
2010-12-07,20.609050750732422,20.808467142106675,20.59371057818998,20.770118173669943,57860500
2010-12-08,20.885168075561523,20.892838162395982,20.555361656277192,20.57837191678057,41666800
2010-12-09,20.77012062072754,20.969538498515828,20.71643147342291,20.923519438386084,47148300
2010-12-10,20.969532012939453,21.015551058836166,20.793124451236146,20.854483666738126,37625800
2010-12-13,20.90050506591797,21.053903853404336,20.839145843507275,20.91584523725046,47943900
2010-12-14,21.184289932250977,21.283998108534487,20.908172731898045,20.94652169287191,64070500
2010-12-15,21.360700607299805,21.46807888401519,21.115263710282186,21.115263710282186,69634200
2010-12-16,21.46807861328125,21.46807861328125,21.21497163355885,21.291671028639424,57680200
2010-12-17,21.399044036865234,21.544772705356916,21.283995704021873,21.414384204689394,87456500
2010-12-20,21.330013275146484,21.468071850215203,21.2303051169962,21.437392979599277,52811000
2010-12-21,21.529434204101562,21.583123332723215,21.291667436097505,21.360696733730787,38153000
2010-12-22,21.621477127075195,21.78254453805827,21.46040825317285,21.48341851027869,42252300
2010-12-23,21.705841064453125,21.72118123297391,21.445064051275754,21.452734135536144,24902500
2010-12-27,21.529434204101562,21.629143839758093,21.383705524329187,21.567784626630626,21652800
2010-12-28,21.48341941833496,21.606137868914608,21.44506898820424,21.452739074230387,23042200
2010-12-29,21.452733993530273,21.567783793755595,21.383704698562674,21.429725203820393,19502500
2010-12-30,21.360700607299805,21.4757489699119,21.307011468942115,21.414389745657495,20786100
2010-12-31,21.406715393066406,21.41438547743435,21.191957419520975,21.32234592793802,24752000
2011-01-03,21.460407257080078,21.613806038160416,21.414388207923658,21.514096391582438,53443800
2011-01-04,21.544776916503906,21.606136136874913,21.360699255390884,21.429728561173167,54405600
2011-01-05,21.475744247436523,21.4834143316466,21.299336699361707,21.39904486825474,58998700
2011-01-06,22.104677200317383,22.127687453652186,21.368366648632012,21.506425242802774,88026300
2011-01-07,21.935943603515625,22.04332187886154,21.667496452231557,21.96662248379191,73762000
2011-01-10,21.644479751586914,21.782538329030356,21.506422637062318,21.675160085649388,57573600
2011-01-11,21.560108184814453,21.667486410395735,21.514087691349385,21.62913746209345,50298900
2011-01-12,21.8975887298584,21.928269066826626,21.529433463753616,21.567783884963898,52631100
2011-01-13,21.621477127075195,21.774874452356325,21.48341851027869,21.728855401063914,67077600
2011-01-14,21.705841064453125,21.767200275617274,21.40671509289278,21.53710359948147,62688400
2011-01-18,21.981956481933594,22.0433156881732,21.583120909916705,21.598461077206323,53322700
2011-01-19,21.836233139038086,21.99730200898667,21.682835817522403,21.828563053524416,50005900
2011-01-20,21.744190216064453,21.897587503558125,21.575451298026838,21.85923854741443,58613600
2011-01-21,21.491085052490234,21.80555119982394,21.491085052490234,21.78254094651208,58080300
2011-01-24,21.76720428466797,21.90526290094447,21.468078258015048,21.491088515034217,52047800
2011-01-25,21.82089614868164,21.82089614868164,21.56778915848279,21.583127867798368,42436600
2011-01-26,22.07400131225586,22.23506871863618,21.859243307496204,21.866913392978965,74628800
2011-01-27,22.143028259277344,22.59555155118882,21.851570893664928,22.05098870621051,146938600
2011-01-28,21.28399085998535,22.189040074765217,21.05389424666646,22.16602982826589,141249400
2011-01-31,21.26865577697754,21.39904427912117,21.03088902468701,21.29933611297319,65029000
2011-02-01,21.46807861328125,21.521767750961867,21.176622667478203,21.322349908920085,62810700
2011-02-02,21.429733276367188,21.560121831209933,21.383712753773608,21.422063189268258,45824000
2011-02-03,21.20730209350586,21.452738993744326,21.12293407337346,21.452738993744326,60340100
2011-02-04,21.299341201782227,21.35303033968301,21.099923358922684,21.245652063881444,40412200
2011-02-07,21.6291446685791,21.736522929937106,21.314678506385725,21.322347128266358,68980900
2011-02-08,21.690502166748047,21.736521208983838,21.514093156159387,21.552443577121693,34904200
2011-02-09,21.452733993530273,21.675162046852318,21.406714951191532,21.621472920303958,52905100
2011-02-10,21.092247009277344,21.42972337104306,20.93117964340755,21.422053287489426,76672400
2011-02-11,20.90050506591797,21.330019622792836,20.76244644976409,21.291670657380873,83939700
2011-02-14,20.885168075561523,20.91584842289936,20.670411495874593,20.869827901892606,56766200
2011-02-15,20.800296783447266,21.085761454349715,20.792582834549297,20.86202014715892,44116500
2011-02-16,20.846590042114258,20.88516567422977,20.522549729019413,20.86973483275715,70817900
2011-02-17,20.99317741394043,21.11662266705515,20.76172069142798,20.80801174161728,57207300
2011-02-18,20.8774471282959,20.99317547888481,20.823440662792127,20.93145359379967,68667800
2011-02-22,20.514835357666016,20.908313005948937,20.46082888131532,20.66142541602227,60889000
2011-02-23,20.514835357666016,20.723147313503937,20.39139156270268,20.468544302446293,60234100
2011-02-24,20.653703689575195,20.877444947803554,20.445391797332277,20.55340471705868,64494200
2011-02-25,20.483970642089844,20.79258155539855,20.445395013709202,20.76171987544132,53006300
2011-02-28,20.50712013244629,20.723147511478963,20.453113655579653,20.59198829413165,51379900
2011-03-01,20.18307876586914,20.66142455509477,20.175363345059658,20.522549923656168,60055000
2011-03-02,20.121353149414062,20.34509589680859,20.090492943449927,20.144499407561497,48658200
2011-03-03,20.213939666748047,20.368243662267396,20.198508825726314,20.260230718247254,68271500
2011-03-04,20.021059036254883,20.244800350031387,19.905329197455075,20.229369508649274,70437200
2011-03-07,19.843605041503906,20.267944301745025,19.71244584783896,20.159929895948924,64980400
2011-03-08,19.990196228027344,20.075064379284786,19.789599716051715,19.88218328756583,50549800
2011-03-09,19.974767684936523,20.04420500366704,19.79731741332125,19.913045787350075,39789100
2011-03-10,19.60443878173828,19.835895559103065,19.55814772057858,19.76645970314667,66549500
2011-03-11,19.812746047973633,19.94390524967618,19.56585848513729,19.60443411499324,49905800
2011-03-14,19.820459365844727,19.87446583054081,19.558140990264494,19.66615391965666,54473400
2011-03-15,19.58900260925293,19.65072449786616,19.288108586209155,19.349830474822387,76067300
2011-03-16,19.12609100341797,19.504137791152854,19.04122284664845,19.457845266606185,100725400
2011-03-17,19.118375778198242,19.45784546561625,19.09522951568817,19.334401675361327,62497000
2011-03-18,19.133813858032227,19.426994097018078,19.133813858032227,19.334410476399725,85486700
2011-03-21,19.542707443237305,19.735588488461346,19.4038328552255,19.426979110415996,46878100
2011-03-22,19.519567489624023,19.643011280693997,19.465561014976668,19.519567489624023,30895600
2011-03-23,19.70473861694336,19.758745102469305,19.426989295305518,19.465564935947945,43969000
2011-03-24,19.913049697875977,19.959342233831332,19.6738774817056,19.751030236731452,38696700
2011-03-25,19.76645851135254,20.02106153972935,19.743312246385116,20.005630696417732,57029800
2011-03-28,19.60443878173828,19.843610981224064,19.58129251537528,19.797319920064368,48973200
2011-03-29,19.666154861450195,19.689301120956596,19.519564827708056,19.550426507049924,40763500
2011-03-30,19.75873374938965,19.843600404353122,19.673865622860657,19.751018331381058,41999300
2011-03-31,19.58900260925293,19.81274537520459,19.55042698070687,19.751023486591354,63233700
2011-04-01,19.6584415435791,19.697018646881265,19.527282335483793,19.697018646881265,63114200
2011-04-04,19.712438583374023,19.797306698459664,19.604425688948897,19.635287356821973,35433700
2011-04-05,19.8898983001709,20.19850774628296,19.859036619776735,19.920758508999146,73651100
2011-04-06,20.175363540649414,20.298807331665774,19.951622221269538,20.044204328748773,65581400
2011-04-07,20.213939666748047,20.260230718247254,20.036487938130108,20.20622424623718,46134700
2011-04-08,20.113649368286133,20.275670325935945,20.02878117753782,20.190802135187635,39887600
2011-04-11,20.044200897216797,20.252512810731545,19.905326288206965,20.206221764916872,34286300
2011-04-12,19.78188133239746,19.943902190384364,19.71244403205532,19.928471352182616,36920400
2011-04-13,19.774166107177734,19.95933322428278,19.72015964450782,19.78959694553078,38144700
2011-04-14,19.612144470214844,19.627575306798413,19.357541552848268,19.612144470214844,55239900
2011-04-15,19.573572158813477,19.7201607164383,19.426982129622832,19.643007992045025,65080400
2011-04-18,19.349828720092773,19.504134163415692,19.072079510737822,19.365259558738217,58045100
2011-04-19,19.403839111328125,19.419269953096936,19.18781321282903,19.288110741194174,38892400
2011-04-20,19.87447166442871,20.05963737126785,19.681590535858827,19.704736801051055,61608600
2011-04-21,19.68929672241211,19.97475983472324,19.565852975753423,19.897608596735715,46892300
2011-04-25,19.75873374938965,19.76644916739824,19.550421877854223,19.72015665934669,33525100
2011-04-26,20.206218719482422,20.399099764799757,19.805025792046624,19.859032249284983,69200000
2011-04-27,20.352811813354492,20.360527233483282,20.15993072483247,20.29108992389008,52689000
2011-04-28,20.607419967651367,20.730865249153926,20.368247769845638,20.414538830680165,80200000
2011-04-29,19.997907638549805,20.55340454155526,19.565854491767787,20.483967244733872,319317900
2011-05-02,19.79732322692871,20.05964173659411,19.658448548686255,20.01335066770214,89825600
2011-05-03,19.913049697875977,19.94391138851288,19.666162059046375,19.751030236731452,71892900
2011-05-04,20.105920791625977,20.252510805686473,19.89761037030025,19.943901411532003,73292300
2011-05-05,19.897607803344727,20.121349033405128,19.81273967906381,20.098202779992473,55600000
2011-05-06,19.95933723449707,20.229369602101325,19.866753657342727,20.113641234332924,55993000
2011-05-09,19.9284725189209,20.028770029972858,19.80502874921119,19.90532626026315,38696400
2011-05-10,19.805028915405273,19.943903525385515,19.48098864930665,19.581286161200254,120798700
2011-05-11,19.56586265563965,19.797319427242698,19.45013279827186,19.789604005313763,78600000
2011-05-12,19.534996032714844,19.589002501007254,19.365261207857852,19.558142292654114,77400000
2011-05-13,19.311262130737305,19.53500350952124,19.24954021884176,19.504143289356694,66812300
2011-05-16,18.95635223388672,19.34211439239989,18.90234576714541,19.257246246625918,91350900
2011-05-17,19.04177474975586,19.18155962749061,18.84762941539345,18.948584337528906,82882100
2011-05-18,19.17379379272461,19.21262226742918,18.832097586721208,19.049540896216346,53931100
2011-05-19,19.197092056274414,19.32134496424682,19.026244678115233,19.29804846975918,37783600
2011-05-20,19.018478393554688,19.313580156356675,18.979649915865124,19.197091760865035,45451500
2011-05-23,18.769973754882812,18.83210021179698,18.661252825585915,18.80103624273411,52692500
2011-05-24,18.754440307617188,18.86316270964596,18.669017361779918,18.79327026591727,47691800
2011-05-25,18.785511016845703,18.878699987790835,18.76221303350343,18.769979027950853,34904200
2011-05-26,19.15826416015625,19.437833952195295,18.886460360252904,18.90975833666001,78016600
2011-05-27,19.228151321411133,19.336872218995182,19.1427269126173,19.166024882618654,50251000
2011-05-31,19.422300338745117,19.46112881495507,19.18156052757828,19.383470381323743,60196300
2011-06-01,18.971885681152344,19.492195328922552,18.92529120736726,19.406770892640218,74033500
2011-06-02,18.80879783630371,19.142728019577525,18.7777353557168,19.018475134807442,51487800
2011-06-03,18.568063735961914,18.746677127293594,18.513703267401116,18.676784673083514,60697700
2011-06-06,18.645723342895508,18.832102738645975,18.459343947145044,18.55253290441439,54778700
2011-06-07,18.684547424316406,18.769971849355436,18.560294523102225,18.707845398748347,41112600
2011-06-08,18.591367721557617,18.65349420301696,18.529241240098273,18.56030374022187,42205000
2011-06-09,18.606891632080078,18.669019572717907,18.49817069838714,18.64572159497872,42878700
2011-06-10,18.41274642944336,18.6534877579795,18.397215925353645,18.6534877579795,49327200
2011-06-13,18.669025421142578,18.785512383906983,18.40498751556347,18.474879989464533,47572500
2011-06-14,18.80879783630371,18.98741265422053,18.785501346166335,18.870924278688754,42894500
2011-06-15,18.436038970947266,18.64571626705072,18.381678519634047,18.637950276690088,49410200
2011-06-16,18.637954711914062,18.71561315278935,18.366150909456337,18.443809350331623,57184100
2011-06-17,18.839862823486328,18.870925305763855,18.622419522698426,18.808798859997495,83320400
2011-06-20,19.002941131591797,19.150491972007938,18.76220137812098,18.769967367744048,54338400
2011-06-21,19.228151321411133,19.305809740204513,18.94858160623941,19.0417720050337,49708700
2011-06-22,19.142738342285156,19.266991294058556,19.096143855673137,19.10390985031048,44287300
2011-06-23,19.127199172973633,19.14273115641786,18.793270416191515,18.979649773887857,59470400
2011-06-24,18.87093162536621,19.057312506292853,18.785508659587617,19.03401452587407,101387200
2011-06-27,19.569849014282227,19.771758845326936,18.816564218325126,18.816564218325126,92044200
2011-06-28,20.03580665588379,20.12899710877227,19.538794857043882,19.647515817737112,81032100
2011-06-29,19.896015167236328,19.96590612717583,19.6941038351572,19.96590612717583,66051000
2011-06-30,20.191112518310547,20.191112518310547,19.927074774574205,19.9892012153821,52535400
2011-07-01,20.206649780273438,20.323136702083293,20.066864881616986,20.136757330945212,52906200
2011-07-05,20.214412689208984,20.307601619957936,20.11345628615105,20.268773145681095,37805300
2011-07-06,20.447391510009766,20.478455482015704,20.160055693801656,20.167821686803144,48744200
2011-07-07,20.789085388183594,20.874508338882652,20.470687118058773,20.57164205296186,51946500
2011-07-08,20.90557289123535,20.952167363937388,20.587174612216877,20.610472589173686,58320700
2011-07-11,20.68036460876465,20.812383522473674,20.57164367319663,20.672600097262638,43999800
2011-07-12,20.610471725463867,20.804617081666603,20.45515484801707,20.61823623624584,47319300
2011-07-13,20.68036460876465,20.93663644346903,20.58717565862396,20.657068111835304,40861800
2011-07-14,20.55611228942871,20.975467020970925,20.470689329501432,20.672600702331568,46382300
2011-07-15,20.796852111816406,20.913339035020954,20.55611079182054,20.55611079182054,49132400
2011-07-18,20.6492977142334,20.890037512156063,20.393025934196668,20.680360197250188,44501900
2011-07-19,21.387048721313477,21.46470566274368,20.79684678293442,20.820143272878997,86730600
2011-07-20,21.0142879486084,21.23949721928565,20.952161508630393,21.18513676945629,49795400
2011-07-21,21.045351028442383,21.20843237110541,20.695888892434322,20.998756570711677,81737400
2011-07-22,21.379281997680664,21.394812496707328,20.719187649684784,20.85897250940287,76380600
2011-07-25,21.674381256103516,21.814166109630005,21.11524332320865,21.169603770422043,108482400
2011-07-26,21.806406021118164,21.860766483042617,21.573432189667223,21.604494675961984,74636500
2011-07-27,21.223979949951172,21.736523805331686,21.123024970466243,21.651099335697534,71488700
2011-07-28,21.526840209960938,21.79864405094063,21.130783438455403,21.192911384930095,83761400
2011-07-29,21.27832794189453,21.51906773714888,21.169607030723792,21.371518352334682,104394800
2011-08-01,21.17737579345703,21.50354005086999,20.77355309738165,21.363755157519932,61838400
2011-08-02,20.812381744384766,21.31716085916612,20.781319257395552,20.952166638865048,63883100
2011-08-03,20.90557289123535,20.96769934857526,20.56387663526007,20.835680441576507,64581200
2011-08-04,20.14452362060547,20.866744620184352,20.136757628208628,20.60270680353806,92949500
2011-08-05,19.94261360168457,20.268777898206014,19.593151326407412,20.167821471476305,112071700
2011-08-08,19.01071548461914,19.880487449298503,18.94082302847474,19.430070221485543,134257200
2011-08-09,19.864948272705078,19.896012233619132,18.661247930297918,19.18932193493621,126268900
2011-08-10,18.79327964782715,19.48443695727952,18.715621173670073,19.37571598218693,127819900
2011-08-11,19.562088012695312,19.70963742830359,18.948587928852067,19.026246373557893,90690100
2011-08-12,19.492204666137695,19.678584131769703,19.142742242319983,19.515501173583996,64787100
2011-08-15,19.810590744018555,19.864951202424148,19.531020979405334,19.60091342055864,56529400
2011-08-16,19.81060218811035,19.99815800346785,19.576156300992636,19.709008523191006,54251500
2011-08-17,19.73244285583496,20.08411075047991,19.48236857100314,19.73244285583496,50923700
2011-08-18,19.279184341430664,19.607407238440977,18.779035732866536,19.20103574870241,105714200
2011-08-19,18.794660568237305,19.240107012147444,18.685253454238396,19.07599485058894,77397900
2011-08-22,18.739965438842773,19.1385220212236,18.59148471465916,19.083818439623236,54721000
2011-08-23,19.31825828552246,19.341703310986027,18.779036114904564,18.779036114904564,59670600
2011-08-24,19.458932876586914,19.482377910989726,19.083821269508086,19.263562061579893,45329700
2011-08-25,19.201034545898438,19.662109574495684,19.146330981583567,19.599591002341498,48192000
2011-08-26,19.73244285583496,19.80277643476395,19.083812120592302,19.154145699521294,71957000
2011-08-29,20.193513870239258,20.209143882579696,19.82621752359909,19.951254641202553,38863200
2011-08-30,20.4982967376709,20.654593918686555,20.084111741932066,20.107555275692143,57341400
2011-08-31,20.787446975708008,20.87340908748538,20.521742650809692,20.545187676145584,59300800
2011-09-01,20.482666015625,20.99063109114122,20.482666015625,20.678036739881904,60510800
2011-09-02,20.16226577758789,20.318563012368937,20.0528586075777,20.146637246558505,43894400
2011-09-06,19.93562889099121,19.99814746315907,19.6230360301519,19.69336961016079,54929300
2011-09-07,20.318553924560547,20.318553924560547,19.98251606347241,20.07629466050919,41961000
2011-09-08,20.490474700927734,20.83432748687767,20.27947551666198,20.318549053232704,65811900
2011-09-09,20.11537742614746,20.45923045213725,19.927821636669645,20.31856323738866,64529200
2011-09-12,20.23259735107422,20.263857391113564,19.748078654950337,19.88093084399606,55046100
2011-09-13,20.349811553955078,20.46703366850716,20.17006938837783,20.25603296797738,48792300
2011-09-14,20.70929718017578,20.943741457689473,20.23259212659619,20.451407878686574,66739200
2011-09-15,21.092227935791016,21.12348797414218,20.560819208306583,20.88904215819046,67808300
2011-09-16,21.193817138671875,21.31103927685862,20.967186379691867,21.139112082995062,89681500
2011-09-19,21.26414680480957,21.342295384877794,20.787443298457756,20.94373896803402,52324900
2011-09-20,21.084409713745117,21.49078120703075,21.045336162320147,21.34229902860707,49211900
2011-09-21,20.31073760986328,21.146923959828513,20.29510759626988,21.139108953031812,72750700
2011-09-22,19.583967208862305,20.04504238395192,19.22448567740169,19.771522984914906,96278300
2011-09-23,19.583967208862305,19.65430081120213,19.294819279741517,19.45893002482724,64768100
2011-09-26,19.88093376159668,19.94345236028946,19.326079893957406,19.685562954361618,51057600
2011-09-27,20.0606632232666,20.25603392022457,19.888737546545237,20.052848216521067,55620700
2011-09-28,19.99032974243164,20.60770186304604,19.93562618552862,20.263849017506878,60736200
2011-09-29,19.88874053955078,20.45140769486242,19.607406216614784,20.30292552547283,63407300
2011-09-30,19.451114654541016,19.927819841453267,19.443299644363346,19.69337549836637,54060500
2011-10-03,19.169776916503906,19.802777675980288,19.161961908293033,19.31825760082921,64592500
2011-10-04,19.802772521972656,19.841846062297048,18.958771232149672,18.99002976629718,83485400
2011-10-05,20.23259735107422,20.44359814965756,19.662115035402884,19.86530082397639,94061300
2011-10-06,20.58426284790039,20.631151411702103,20.08411419252064,20.24040990204653,55111400
2011-10-07,20.513927459716797,20.717113205804104,20.474853908398657,20.584261044537804,52741600
2011-10-10,21.05314826965332,21.076591801053674,20.68585037840526,20.771813968367187,41815300
2011-10-11,21.10004425048828,21.15474783042575,20.88122844017764,20.990637090613344,38826200
2011-10-12,21.068782806396484,21.342302178420077,21.02189423965436,21.24071003538537,52489800
2011-10-13,21.24071502685547,21.256345049629378,20.803084823113036,20.912492001408392,43823500
2011-10-14,21.311038970947266,21.490779679624186,21.115668246587045,21.342297511753525,50947700
2011-10-17,21.084409713745117,21.428262630414533,20.98281758570393,21.186003332346747,39453300
2011-10-18,21.342302322387695,21.412635918255656,20.94374577598948,21.053154419873348,52487900
2011-10-19,21.201635360717773,21.467339727866495,21.107858225583335,21.389192612108026,42880000
2011-10-20,21.131303787231445,21.365748121537063,20.631153588519684,21.303229533018182,76300200
2011-10-21,21.22507095336914,21.24851597200972,20.943736691922297,21.217255947155614,76620600
2011-10-24,21.248525619506836,21.41263635282223,21.13130345420145,21.146931983164322,56897800
2011-10-25,20.951560974121094,21.279783927604797,20.881227377620252,21.16256176362362,53554600
2011-10-26,20.779630661010742,21.146927091487992,20.396704214625437,21.12348355818626,63029900
2011-10-27,21.295412063598633,21.412634217212755,20.826521958581598,21.201633446371005,74512400
2011-10-28,21.084409713745117,21.248521908962964,20.935929025881876,21.20944686697755,57712100
2011-10-31,20.81089210510254,21.100041477492603,20.803078586618987,20.912485732115492,46799000
2011-11-01,20.31073760986328,20.568626871913867,20.20914550262644,20.46703476467703,61182600
2011-11-02,20.326374053955078,20.474856248946292,20.084114728856175,20.396707646816147,53533100
2011-11-03,20.732742309570312,20.77963086719939,20.302925811195916,20.506111548335753,65836100
2011-11-04,20.513927459716797,20.631149604231663,20.31855672200521,20.615519587480232,36549200
2011-11-07,20.943742752075195,20.959372769024853,20.420149108745292,20.48266768598347,42589700
2011-11-08,21.22507095336914,21.256330978223247,20.857774604693557,21.107848841286298,47822500
2011-11-09,20.474855422973633,20.90467048150942,20.365446788180822,20.779633319369534,62950900
2011-11-10,20.537364959716797,20.709290609305697,20.41232785264125,20.685845592769073,32514400
2011-11-11,21.029706954956055,21.16255912169903,20.764002621470105,20.771817630167984,37903000
2011-11-14,20.91248321533203,21.100038938137114,20.82651961675289,21.00626033145438,34199200
2011-11-15,21.054216384887695,21.211690557517194,20.78651119248855,20.912489929878145,43874200
2011-11-16,20.526674270629883,20.873116455026878,20.50305420241539,20.841621028361423,53262800
2011-11-17,20.10936737060547,20.50305113430455,20.030630317508777,20.479429567840228,70977500
2011-11-18,19.92040252685547,20.077876670079792,19.802297670329594,20.062128955400414,47626200
2011-11-21,19.68419075012207,19.881032657623294,19.60545368676467,19.873158801109096,61882500
2011-11-22,19.518848419189453,19.65269950303935,19.408615906335285,19.597583997504714,49204500
2011-11-23,19.26688575744629,19.518844665671487,19.26688575744629,19.3771182491025,49099700
2011-11-25,19.133037567138672,19.424364323483942,19.133037567138672,19.196026933134277,26164600
2011-11-28,19.58182716369629,19.6605626993133,19.44010079673114,19.63694263934183,46766700
2011-11-29,19.55821418762207,19.715688331552386,19.487350973031905,19.542466472872093,40917100
2011-11-30,20.1408634185791,20.14873727489905,19.794421249423987,19.975516941213762,81350900
2011-12-01,19.9046573638916,20.180234876393232,19.841668003636258,20.125119373892904,48545400
2011-12-02,19.857406616210938,20.172354798714508,19.810164989549097,20.14873323449147,52293800
2011-12-05,20.235349655151367,20.314085220472435,20.07787552093994,20.298339008479008,56818400
2011-12-06,20.203853607177734,20.36920159320071,20.164485825726103,20.321958453317233,46175300
2011-12-07,20.1566104888916,20.282589182427184,19.951894736450157,20.21172597959036,62667000
2011-12-08,19.99913787841797,20.251095284479202,19.975517810215106,20.062127229933278,60522200
2011-12-09,20.235349655151367,20.369202218695687,20.07787552093994,20.093623234718013,53788500
2011-12-12,20.08574867248535,20.132990310375956,19.91252833236341,20.007011608144616,38945900
2011-12-13,20.2825927734375,20.55029792004363,20.195981843128234,20.274718915974407,54581100
2011-12-14,20.148740768432617,20.361330420577975,20.132993053062265,20.25109791477031,47926400
2011-12-15,20.1251163482666,20.377073751408503,20.10937013690867,20.251095049837552,46213900
2011-12-16,20.4715576171875,20.60541016937126,20.18023094415772,20.211726369040733,101408100
2011-12-19,20.101490020751953,20.56603690130458,20.046373041916528,20.48729986189523,52258300
2011-12-20,20.495174407958984,20.550289886871067,20.321952615053398,20.361321886979287,60767600
2011-12-21,20.2825927734375,20.62116113542671,20.030635341757552,20.47943470466055,64132500
2011-12-22,20.32195472717285,20.361324003190507,20.06212351259363,20.329828582376383,35794100
2011-12-23,20.495174407958984,20.503048262344162,20.258963281756138,20.400689657121013,23205800
2011-12-27,20.5030460357666,20.58178156749958,20.416435148719525,20.440055207525816,21287200
2011-12-28,20.329832077026367,20.589663336269968,20.282590439468777,20.558169411826437,29822500
2011-12-29,20.48731231689453,20.51093239182798,20.36133357796606,20.432196806336453,22616900
2011-12-30,20.440053939819336,20.566034086703525,20.400686176394462,20.47154935198636,27395700
2012-01-03,21.077835083007812,21.227433874613677,20.77863449622647,20.904613216412884,64731500
2012-01-04,21.573871612548828,21.62898710342767,21.085704548949547,21.117198471544103,80516100
2012-01-05,21.79433822631836,21.833706010694854,21.487265303184525,21.55812701470527,56081400
2012-01-06,22.132896423339844,22.195885750512222,21.676223425894094,21.676223425894094,99455500
2012-01-09,21.841577529907227,22.125030352786997,21.82582981712845,22.085661070840057,59706800
2012-01-10,21.920316696166992,22.164400260529614,21.849453483644826,21.991179908689155,60014400
2012-01-11,21.825834274291992,22.030550076868476,21.550256753309085,21.597498399508318,65582400
2012-01-12,22.046295166015625,22.06204288013396,21.770716176083496,21.94393802781581,49370800
2012-01-13,22.243131637573242,22.243131637573242,21.880943312295773,21.99117428054817,60196100
2012-01-17,22.251014709472656,22.558087677819056,22.180151485733496,22.361245723384712,72395300
2012-01-18,22.227384567260742,22.361237104757095,22.02266883333783,22.290373908330533,64860600
2012-01-19,22.140783309936523,22.392740766938577,22.06992008743158,22.172277241169326,74053500
2012-01-20,23.392698287963867,23.416319864293598,22.63682586683252,22.691941376483555,165902900
2012-01-23,23.408432006835938,23.581653792760747,23.10923306117761,23.266705637182582,76078100
2012-01-24,23.10137367248535,23.28246792408962,22.975394932083685,23.203730835892316,51703300
2012-01-25,23.274580001831055,23.345443188212275,22.88877015474671,22.88877015474671,59231700
2012-01-26,23.227340698242188,23.384814795215174,23.148603649755696,23.313951601755758,49102800
2012-01-27,23.014751434326172,23.250962583033647,22.9675098052984,23.187973243735183,44187700
2012-01-30,23.313955307006836,23.321829163285294,22.69980803334786,22.810039017677216,51114800
2012-01-31,23.250967025756836,23.384819585065248,23.01475583191485,23.35332415850581,50572400
2012-02-01,23.53441619873047,23.660394889851954,23.43205907536343,23.455680643117883,67409900
2012-02-02,23.5816650390625,23.754885405813507,23.392695454880716,23.542295749947616,52223300
2012-02-03,23.80999755859375,23.935976262465836,23.691892711436743,23.73126049322754,41838500
2012-02-06,23.778505325317383,23.79425153808325,23.59740961155508,23.65252661248213,28039700
2012-02-07,23.896608352661133,24.006839342512553,23.660397157827894,23.739134222772307,39242400
2012-02-08,24.140684127807617,24.148557981944723,23.794242054695598,23.825737471244018,49659100
2012-02-09,24.22730255126953,24.250922619237738,23.99896521567962,24.156439343795736,50481600
2012-02-10,24.01471710205078,24.250926833488162,23.90448609428465,24.124948109816913,44605300
2012-02-13,24.077701568603516,24.22730183571693,23.959596726896944,24.117069348577527,33319800
2012-02-14,23.97467041015625,24.141105413021258,23.65765027731488,24.038074436724525,59644000
2012-02-15,23.816160202026367,24.085627699807862,23.800310328729015,24.038075056573266,43311300
2012-02-16,24.79892349243164,25.00498543858719,24.014296609615098,24.022222301647417,94705100
2012-02-17,24.767221450805664,24.82269978498807,24.52945672954642,24.727594501152865,70036500
2012-02-21,24.917804718017578,25.052538453106163,24.6879641945313,24.711741269548504,50829900
2012-02-22,24.78307342529297,25.10801925752913,24.711743704882952,24.925732866112995,49253200
2012-02-23,24.862329483032227,25.036690186517433,24.56908490133256,24.72759573117097,35034700
2012-02-24,24.949508666992188,24.965360052048563,24.759296581329515,24.949508666992188,35575400
2012-02-27,24.84647560119629,24.965357955794413,24.648337839642366,24.75929450237779,34568400
2012-02-28,25.258604049682617,25.30615669209,24.870252683063374,24.89402976010269,45230600
2012-02-29,25.15557289123535,25.36163636812694,25.05254190862522,25.27445525937668,59323600
2012-03-01,25.591474533081055,25.670728429992106,25.242751642321927,25.30615566685348,77344100
2012-03-02,25.4250431060791,25.71035898903209,25.36163756097213,25.607329513247453,47314200
2012-03-05,25.203128814697266,25.40126662459794,25.06047086137286,25.369563849411502,45240000
2012-03-06,25.01291275024414,25.345784278799556,24.957434414096785,24.997062876824383,51932900
2012-03-07,25.23482894897461,25.29823298104052,24.98913851367812,25.100095191875624,34340400
2012-03-08,25.369558334350586,25.52806915248124,25.282378744882802,25.393336922242735,36747400
2012-03-09,25.353708267211914,25.488442008087144,25.2982299347935,25.440887856010345,34628400
2012-03-12,25.393333435058594,25.520141467480503,25.21897125672523,25.337853598161896,34073600
2012-03-13,25.89263916015625,25.90849054261531,25.48051530958899,25.551845018983723,48951700
2012-03-14,25.97190284729004,26.05908396188525,25.749989481660673,25.781689231505684,41986900
2012-03-15,26.03530502319336,26.106634750243593,25.82131886538547,25.987753887388415,49068300
2012-03-16,25.8371639251709,26.114558616387328,25.757910026733306,26.08285584767532,65626400
2012-03-19,25.52014923095703,25.845095101848727,25.4805222756469,25.789616759745964,44789200
2012-03-20,25.353708267211914,25.480517827745526,25.155570501905473,25.440887856010345,41566800
2012-03-21,25.29030418395996,25.480517768482386,25.218974467681846,25.32993113226061,37928600
2012-03-22,25.361635208129883,25.43296492808645,25.195200202678734,25.21105007581366,31749500
2012-03-23,25.369558334350586,25.448815255087105,25.13971931089945,25.44088805134226,35912200
2012-03-26,25.82923698425293,25.845088366914872,25.48051563571652,25.5122153776983,36758300
2012-03-27,25.773759841918945,25.916419269095094,25.678654564915593,25.876792322288885,36274900
2012-03-28,25.512226104736328,25.916428974214377,25.393345219799482,25.77376949361546,41344800
2012-03-29,25.45673942565918,25.512217758482127,25.211049018155617,25.40918829657802,37038500
2012-03-30,25.56769371032715,25.68657756864383,25.393334547696014,25.67865338898237,31749400
2012-04-02,25.591474533081055,25.726206762498315,25.322007050904165,25.535996200574846,35853600
2012-04-03,25.31407928466797,25.512215522381695,25.09216446115543,25.488439959925,42752100
2012-04-04,24.735519409179688,25.115945090721926,24.608711352556032,25.092168013228264,49455900
2012-04-05,24.981204986572266,25.068384558528663,24.608705092289046,24.687960485434683,50368600
2012-04-09,24.64833641052246,24.886101105933022,24.545303933952436,24.743441684018258,31056400
2012-04-10,24.149032592773438,24.719670378707875,24.014298839057954,24.61663788439357,54131300
2012-04-11,24.053924560546875,24.196583990766097,23.958817769843677,24.11732858379196,43014000
2012-04-12,24.553232192993164,24.600786346385075,24.109404009700594,24.156956651421275,38304000
2012-04-13,24.418498992919922,24.695892180540305,24.347169272912645,24.481903020518473,39749200
2012-04-16,24.63248634338379,24.719667441804,24.386795943447282,24.561156628616555,38124800
2012-04-17,24.917804718017578,25.052538453106163,24.727592652893307,24.783070982928997,34361500
2012-04-18,24.680036544799805,24.814770269198913,24.600782657705857,24.79099470773913,40552900
2012-04-19,24.57701301574707,25.10802238285734,24.521534673338326,24.672118313684503,54781200
2012-04-20,25.694499969482422,26.066999877967334,25.40125696883573,25.480513876673957,106045000
2012-04-23,25.45673942565918,25.757909677656883,25.38540970869505,25.607326063329225,61398200
2012-04-24,25.29823875427246,25.773769859121945,25.226909012961453,25.528077856085492,40871100
2012-04-25,25.52014923095703,25.61525452836992,25.25860739556441,25.29823435087454,62495500
2012-04-26,25.448814392089844,25.543919670406154,25.29822927113935,25.456738572223582,40308100
2012-04-27,25.345783233642578,25.535996823548853,25.266527823126832,25.456739901361885,41419100
2012-04-30,25.377485275268555,25.448814991521488,25.29822986702405,25.34578250730228,35697200
2012-05-01,25.369558334350586,25.63110163776752,25.32200720525106,25.401261102645194,43832300
2012-05-02,25.203128814697266,25.30616132238167,25.076320737294555,25.242757283680316,37385300
2012-05-03,25.17142105102539,25.282377712181923,25.052538698118948,25.266526328682094,31501300
2012-05-04,24.553232192993164,25.02083745298169,24.505679551272483,24.925732169540325,57927200
2012-05-07,24.29169273376465,24.45812926331111,24.228288701478228,24.33132119873827,48641400
2012-05-08,24.17281150817871,24.39472638753748,23.911269673639048,24.156960121437777,46328300
2012-05-09,24.378864288330078,24.434342605873844,23.855780849102054,23.9271105464214,50309300
2012-05-10,24.363019943237305,24.58493478915978,24.133180916809753,24.45812673768157,43839200
2012-05-11,24.695890426635742,24.997060670093166,24.323391979908035,24.323391979908035,43459300
2012-05-14,24.315467834472656,24.60078671238405,24.28376506507306,24.426424504028756,40528900
2012-05-15,24.10007667541504,24.570750271799987,24.052212002342653,24.443110129213277,61822800
2012-05-16,23.852767944335938,24.187823612705717,23.72512783463222,24.179845915650468,60083700
2012-05-17,23.70917320251465,24.100071241244173,23.701195505203007,23.924566465158524,48484000
2012-05-18,23.35018539428711,23.78097038767646,23.27040994466978,23.76501651502511,56205300
2012-05-21,23.73310661315918,23.765017402834285,23.18265766398519,23.214568453660295,38787900
2012-05-22,23.7410888671875,23.83681821140568,23.53367325926078,23.685246496128478,39504900
2012-05-23,23.22254753112793,23.453894683659946,22.847603338114578,23.414007715785896,65171000
2012-05-24,23.190637588500977,23.374120081982856,22.943335031130168,23.262435350574815,52575000
2012-05-25,23.18266487121582,23.421991303412426,23.142777893311724,23.294351148210506,29507200
2012-05-29,23.581531524658203,23.7091716299984,23.310295920412756,23.437936025752958,37758800
2012-05-30,23.40603256225586,23.517717301716168,23.230527754305303,23.414010261015946,41585500
2012-05-31,23.286365509033203,23.46984797938042,23.08692764432793,23.37411713482222,39134000
2012-06-01,22.696035385131836,23.102887393619426,22.68805768592357,22.943337974225802,56634300
2012-06-04,22.775808334350586,22.959292364906,22.592325825385647,22.831652226357303,47926300
2012-06-05,22.743896484375,22.935356670511915,22.64816563051139,22.743896484375,45715400
2012-06-06,23.41400718688965,23.42996258231497,22.983220639947497,23.039063002345866,46860500
2012-06-07,23.318273544311523,23.693217683967752,23.270408885356073,23.64535150342223,37792800
2012-06-08,23.65333366394043,23.677266758729747,23.174682419286604,23.302322548315576,42551100
2012-06-11,23.055021286010742,23.780975131314623,22.991201217904592,23.71715506320847,46361900
2012-06-12,23.36613655090332,23.374112724987384,23.00714785352572,23.214563376278345,35337900
2012-06-13,23.238500595092773,23.485804656378342,23.17468053576526,23.310298352035005,32984600
2012-06-14,23.40603256225586,23.501761904195995,23.039066027244118,23.39805486349577,39458900
2012-06-15,23.94850730895996,23.996371986732917,23.52569834412528,23.60547382147399,62314400
2012-06-18,23.804903030395508,23.956476229652772,23.701194491370497,23.924565441771193,58679900
2012-06-19,24.49097442626953,24.81805245650418,23.972434675399107,24.084120932701712,75725800
2012-06-20,24.674457550048828,24.77018689119424,24.44310885269827,24.674457550048828,36257100
2012-06-21,24.04423713684082,24.841988882817923,23.980417058026283,24.698393325087533,48456600
2012-06-22,24.49097442626953,24.514906000156202,23.956480800004798,24.171872572936838,45098100
2012-06-25,23.82883644104004,24.187823679983953,23.629398578874486,24.171868285829078,42217200
2012-06-26,23.94850730895996,24.147945241536398,23.88468723139913,23.932551909172087,38421300
2012-06-27,24.068166732788086,24.331424709767855,23.956481991521056,24.084122130566367,33781700
2012-06-28,23.86074447631836,23.972429186458232,23.469846469238743,23.916586831388297,45328400
2012-06-29,24.403223037719727,24.482998506849835,24.044234187429495,24.291538293891882,55227200
2012-07-02,24.379281997680664,24.427148176518134,24.100068707488838,24.427148176518134,30589100
2012-07-03,24.538835525512695,24.538835525512695,24.068162034074042,24.11602669647402,20938100
2012-07-05,24.49097442626953,24.55479449261799,24.235692639285297,24.403221264444,28801900
2012-07-06,24.084121704101562,24.490975210700654,23.892661498923836,24.419177443560198,38294800
2012-07-09,23.932538986206055,24.116021419918738,23.757034248079556,24.028269811650414,30680800
2012-07-10,23.72513771057129,24.10805819907874,23.541655166693648,23.99637343699509,37534100
2012-07-11,23.37412452697754,23.72513570591268,23.222552797411307,23.701202606806657,39184900
2012-07-12,22.83962631225586,23.278390579732086,22.767830072288092,23.254457485349274,63523600
2012-07-13,23.44591522216797,23.51771297621287,22.911421676272667,22.943332465443813,39085000
2012-07-16,23.485811233520508,23.557609010569525,23.166710847519685,23.51772051132526,27900600
2012-07-17,23.661312103271484,23.820863030349983,23.2943471012175,23.64535670624555,33771300
2012-07-18,24.291542053222656,24.291542053222656,23.501766460359395,23.613452743062194,41090400
2012-07-19,24.467042922973633,24.57074996694216,24.235694216411563,24.339402781970595,46663200
2012-07-20,24.028278350830078,24.770186044926458,23.972434461880965,24.73029907441034,64021700
2012-07-23,23.358165740966797,23.597490595375692,23.142772459044597,23.58951289735002,55151900
2012-07-24,23.254453659057617,23.421982248991455,23.05501580345405,23.326251408802108,47723300
2012-07-25,22.99917984008789,23.398055662164747,22.95929286651641,23.326257892463673,45579500
2012-07-26,23.262432098388672,23.533667712394326,23.206589740491648,23.318274456285696,45301400
2012-07-27,23.7410888671875,23.81288663614638,23.278392979224975,23.51771786136092,44242600
2012-07-30,23.645353317260742,23.788948826732394,23.501757807789087,23.733106466735684,28905000
2012-07-31,23.509735107421875,23.70119527628157,23.398050389317927,23.517712804656465,37620900
2012-08-01,23.461875915527344,23.653336129024243,23.302324976818,23.60547145604765,31721800
2012-08-02,23.286365509033203,23.55760112675959,23.110859214274864,23.30231938180111,39520500
2012-08-03,23.73310661315918,23.884679820935535,23.51771334762281,23.557601834716692,35859400
2012-08-06,23.89266014099121,24.02030027052197,23.78097388645902,23.932547110873184,27471800
2012-08-07,24.139965057373047,24.21176282743903,23.828842401480788,23.988391818168132,28002900
2012-08-08,24.19580078125,24.30748549440368,24.02029601463849,24.100069940268206,26257600
2012-08-09,24.331424713134766,24.451087153307494,24.171873778510804,24.24367154693254,24920800
2012-08-10,24.267602920532227,24.427153843827604,24.131985092208268,24.331422985532303,27810300
2012-08-13,24.243669509887695,24.29951187583685,24.06018701560037,24.211760238598327,23049100
2012-08-14,24.19548988342285,24.404279564233384,24.099126357922987,24.332006154273177,34551400
2012-08-15,24.251705169677734,24.315948034389738,24.107158341158048,24.17943175541789,24351000
2012-08-16,24.717464447021484,24.845950166700284,24.299885092230078,24.380189049946978,35787200
2012-08-17,24.81382942199707,24.829890520813784,24.564888517020762,24.829890520813784,32589900
2012-08-20,24.68533706665039,24.77367155475331,24.5568513739572,24.749579912996985,23737700
2012-08-21,24.733518600463867,24.862004292024437,24.5809427990296,24.701397943408853,28822700
2012-08-22,24.52474021911621,24.701407732104386,24.468526366570508,24.5648914392637,33437400
2012-08-23,24.299884796142578,24.41230941657402,24.155337980347543,24.40427886773312,28355600
2012-08-24,24.540790557861328,24.597002857593527,24.2356374171707,24.2918497169029,22943300
2012-08-27,24.64518928527832,24.86200796452028,24.564885333273285,24.83791785108811,34691100
2012-08-28,24.59701156616211,24.733527855989717,24.508678577453068,24.653225417467105,23947900
2012-08-29,24.61306381225586,24.693367753560846,24.444426914018646,24.61306381225586,23346800
2012-08-30,24.348064422607422,24.58094572356206,24.26776047291029,24.516702870138445,23982100
2012-08-31,24.74958610534668,24.862010731664306,24.396249596200434,24.572918616608884,36590100
2012-09-04,24.40427589416504,24.621096091438883,24.211547340478422,24.45245918133949,48556700
2012-09-05,24.40427589416504,24.51670203256836,24.25972909598248,24.267759643844887,33650000
2012-09-06,25.17519187927246,25.18322242721101,24.46048842944583,24.49261062120002,48371700
2012-09-07,24.853975296020508,24.950338798931437,24.677306321233363,24.926248689038836,42649100
2012-09-10,24.66927719116211,24.813823985502196,24.500640285545572,24.757611683630017,40524000
2012-09-11,24.725492477416992,24.82185599152519,24.580945674584257,24.645188527879867,25191800
2012-09-12,24.717464447021484,25.03867874621849,24.677311702327735,24.845950166700284,32775800
2012-09-13,24.8459415435791,25.03867005620826,24.41230124141095,24.805788812820904,45047300
2012-09-14,25.062767028808594,25.09488922221486,24.74155275309834,24.90216065678871,51422800
2012-09-17,25.062767028808594,25.102919770566427,24.92625230184341,25.04670746377594,36488500
2012-09-18,25.038671493530273,25.062761601698,24.918216357681192,24.97442865229942,34542700
2012-09-19,24.934282302856445,25.04670845254615,24.9262532858584,24.966404497530803,48871900
2012-09-20,25.255489349365234,25.27957945533175,24.821849061927807,24.85397124544318,45543000
2012-09-21,25.046709060668945,25.383984454585864,24.966405103703853,25.239437638382814,102348900
2012-09-24,24.717464447021484,24.95034423956284,24.605038293549583,24.894131928662187,46825900
2012-09-25,24.40427589416504,24.894128592079188,24.38018578224821,24.85397738443754,54266400
2012-09-26,24.227609634399414,24.572915551208386,24.123215570366,24.315944133584164,54672000
2012-09-27,24.219573974609375,24.41230249715227,24.002753812372312,24.227604521174097,47129900
2012-09-28,23.898366928100586,24.29988518657337,23.88230583016073,24.235642326484548,54229300
2012-10-01,23.681543350219727,24.07503100404796,23.625331047054317,23.938514754216094,54042700
2012-10-02,23.81806182861328,24.002759851058336,23.689576114593198,23.834122925783426,43338900
2012-10-03,23.978666305541992,24.083060358867705,23.82608896760105,23.890331815417714,46655900
2012-10-04,24.11518096923828,24.11518096923828,23.745783469732643,24.066997687778713,43634900
2012-10-05,23.970643997192383,24.291858346682112,23.882309476706144,24.275797246289915,41133900
2012-10-08,23.914424896240234,24.02684950376445,23.729725357445645,23.801998757045613,29752000
2012-10-09,23.51290512084961,23.88230111044111,23.43260117869093,23.83411935781402,45121100
2012-10-10,23.272001266479492,23.537003294213577,23.247911147748734,23.408517555413464,47227100
2012-10-11,23.247905731201172,23.48881605240379,23.18366287676911,23.464724407615343,41488500
2012-10-12,23.44866943359375,23.54503296827288,23.127453566874596,23.263969850729005,46464700
2012-10-15,23.697608947753906,23.866245889286315,23.488819259425203,23.585184320065633,42440200
2012-10-16,23.681543350219727,23.882302451050688,23.545027100387856,23.649422690555372,47739400
2012-10-17,23.761850357055664,23.802001569724577,23.36033210368422,23.52896903489835,44206100
2012-10-18,23.689573287963867,23.87427128837084,23.496844739930026,23.810028439026222,59238500
2012-10-19,22.998958587646484,23.352294979999588,22.886533998490105,23.32820334017887,90470800
2012-10-22,22.485017776489258,23.15153788502552,22.34850153586519,23.071233943775432,83374000
2012-10-23,22.52517318725586,22.645629887458217,22.292293398983805,22.300323947775336,64414800
2012-10-24,22.40471649169922,22.645628344013684,22.380626378637096,22.6135061510369,53320400
2012-10-25,22.388652801513672,22.645625720546537,22.372593238556224,22.637595173232672,54084300
2012-10-26,22.65365219116211,22.758047762843752,22.356529632280765,22.37259072510411,57790000
2012-10-31,22.918663024902344,23.191694032671414,22.886540828887977,22.926692042235324,69464100
2012-11-01,23.705638885498047,23.73775955043568,23.143512698218412,23.159573796522547,72047900
2012-11-02,23.689573287963867,23.906393478878318,23.55305704164777,23.76184668493535,57131600
2012-11-05,23.793973922729492,23.882308439378924,23.553063553993837,23.78594490455297,38070800
2012-11-06,23.978666305541992,24.25169879168039,23.77790721465613,23.946544115798506,43401500
2012-11-07,23.352298736572266,23.95457604394432,23.328207092876042,23.713665733663657,57871800
2012-11-08,23.13548469543457,23.585186307422184,23.127454145398634,23.384427151536187,49841800
2012-11-09,23.151540756225586,23.440634367910512,23.13547965964965,23.19169196599495,43291200
2012-11-12,22.661684036254883,23.296083454101808,22.653653489383,23.23987115766883,61112300
2012-11-13,21.933013916015625,22.103036537504952,21.657737871860814,21.876339708852516,131689200
2012-11-14,21.730606079101562,22.09494248965071,21.69821993404991,22.054459808336144,76086100
2012-11-15,21.584871292114258,21.83585773664869,21.5605816835762,21.762990455290893,50955600
2012-11-16,21.47152328491211,21.61725785041592,21.325788719408298,21.59296824141315,64083300
2012-11-19,21.64154815673828,21.698222372691845,21.431042823013218,21.698222372691845,57179300
2012-11-20,21.625354766845703,21.69822205608177,21.422945973246968,21.665837452119376,47070400
2012-11-21,21.819671630859375,21.997790838299647,21.59297319427077,21.62535780277956,66360300
2012-11-23,22.426891326904297,22.483565532879034,22.02207380507755,22.046361868063126,57845700
2012-11-26,22.175899505615234,22.329730569622754,21.997780382834332,22.29734597650624,85198700
2012-11-27,21.9249210357666,22.1678109767516,21.89253643095501,22.151619446474093,45018600
2012-11-28,22.151615142822266,22.17590320564809,21.67393034666811,21.86824257055613,53018400
2012-11-29,21.819671630859375,22.151621975422515,21.746804331393633,21.949213153408074,69551400
2012-11-30,21.552486419677734,21.965398949819463,21.44723299493074,21.90062820545837,83690200
2012-12-03,21.398658752441406,21.71441598877837,21.374369140316794,21.682031383535488,53173800
2012-12-04,21.350080490112305,21.560584279090925,21.325790878650206,21.455332384601615,49777500
2012-12-05,21.592966079711914,21.803471370559404,21.261015844521403,21.35817118229332,68283800
2012-12-06,21.64154815673828,21.84395695329047,21.544392799176908,21.70631890986472,39182300
2012-12-07,21.422941207885742,21.714410299995055,21.35007547911461,21.714410299995055,46162100
2012-12-10,21.81157112121582,21.835859187110856,21.471524300377034,21.50390890298924,47031100
2012-12-11,22.119226455688477,22.256864458142132,21.900624649863946,21.900624649863946,52282800
2012-12-12,22.054462432861328,22.362124670438895,21.924920925751795,22.289257379657712,43966300
2012-12-13,21.94921112060547,22.28116143442539,21.819669610054117,22.11923377410789,45080100
2012-12-14,21.70632553100586,21.965408622540448,21.617266683451493,21.949217087512313,42077500
2012-12-17,21.94110870361328,22.03826403836381,21.601061943474026,21.690122287208847,42046100
2012-12-18,22.31354331970215,22.370217530627162,21.973496509895625,22.06255686663861,50486900
2012-12-19,22.111133575439453,22.451180370394955,22.062555903090484,22.418795770247765,53519900
2012-12-20,22.410701751708984,22.410701751708984,21.981594555695242,22.15161874440127,52607300
2012-12-21,22.224483489990234,22.256868090069513,21.860147087496088,22.224483489990234,98776500
2012-12-24,21.908729553222656,22.06256068396142,21.860151870347096,22.02207953894123,20842400
2012-12-26,21.746801376342773,22.02207746041723,21.61725987139674,21.88443941838,31631100
2012-12-27,21.8277587890625,21.93301220350991,21.51200163423268,21.771084586324452,39394000
2012-12-28,21.495813369750977,21.779185991054593,21.495813369750977,21.62535487476008,28239900
2012-12-31,21.625354766845703,21.67393398917411,21.35008022826744,21.528199410701973,42749500
2013-01-02,22.36212158203125,22.451180390708878,21.981592106227,22.06255592305278,52899300
2013-01-03,22.06255340576172,22.386407091857443,21.989686133358155,22.370214021488607,48294400
2013-01-04,21.649648666381836,22.135430176093926,21.641552127723337,22.07875594974127,52521100
2013-01-07,21.609167098999023,21.76299669776189,21.568684406490252,21.673937862756237,37110400
2013-01-08,21.495813369750977,21.69012717152118,21.422946080151288,21.65774102314063,44703100
2013-01-09,21.617259979248047,21.65774112064944,21.503910003662337,21.63345150925467,49047900
2013-01-10,21.422941207885742,21.843951775542262,21.285304741341008,21.576772289194125,71431300
2013-01-11,21.72250747680664,21.8034712874789,21.277208834493585,21.447231447074707,55512100
2013-01-14,21.771089553833008,21.924920670833213,21.665837659626483,21.779186090965286,48324400
2013-01-15,22.030174255371094,22.094946557399187,21.722513542021048,21.722513542021048,48244500
2013-01-16,21.89254379272461,22.046373419756737,21.868254172755645,21.981602644096604,41077400
2013-01-17,22.06255340576172,22.24067254705032,21.908722325770178,22.013975738911405,51685900
2013-01-18,22.06255340576172,22.094939546499383,21.892530799657532,21.941108466507846,52167700
2013-01-22,21.981595993041992,22.224487486467723,21.860151018457444,22.103040967626537,58650600
2013-01-23,22.354032516479492,22.37832058866467,22.02208214638911,22.02208214638911,50387700
2013-01-24,22.37021827697754,22.726458171578482,22.240676777896557,22.42689403404989,101739300
2013-01-25,22.572628021240234,22.856000641614123,22.175906970419405,22.329738086209208,81847700
2013-01-28,22.59691619873047,22.855999191460498,22.47547123892032,22.677880020022712,56056500
2013-01-29,22.67788314819336,22.775038511740437,22.34593282493697,22.52405202094438,49242600
2013-01-30,22.548343658447266,22.8236197869739,22.475476357116285,22.67788518431194,43580500
2013-01-31,22.224483489990234,22.64549255655903,22.184000809570687,22.49975953981773,50530000
2013-02-01,22.61310577392578,22.71026110904282,22.305443609457342,22.402600488830586,55565900
2013-02-04,22.216388702392578,22.685977022422627,22.200195628950322,22.56453206011867,50540000
2013-02-05,22.264965057373047,22.394506548711796,22.151616638515737,22.362121948005303,35410400
2013-02-06,22.135433197021484,22.297360903776838,22.06256588340728,22.16781781181832,41889600
2013-02-07,22.08684539794922,22.175904206088838,21.941110837394483,22.143519606107983,38028300
2013-02-08,22.30544662475586,22.434988118594415,22.111134383998028,22.143520529585874,33318500
2013-02-11,22.556434631347656,22.605012305496818,22.264965497939844,22.38641045544096,32247700
2013-02-12,22.572628021240234,22.66978492180657,22.46737612786187,22.572628021240234,35990900
2013-02-13,22.694080352783203,22.75885112168535,22.572633809866854,22.613116505591282,41715600
2013-02-14,22.70216941833496,22.71836094703751,22.564531386696455,22.605012524837484,32663200
2013-02-15,22.67788314819336,22.799328124755537,22.572629702717922,22.70217276120846,49650900
2013-02-19,22.898298263549805,22.93095255657916,22.694213603243508,22.759520632259825,38781400
2013-02-20,22.751352310180664,23.02074392483753,22.718698026201913,22.963598927874713,44110200
2013-02-21,22.441143035888672,22.64522764140644,22.228894859305157,22.64522764140644,49078500
2013-02-22,22.661556243896484,22.661556243896484,22.432980910451597,22.596249228203956,31425900
2013-02-25,22.343183517456055,22.89829234202172,22.343183517456055,22.832985329893877,48011800
2013-02-26,22.343183517456055,22.53094098269335,22.318692804017367,22.351345531560295,49923300
2013-02-27,22.702362060546875,22.857466735077914,22.310520147349752,22.38399070070438,36394700
2013-02-28,22.69420623779297,22.8329838240424,22.645226371187842,22.759513245613768,35840200
2013-03-01,22.816659927368164,22.841149083960982,22.465634150479115,22.628900903585233,34849700
2013-03-04,22.97991943359375,22.97991943359375,22.61256818717031,22.73501860264479,38157500
2013-03-05,23.14319610595703,23.29830085236847,22.988091359545596,23.094216233368922,41432200
2013-03-06,22.930940628051758,23.045227480118438,22.67787621688629,23.02890034209703,51448500
2013-03-07,22.97176170349121,23.08605013641774,22.86563839831862,22.947272548397024,29196700
2013-03-08,22.85747528076172,23.126866891431877,22.824820997266215,23.061559881482808,37667800
2013-03-11,22.751352310180664,22.832984906043624,22.588084004370828,22.80849575010152,36627500
2013-03-12,22.784006118774414,22.81666040430341,22.563594362579806,22.72686267614071,39255200
2013-03-13,22.79217529296875,22.873809469816656,22.653397659440035,22.751358983066005,29093400
2013-03-14,22.97176170349121,22.988088844915275,22.800331389664276,22.857474827606588,55914800
2013-03-15,22.890127182006836,22.988086908214484,22.841145761861238,22.88196361198257,92710300
2013-03-18,22.939111709594727,23.086052885827282,22.70237280187737,22.75951624662512,44809400
2013-03-19,23.004419326782227,23.037072057329908,22.881968862404694,22.95543945243964,51901600
2013-03-20,23.11870574951172,23.257483354864327,23.004418859353844,23.135032892974873,35447800
2013-03-21,22.947267532348633,23.151352084412803,22.898286118783304,22.947267532348633,34233200
2013-03-22,23.061559677124023,23.135030257295913,22.939109229184847,23.012579809356737,28720900
2013-03-25,22.988086700439453,23.14319141541507,22.824818415513356,23.102373565662667,44154000
2013-03-26,22.988086700439453,23.13502784546459,22.94727040772881,23.053393703001543,27824300
2013-03-27,23.159521102905273,23.22482811265125,22.9227822194249,22.9717620874739,36047400
2013-03-28,23.355449676513672,23.39626598689883,23.069730832690258,23.118710716560937,55453800
2013-04-01,23.355449676513672,23.39626598689883,23.15136501050301,23.379938839927792,29201100
2013-04-02,23.51054573059082,23.551363585568442,23.28197197088399,23.3391154108107,28456500
2013-04-03,23.31462860107422,23.633001695032675,23.29830301339196,23.469733361872326,35062800
2013-04-04,23.347286224365234,23.35544979789318,23.077894526112814,23.17585429436327,45263200
2013-04-05,23.42891502380371,23.494222039991676,22.947275195526675,23.03707136963383,50927300
2013-04-08,23.339115142822266,23.453402021363395,23.241153849042767,23.453402021363395,34759500
2013-04-09,24.171783447265625,24.343213784630173,23.412588394269203,23.453404696391587,77733800
2013-04-10,24.718730926513672,24.75138365762583,24.098313464961095,24.139129768111832,71116700
2013-04-11,23.624835968017578,23.837084158951498,23.45340407813007,23.755449999816594,130923200
2013-04-12,23.502382278442383,23.690139728724002,23.39625741903669,23.551362144376313,62886300
2013-04-15,23.42074966430664,23.65748699602569,23.27380849984008,23.38809538018431,56332900
2013-04-16,23.649324417114258,23.788102016372136,23.428914218209894,23.592180974544902,52797300
2013-04-17,23.535032272338867,23.706464118777177,23.347274843844943,23.55135941143617,52840700
2013-04-18,23.502382278442383,23.65748544674014,23.265643405184967,23.632996292294106,56906600
2013-04-19,24.30239486694336,24.68607335954326,24.17178084575863,24.179944416712917,99790700
2013-04-22,25.16771697998047,25.453435778732135,24.710567836203115,24.735056995754107,137904000
2013-04-23,24.97995376586914,25.224854647507904,24.800358332761668,25.061587912096005,59126900
2013-04-24,25.926910400390625,26.057524433074338,24.979957884912654,24.996285028258644,90946600
2013-04-25,26.073848724365234,26.808552967106948,25.747313678373576,25.88608971050835,110700200
2013-04-26,25.951398849487305,26.10650202660522,25.673843665008363,26.041195015965585,47799300
2013-04-29,26.620800018310547,26.677943466405633,25.935075527085168,25.95956468653039,59116400
2013-04-30,27.02079963684082,27.02896476468018,26.351402401869976,26.579979270114446,75165200
2013-05-01,26.710596084594727,27.004478435895614,26.61263322477165,26.88202641815885,54330900
2013-05-02,27.069782257080078,27.077944271196046,26.441201291295144,26.637123885002183,46059500
2013-05-03,27.33917999267578,27.36366915319097,27.00448130460207,27.1269302212625,46784600
2013-05-06,27.551422119140625,27.682036143882822,27.143252902560764,27.282028941437602,40978300
2013-05-07,27.19223403930664,27.584076109349784,27.135090598722265,27.46978922818103,43078300
2013-05-08,26.931011199951172,27.135095845523725,26.65345595740912,26.99631666721042,51595700
2013-05-09,26.66161346435547,26.939168659960853,26.604470022385303,26.816716647691052,46417800
2013-05-10,26.68610191345215,26.710594183706984,26.38405756903673,26.66977477131024,36394900
2013-05-13,26.96365737915039,26.996311663770214,26.57181530596443,26.620796732894167,36027600
2013-05-14,27.56376838684082,27.56376838684082,26.963662838458692,27.012987742022577,56870100
2013-05-15,27.826826095581055,27.86793174663675,27.481561205343652,27.49800283858175,46303900
2013-05-16,28.015899658203125,28.07344379907559,27.580204273985252,27.654190045952777,59382900
2013-05-17,28.665327072143555,28.665327072143555,28.032338381475338,28.057002396278858,60666700
2013-05-20,28.83796501159668,28.85440350826141,28.50913863172832,28.550241145231674,54020800
2013-05-21,28.648881912231445,28.9941498536695,28.542016026287392,28.85439757339787,48702400
2013-05-22,28.45158576965332,28.64065978258358,28.24607012917437,28.59955728167175,66047500
2013-05-23,28.073436737060547,28.402259868483167,27.867921103951524,28.139200108977192,51102700
2013-05-24,28.172090530395508,28.18030977800633,27.86792819406715,27.884366689288797,33174400
2013-05-28,28.78863525390625,28.92016515646531,28.28717652042476,28.295395767369598,48212100
2013-05-29,28.673540115356445,28.788628360548028,28.418699618204023,28.558451870164863,38412200
2013-05-30,28.796857833862305,28.977712646783633,28.61600615686158,28.648886284366785,51131000
2013-05-31,28.689987182617188,29.002368725692683,28.599559791124776,28.624220666651766,56165700
2013-06-03,29.257217407226562,29.290100674353674,28.63245101141615,28.70643365857073,51252600
2013-06-04,28.76396942138672,29.380516321392047,28.583114660557516,29.281866559529014,65529500
2013-06-05,28.591337203979492,28.681764594824518,28.303616538490818,28.443365680036727,46025100
2013-06-06,28.739315032958984,28.86262570860409,28.35294764538445,28.640668373995354,37618500
2013-06-07,29.32297134399414,29.41339873145526,28.82151579375327,28.977706558327974,40757300
2013-06-10,29.1585636138916,29.306535143870697,28.887281430289857,29.191443737060144,35994500
2013-06-11,28.640666961669922,28.92016842821809,28.50913704423082,28.813299390323635,39435900
2013-06-12,28.772193908691406,28.994151209440314,28.648883251857477,28.88728218257893,37372700
2013-06-13,28.54201889038086,28.78863708134383,28.435149857792744,28.763976203023663,45654900
2013-06-14,28.278959274291992,28.517355083602265,28.15564860995321,28.402266802710315,53192600
2013-06-17,28.772193908691406,28.90372381255147,28.468031594000056,28.517353347997414,49670100
2013-06-18,28.755748748779297,28.91193951046469,28.689985372882244,28.747529502762124,28616500
2013-06-19,28.435148239135742,28.846179579316413,28.435148239135742,28.739310552811766,30816200
2013-06-20,27.530881881713867,28.221414692179152,27.43223209741853,28.163867416713337,54493700
2013-06-21,27.350027084350586,27.728175183118278,27.169172282365857,27.670631043563215,85338500
2013-06-24,27.71995735168457,28.114547101326984,26.774583920554228,27.078746264585146,56109000
2013-06-25,27.678855895996094,28.26252292898065,27.506223442372416,28.01590469010096,44073400
2013-06-26,28.237857818603516,28.34472686782546,27.859709657874696,28.048783738239106,48665900
2013-06-27,28.459814071655273,28.591343997979102,28.3611674108926,28.377609043673182,28993100
2013-06-28,28.394046783447266,28.59956246114578,28.229633614104383,28.262516875157033,65545500
2013-07-01,28.246076583862305,28.763976994275477,28.221415704863755,28.566680554525522,31055400
2013-07-02,27.900808334350586,28.311839705347666,27.64597089132151,28.2871788265824,37630000
2013-07-03,27.95835304260254,28.254296137471464,27.621307436984168,27.670632331435844,15994400
2013-07-05,28.12276268005371,28.147426692133916,27.604865465171855,28.02411603949338,26085900
2013-07-08,28.221418380737305,28.43515333613834,27.933694509484162,28.237856877681306,32396900
2013-07-09,28.237857818603516,28.443373532380605,28.065225371651785,28.426935034888853,25318500
2013-07-10,28.525569915771484,28.615997294225963,28.21318528181591,28.229626908436693,29658800
2013-07-11,29.339414596557617,29.40518111323214,28.689987491957318,28.772192501880358,53638300
2013-07-12,29.32297134399414,29.37229622876928,29.002367432755573,29.248988720711342,35501200
2013-07-15,29.734012603759766,29.775118256136317,29.24899851929476,29.314761918439455,34142600
2013-07-16,29.81621742248535,29.947747341917232,29.561376831620805,29.602479343458146,36378500
2013-07-17,29.38051986694336,29.914858696545203,29.175004208807245,29.873756192101997,37285100
2013-07-18,29.133901596069336,29.503830446341745,28.953049930540917,29.364081289527945,49547100
2013-07-19,25.81277084350586,26.856789376999792,25.500387678640973,26.634835187169926,248428500
2013-07-22,26.31422233581543,26.31422233581543,25.977178364625995,26.05938493787316,79040700
2013-07-23,26.158035278320312,26.33889007868544,26.06760787813775,26.232021047931465,65810400
2013-07-24,26.27312469482422,26.46219875070751,26.215580553291066,26.33889121995955,52803100
2013-07-25,25.804546356201172,26.01828283562961,25.689458085724358,25.99362195936177,63213000
2013-07-26,25.993627548217773,25.993627548217773,25.65658034314171,25.697684425692657,38633600
2013-07-29,25.9278564453125,25.977179764735222,25.81276660937941,25.870310743365927,28870700
2013-07-30,26.182703018188477,26.40465880394009,25.936083213632614,26.125158867513594,45799500
2013-07-31,26.174482345581055,26.34711479855769,26.06761329262936,26.281349830572232,43898400
2013-08-01,26.03472328186035,26.379989645558847,25.977179149237273,26.355328770411823,42557900
2013-08-02,26.215585708618164,26.223806525876714,25.95252582818684,26.051174067328873,29199900
2013-08-05,26.059385299682617,26.3060034548882,26.01006041427351,26.223796880499673,30984000
2013-08-06,25.960735321044922,26.03472107613778,25.796322183514146,25.93607288002734,36331500
2013-08-07,26.355331420898438,26.388211545761127,25.689459501683476,25.927858438479984,38078600
2013-08-08,27.037643432617188,27.18561497896622,26.347110594961876,26.50330452495282,59034400
2013-08-09,26.881450653076172,27.045863818644893,26.69237661024425,26.938994790637178,26800700
2013-08-12,27.021203994750977,27.103412158240808,26.684158364244652,26.684158364244652,25493700
2013-08-13,26.681781768798828,26.946695270029043,26.665224280219686,26.913580292870755,39464100
2013-08-14,26.78112030029297,27.617256003222888,26.24301619769166,26.60727142828413,48519600
2013-08-15,26.317529678344727,26.640392849657058,25.53106624477818,26.491378592433147,33338000
2013-08-16,26.3258056640625,26.483098659523947,26.20990639320098,26.317528498151656,32866300
2013-08-19,25.986377716064453,26.466533733451456,25.978098973470523,26.292684876005037,27902500
2013-08-20,26.176795959472656,26.408594527468313,25.96983205004264,26.027781692041554,22979600
2013-08-21,26.16851806640625,26.499658437474455,26.11056842251885,26.16851806640625,37409100
2013-08-22,26.814237594604492,26.897025034644912,26.574158755514173,26.648665872541585,31169900
2013-08-23,28.76797103881836,29.14050654718349,28.1470795775489,29.115668741280963,225493800
2013-08-26,28.271265029907227,28.7017470871233,28.171920101610038,28.47822889349947,72786800
2013-08-27,27.534469604492188,28.229868276663073,27.443408161937214,27.749713780031005,58522300
2013-08-28,27.335792541503906,27.815947151735067,27.31923505038993,27.64209823206612,44257400
2013-08-29,27.774539947509766,27.815932073848447,27.15364857837907,27.261270633273096,45284700
2013-08-30,27.650373458862305,27.71660025308975,27.393737130938327,27.62553564776131,42790200
2013-09-03,26.392030715942383,26.549323691566588,25.903597459335856,26.284410203573575,154507000
2013-09-04,25.829092025756836,26.052611808928596,25.7545849050299,25.986383432616773,142320600
2013-09-05,25.853923797607422,26.027774252924488,25.622125295863153,25.74630329022742,71644900
2013-09-06,25.787696838378906,25.986381956024747,25.771139350489513,25.920153583476132,75434900
2013-09-09,26.20990562438965,26.317527726183457,25.829092843295477,25.845648753640678,49628500
2013-09-10,26.814237594604492,26.8225179176175,26.317525586433696,26.40858861246023,56881200
2013-09-11,27.103988647460938,27.261280045058527,26.930136603990242,26.963251579700653,39087500
2013-09-12,27.062593460083008,27.137100576728816,26.979809178484516,27.087431270976886,32860200
2013-09-13,27.344064712524414,27.37717968870254,26.913579496262628,27.128823683402494,40899000
2013-09-16,27.15365982055664,27.733159303273442,27.095710188086773,27.633817527327686,52839700
2013-09-17,27.261276245117188,27.70831888084086,27.236441595805026,27.66692358796398,84716500
2013-09-18,27.584142684936523,27.650372635209045,27.178495292579782,27.310952035106983,64099900
2013-09-19,27.84906005859375,27.882175038353903,27.58414653654911,27.71660329757143,42026600
2013-09-20,27.1453800201416,27.71659912390569,27.062592583207653,27.658649497060832,102904900
2013-09-23,27.103988647460938,27.29439502076894,26.905301951216387,26.938416926926795,39826100
2013-09-24,26.86391258239746,27.2116103891784,26.6155565549799,27.2116103891784,40685000
2013-09-25,26.913583755493164,27.153662633751523,26.822522293619233,26.897029422802227,28907500
2013-09-26,27.128816604614258,27.319222930928373,26.97980240871328,27.021194539126412,28504000
2013-09-27,27.542753219604492,27.940123485773313,27.2116097521214,27.21989007571846,55348000
2013-09-30,27.551029205322266,27.57586701703163,27.070874671854163,27.319230682821665,39839500
2013-10-01,27.799381256103516,27.824215903435793,27.567579634939143,27.608971766498676,36718700
2013-10-02,28.080856323242188,28.171920931187216,27.559309645404696,27.61725927627553,46946800
2013-10-03,28.031192779541016,28.14709206511438,27.666934272860523,28.047750271482737,38703800
2013-10-04,28.047746658325195,28.138811273264224,27.832502448829626,27.89045208415114,33008100
2013-10-07,27.567584991455078,27.907005589021875,27.48480071225062,27.81594098708628,35069300
2013-10-08,27.327512741088867,27.592429445975128,27.15366381808544,27.575871954543576,41017600
2013-10-09,27.37718391418457,27.608982467172083,27.286119294648497,27.37718391418457,35878600
2013-10-10,27.94839096069336,28.056013024011854,27.53446334887137,27.575858636467213,42875100
2013-10-11,28.254709243774414,28.262986409288782,27.882173635265186,27.882173635265186,30033300
2013-10-14,28.519617080688477,28.561009216064782,27.96495236099,28.064297275514132,27757900
2013-10-15,28.5527286529541,28.96665627347348,28.536171169171272,28.701739690965322,47097800
2013-10-16,28.67691993713379,28.892164180076616,28.61069312562591,28.643804952370466,35111600
2013-10-17,28.90870475769043,28.966657532457713,28.45338498693288,28.519614924942765,31359200
2013-10-18,28.941829681396484,28.966667495701923,28.420282951257448,28.825930408032253,41811700
2013-10-21,28.966670989990234,29.14051992100821,28.900441021210778,28.95839066488344,27433500
2013-10-22,28.627235412597656,29.05771735379449,28.57756296183629,28.99149057746309,40438500
2013-10-23,27.94839096069336,28.55272805300848,27.87388386424472,28.436825668963994,58600500
2013-10-24,27.915285110473633,28.22986788883506,27.791105537213568,27.998069387301854,53209700
2013-10-25,29.579273223876953,30.04287338728419,29.364032208234367,29.70345279775928,113494000
2013-10-28,29.446821212768555,29.579277972432237,29.19846518315143,29.47993619218904,38383600
2013-10-29,29.405427932739258,29.57099966543397,29.19018373283069,29.496492543622256,31702200
2013-10-30,29.421979904174805,29.62894374172581,29.33091531036956,29.413699582182943,36997700
2013-10-31,29.314363479614258,29.54616201182342,29.256413846561966,29.52132735709191,41682300
2013-11-01,29.413698196411133,29.546154919882618,29.297798958125753,29.52959743469651,40264600
2013-11-04,29.75312614440918,29.786241123013895,29.430262998058662,29.463377976663377,28060700
2013-11-05,30.33262062072754,30.3905702446915,29.612387324305754,29.628944810869406,51681900
2013-11-06,31.607528686523438,31.6406436701513,30.680331251073852,30.82934551938058,88948800
2013-11-07,31.04458236694336,31.46678729760577,30.986632732499853,31.425395152720156,60437400
2013-11-08,31.276378631591797,31.276378631591797,30.91212336184648,31.185314024650967,36737800
2013-11-11,31.11907196044922,31.27636328561396,30.92038535570009,31.201856203585095,26872500
2013-11-12,30.928672790527344,31.127356282970776,30.796216076226,30.94523027456716,31651600
2013-11-13,31.59096908569336,31.590969085693363,30.547872435202144,30.614099240017907,44957600
2013-11-14,31.475072860717773,31.566137489435626,31.226716792044652,31.350893247371836,46183700
2013-11-15,31.326047897338867,31.475062119292737,31.226706135375515,31.417112494979307,50601300
2013-11-18,30.796222686767578,31.110808635016937,30.688600596415824,30.92039910669543,53277500
2013-11-19,30.646076202392578,31.05479996902462,30.58768391090589,30.73782824451663,44275000
2013-11-20,30.92967987060547,31.204942343632688,30.746169433942242,30.796215420692125,32229900
2013-11-21,31.196605682373047,31.3050407863627,31.079824276435954,31.088167396415436,23064700
2013-11-22,31.338403701782227,31.430158920377945,31.13821339027123,31.30503758920785,27982000
2013-11-25,31.39679718017578,31.655379815686416,31.33840806602307,31.63869675707592,30646800
2013-11-26,31.1549072265625,31.405150001048188,31.1549072265625,31.33841774599359,34465300
2013-11-27,31.363426208496094,31.496887474754764,31.271674173291917,31.338403215437463,26002100
2013-11-29,31.80552864074707,31.938989946459866,31.546945968817298,31.546945968817298,22090400
2013-12-02,32.07245635986328,32.34771895462157,31.747144574253927,31.772167578694948,42950400
2013-12-03,31.95566749572754,32.105811836503705,31.763817100728655,31.813863093008727,52109800
2013-12-04,32.48116683959961,32.51453295302544,31.79717742420868,31.87224958843294,51983600
2013-12-05,31.697084426879883,32.43112306245338,31.013094964857277,32.40609688469397,116305000
2013-12-06,31.997379302978516,32.155863610307016,31.688750627878367,32.047425304256706,36457300
2013-12-09,32.28932189941406,32.42278319363091,32.00571625145723,32.16420372594291,30286000
2013-12-10,31.788848876953125,32.447815534369866,31.71377668583009,32.205915898310224,37828600
2013-12-11,31.371780395507812,31.947331712684832,31.188269896421502,31.74714133365313,39853400
2013-12-12,31.04646873474121,31.396803490065082,31.013102610814546,31.396803490065082,36012800
2013-12-13,30.604372024536133,31.238315578289974,30.54598290537043,31.213289397241567,40066100
2013-12-16,30.771207809448242,30.86296307364713,30.479262134241967,30.637746474786915,31734200
2013-12-17,30.46257972717285,30.954719005978145,30.30409538320715,30.81291454498207,45687700
2013-12-18,30.512622833251953,30.52930271289314,29.63677959956325,30.32911233751243,63192100
2013-12-19,30.23735237121582,30.48759189237708,30.095551142612763,30.454225774364073,34160100
2013-12-20,30.696130752563477,30.80456906418223,30.187308500316313,30.195651622270137,62649100
2013-12-23,30.545976638793945,30.771193130215845,30.487587531606902,30.704464085702522,25128700
2013-12-24,30.92967987060547,31.00474885073029,30.562658997279016,30.62939122223569,14243000
2013-12-26,31.22997283935547,31.27168208095697,31.00475629897457,31.029782480329146,17612800
2013-12-27,31.1048526763916,31.3801151979869,31.004754321294964,31.346752261589536,14563000
2013-12-30,31.1048526763916,31.17992485172999,30.779540977247983,31.04646356023599,16290500
2013-12-31,31.20493507385254,31.346739427865646,31.046450849453773,31.19659513865971,17503500
2014-01-02,30.99641227722168,31.196605791848405,30.946363103073008,31.154896555740528,30632200
2014-01-03,30.78788185119629,31.046464503432784,30.529299198959798,31.029781443743175,31134800
2014-01-06,30.13726806640625,30.771208627406622,30.120585001383965,30.737842497362053,43603700
2014-01-07,30.370819091796875,30.437551339755046,30.203991653870172,30.304090025807426,35802800
2014-01-08,29.828628540039062,30.145600330801198,29.6784873570133,30.028822087354225,59971700
2014-01-09,29.636775970458984,29.953747738294467,29.52834085622621,29.928724739928175,36516300
2014-01-10,30.062192916870117,30.153948174510454,29.820293270721777,29.945414655134776,40548800
2014-01-13,29.177997589111328,30.045497434824316,29.052879438382206,30.020474441072025,45901900
2014-01-14,29.845312118530273,29.92872742384544,28.886059972169914,28.96947209551654,41623300
2014-01-15,30.662757873535156,30.687784051914534,29.90369622336619,29.945405460009148,44812600
2014-01-16,30.771207809448242,30.86296307364713,30.287411664539384,30.60438034562928,38018700
2014-01-17,30.345792770385742,30.721153669169347,30.153942351444876,30.721153669169347,46267500
2014-01-21,30.170618057250977,30.712806300731735,30.07886601198666,30.712806300731735,31567300
2014-01-22,29.970436096191406,30.295747860336547,29.820291715513832,30.245698672787746,21904300
2014-01-23,30.078861236572266,30.137250338819488,29.628428291835895,30.10388422840181,43954000
2014-01-24,30.7044677734375,31.321725032683638,30.470908134670136,31.238312921531914,76395500
2014-01-27,30.053836822509766,30.771192328655832,30.012130773029376,30.754509272470155,44420800
2014-01-28,30.25403594970703,30.354131123496614,29.820285953994563,30.128914595993898,36205500
2014-01-29,30.579347610473633,30.76285808048484,29.945407268022134,30.012136323137355,52745900
2014-01-30,30.746171951293945,30.762855008899045,30.22066677362094,30.68778284066004,35036300
2014-01-31,31.563627243041992,31.60533330209727,30.495936857778812,30.821248573165665,93162300
2014-02-03,30.429208755493164,31.688752911227024,30.387502690766677,31.480219405625807,64063100
2014-02-04,30.320768356323242,31.021441014233428,30.23735623260692,30.83793370566381,54697900
2014-02-05,29.878673553466797,30.4208618160702,29.8619904950209,30.270717472025197,55814400
2014-02-06,30.17896270751953,30.237351821997663,29.770235724204497,29.861990956089592,35351800
2014-02-07,30.495939254760742,30.52096225576705,30.037163023187823,30.295745700804506,33260500
2014-02-10,30.696130752563477,30.696130752563477,30.27072381001101,30.554329499035557,26767000
2014-02-11,31.004758834838867,31.07983102110595,30.746179334783413,30.762862396394837,32141400
2014-02-12,31.254987716674805,31.363422796109365,31.113183346846725,31.154889391395958,27051800
2014-02-13,31.371780395507812,31.580313896480913,31.13822389264793,31.13822389264793,37635500
2014-02-14,31.380107879638672,31.513569140007352,31.138211532823057,31.18825751673166,31407500
2014-02-18,31.447343826293945,31.74988427325732,31.43894134980207,31.623827890908245,32834000
2014-02-19,31.522977828979492,31.724672521801796,31.270861867322903,31.27926754934754,29750400
2014-02-20,31.724674224853516,31.825519973764102,31.43053945476908,31.57340399857336,27526100
2014-02-21,31.917966842651367,32.22890980689709,31.81712108237714,31.884350520616987,38021300
2014-02-24,31.67425537109375,31.917968912907327,31.548198964031958,31.67425537109375,32085100
2014-02-25,31.548194885253906,31.80871334966405,31.388518968792244,31.60702184210966,30736500
2014-02-26,31.489370346069336,31.716275713860757,31.254059294751038,31.58181362989128,41041800
2014-02-27,31.817127227783203,31.842337871263908,31.28768127388163,31.472567874952237,33903400
2014-02-28,32.19529342651367,32.32134981261877,31.78350153791506,31.917963606590988,41215000
2014-03-03,31.74989891052246,32.04403701659683,31.506188509961383,31.86755287062022,29717500
2014-03-04,32.27933120727539,32.33815816230313,31.9935989089284,32.10285034219218,26802400
2014-03-05,32.0272102355957,32.16167228410428,31.875940030295045,32.14486412731219,20520100
2014-03-06,32.060821533203125,32.1364566240202,31.842318734919303,32.05241585320811,23582200
2014-03-07,31.85073471069336,32.237312763907845,31.674250637853138,32.17008012552516,26591600
2014-03-10,31.78350257873535,31.94317528869541,31.699464985246625,31.92637033466062,19006600
2014-03-11,31.951574325561523,32.12805515867676,31.699458391707175,31.82551475572033,25216400
2014-03-12,32.16168212890625,32.296144218574135,31.7582958599026,31.766698337956612,30494100
2014-03-13,31.842344284057617,32.31296336073011,31.632246997194393,32.287749506341996,32169700
2014-03-14,31.682661056518555,32.052431005410924,31.5229851194055,31.640642254162692,27195600
2014-03-17,31.976795196533203,32.27933569636655,31.75829550544748,31.850738792155344,20479600
2014-03-18,33.23737716674805,33.5315151770411,32.11966170395544,32.1532748203021,64063900
2014-03-19,33.0020751953125,33.23738308075268,32.69953465355827,33.170153630268125,35597200
2014-03-20,33.89289093017578,34.161815161813564,32.97686676433779,32.98526924402597,59269800
2014-03-21,33.75000762939453,34.405509742248356,33.62394805115576,34.220626421547266,80721800
2014-03-24,34.0357551574707,34.15340910681069,33.49790670001379,33.90129304310648,46098400
2014-03-25,33.90127944946289,34.44753337331134,33.58193085371325,34.17020357035888,43193100
2014-03-26,33.43907928466797,34.212235630615844,33.27940332195683,34.01894654412887,41977500
2014-03-27,33.07770538330078,33.59034309061667,33.060897221736276,33.39705404136837,35369200
2014-03-28,33.86766052246094,34.15339277961796,33.34662047911395,33.43906373963948,43472700
2014-03-31,34.44753646850586,34.87613332287293,33.95170697495958,33.97691761173744,46886300
2014-04-01,34.808902740478516,34.95177050426175,34.514767941261375,34.58200058441322,32605000
2014-04-02,34.75007629394531,35.01059798126369,34.59880605044805,34.825711415693945,28666700
2014-04-03,34.46434783935547,34.69965891446636,34.21223180714956,34.69965891446636,30139600
2014-04-04,33.50630569458008,34.78369725109206,33.31301662565008,34.66604331398939,51409600
2014-04-07,33.44747543334961,33.84245921687878,33.39705415431459,33.58193752049139,37559600
2014-04-08,33.46427917480469,33.55672244859713,32.943239056681094,33.4054522198147,35918600
2014-04-09,34.010536193847656,34.07776563167056,33.51470666731676,33.55672546668468,27398700
2014-04-10,33.07770538330078,34.195420877793815,32.850800010923464,33.98532366698101,45960800
2014-04-11,32.95164108276367,33.439068081246525,32.77516022020757,32.77516022020757,34330200
2014-04-14,32.926422119140625,33.11971109198124,32.6911143619134,32.86759517983381,32006600
2014-04-15,33.40545654296875,33.58193743077792,32.81718371110915,33.06089724522412,33968700
2014-04-16,33.95170974731445,33.9685147026528,33.53991781328829,33.66597741912847,30615800
2014-04-17,33.623966217041016,33.78364219652139,33.203771670332614,33.623966217041016,36688400
2014-04-21,33.565128326416016,33.74161241509708,33.43907192687689,33.724804253992744,22221200
2014-04-22,33.60713577270508,33.733192117633685,33.47267374795137,33.581921939057324,27056700
2014-04-23,33.35503387451172,33.60715310605799,33.17015049876143,33.60715310605799,24602800
2014-04-24,33.497894287109375,33.590337557572276,33.02727545831119,33.3970485401628,42381600
2014-04-25,33.539920806884766,34.18702064335177,33.40545871137404,33.859269485908705,56876800
2014-04-28,34.3466796875,34.69964455114799,33.691177633932526,33.733196420935684,50610200
2014-04-29,34.04414749145508,34.61561210865634,33.94330173719272,34.539976991502385,29636200
2014-04-30,33.95170974731445,34.035747347321944,33.75841749680513,33.95170974731445,35458700
2014-05-01,33.61555862426758,33.918099164818706,33.57353981715314,33.81725338657816,28787400
2014-05-02,33.35503387451172,33.90128793508972,33.32982323368877,33.87607729426677,43416600
2014-05-05,33.13653564453125,33.31301654978333,33.02728418640072,33.21217077618633,22460900
2014-05-06,32.82558822631836,33.06929854592893,32.73314494385311,33.01887726882346,27112400
2014-05-07,33.12812042236328,33.20375553224291,32.36336684728195,32.96004525003383,41744500
2014-05-08,33.31301498413086,33.531517890122664,32.74995596836195,33.0608989590727,32120400
2014-05-09,33.228973388671875,33.48949186076477,33.086105627931325,33.228973388671875,29647600
2014-05-12,33.59035110473633,33.632369915758105,33.32142686720125,33.39706200937235,22782600
2014-05-13,34.20814514160156,34.27585207807578,33.72574451877827,33.784986473970996,27004800
2014-05-14,34.05581283569336,34.23353871089616,33.89501046708117,34.10658981235439,18818700
2014-05-15,33.514163970947266,34.19122039738605,33.43799528439512,33.92886087071881,37793200
2014-05-16,33.70883560180664,33.717297358305835,33.23489652670635,33.573421670253,29867100
2014-05-19,33.64112854003906,33.70037052070183,33.39569563246713,33.522644578713525,24537400
2014-05-20,33.581878662109375,33.80191979161867,33.3956877789857,33.581878662109375,21320900
2014-05-21,34.14890670776367,34.14890670776367,33.63265579191312,33.68343277106036,22398700
2014-05-22,33.93733215332031,34.14891153888576,33.72575276775486,34.098134552554995,20201800
2014-05-23,33.954246520996094,34.16582582947665,33.852689356889755,34.16582582947665,18020000
2014-05-27,34.01349639892578,34.072738360836354,33.69189809953833,34.072738360836354,26160600
2014-05-28,33.861167907714844,34.01350534367311,33.70036871573473,33.97119010667262,25711500
2014-05-29,34.14044952392578,34.148911278768054,33.7765327252496,33.97965035436115,19888200
2014-05-30,34.64823532104492,34.67362703994626,34.064277441431955,34.23354157751314,34567600
2014-06-02,34.52127456665039,34.77516904568705,34.42817917103348,34.65668517069951,18504300
2014-06-03,34.0981330871582,34.428196397904316,34.06427961209576,34.360489447779436,18068900
2014-06-04,34.123512268066406,34.165827486125515,33.73420709641193,34.03041685126986,23209000
2014-06-05,34.876739501953125,34.91059297299609,34.191224469778895,34.35202361456594,31865200
2014-06-06,35.10525131225586,35.257588728341034,34.90213690977244,35.10525131225586,24060500
2014-06-09,34.927520751953125,35.10524663757109,34.71594139428085,35.029077939671275,15019200
2014-06-10,34.79210662841797,34.83442185005073,34.58052729180968,34.724399691049975,15117700
2014-06-11,34.58052444458008,34.75825029787109,34.50435576053476,34.639766395677086,18040000
2014-06-12,34.34355545043945,34.5974499789802,34.098122673857624,34.5382080299355,29818900
2014-06-13,34.8936653137207,35.18141335307885,34.5805287859748,34.783643149966075,26310000
2014-06-16,35.12217712402344,35.21527256789135,34.7328718391623,34.7328718391623,24205300
2014-06-17,35.2745246887207,35.469177387175755,34.14045875495723,34.944461277060135,22518600
2014-06-18,35.249114990234375,35.325283672382874,34.851344846965084,35.21526152518079,27097000
2014-06-19,35.130653381347656,35.35069783559145,34.978319134839644,35.18143361581464,19828200
2014-06-20,35.2745246887207,35.40147364479603,35.020630005016116,35.07987199026565,47764900
2014-06-23,35.536869049072266,35.54533080255722,35.28297124629826,35.31682471712742,18743900
2014-06-24,35.3337516784668,35.49455082326644,35.17295253366716,35.40145862055803,26509100
2014-06-25,35.570709228515625,35.587635959141636,35.08830870522743,35.29142624429582,20049100
2014-06-26,35.30836486816406,35.49455251087798,35.062932034081115,35.486090756936605,23604400
2014-06-27,35.756919860839844,35.79077334086047,35.13064339424045,35.21527709429202,74640000
2014-06-30,35.29143142700195,35.72305182179752,35.29143142700195,35.68919835557396,30793100
2014-07-01,35.435302734375,35.67227376226382,35.28296536946223,35.42684098229946,26917000
2014-07-02,35.46070861816406,35.46070861816406,35.1475687826831,35.316832947831784,20208100
2014-07-03,35.37607192993164,35.536874326025725,35.172957531685114,35.46916737431344,15969300
2014-07-07,35.536869049072266,35.64688798660002,35.29989798171284,35.333751452541996,21952400
2014-07-08,35.35913848876953,35.545329342235874,35.21526608632338,35.43530718078353,31218200
2014-07-09,35.26604461669922,35.53686915570041,35.14756069688634,35.528404173745386,18445900
2014-07-10,35.2829704284668,35.54532997864446,34.74132782153382,35.012149125000306,21854700
2014-07-11,35.621517181396484,35.621517181396484,35.10526279452249,35.29145374806951,24083000
2014-07-14,35.663818359375,35.926177942392066,35.5791879021153,35.73152530793876,21881100
2014-07-15,35.926170349121094,35.94309708268444,35.570715401179484,35.82461317618534,28748700
2014-07-16,37.30568313598633,37.50033580585181,35.951572974369704,35.97696147047741,63318000
2014-07-17,37.68651580810547,38.685170678387024,37.44954795022338,38.46512955727436,82180300
2014-07-18,37.821929931640625,37.948878854795,37.44955137400381,37.78807968345199,43407500
2014-07-21,37.94887161254883,38.219692917045144,37.42415573864278,37.7119037782257,37604400
2014-07-22,37.94041061401367,38.21123192389771,37.737293017378306,38.08428302244502,43095800
2014-07-23,37.974266052246094,38.46513176135155,37.76268667317204,38.46513176135155,52362900
2014-07-24,37.57648849487305,38.084277571110164,37.508781562871185,38.02503561983064,30725300
2014-07-25,37.66112518310547,37.79653584114289,37.49186105344751,37.49186105344751,26737700
2014-07-28,37.21258544921875,37.669594494001494,37.178731970806574,37.54264879262394,29684200
2014-07-29,37.144866943359375,37.314131054347456,36.933287611735366,37.161793677302626,27763100
2014-07-30,36.88252258300781,37.322604894278356,36.63708970401219,37.29721639936344,31921400
2014-07-31,36.527061462402344,36.97560868332028,36.45935774436044,36.71325233679616,31537500
2014-08-01,36.273170471191406,36.60323379697124,36.05312610170803,36.56938032036684,31170300
2014-08-04,36.70478439331055,36.789418069591704,36.23084871991461,36.366259373519824,34277400
2014-08-05,36.45936584472656,36.780964226655364,36.24778643261495,36.65401851645577,26266400
2014-08-06,36.171600341796875,36.53551378567023,35.72305000821721,36.171600341796875,24634000
2014-08-07,36.5863037109375,36.77249458677957,36.095441258869656,36.25624041535922,30314900
2014-08-08,36.560916900634766,36.66247409737833,36.315484049096504,36.586305392709384,28942700
2014-08-11,36.560916900634766,36.77249627711014,36.408579491296884,36.61169388478401,20351600
2014-08-12,36.83173751831055,36.890979484280415,36.39165203650223,36.42550551089788,21431100
2014-08-13,37.30568313598633,37.39031360864242,36.831744095153674,36.96715478847077,22889500
2014-08-14,37.46647262573242,37.59341830185165,37.24642828828082,37.30567347793683,19313200
2014-08-15,37.90656280517578,37.99965824968723,37.57649948623167,37.728836899351286,41611300
2014-08-18,38.1773796081543,38.1773796081543,37.8134628566535,38.03350396692514,26891100
2014-08-19,38.60317611694336,38.611690719886866,38.17737450038025,38.296598433240554,28139500
2014-08-20,38.279571533203125,38.66279369343808,38.23699201509013,38.61169632253709,24770500
2014-08-21,38.5095100402832,38.535057104886114,38.17738520600755,38.18589981133871,22285500
2014-08-22,38.449886322021484,38.722399089978325,38.38175650572805,38.62020436553817,18294500
2014-08-25,38.466922760009766,38.69685606031933,38.35621666063073,38.66279439437681,16910000
2014-08-26,38.330657958984375,38.66278593023851,38.27104599587402,38.586141513581154,14873100
2014-08-27,38.211456298828125,38.32216568709059,38.1177793740376,38.23700661834115,21287900
2014-08-28,38.2199592590332,38.30511829459278,37.99002596469157,38.10924991391857,17657600
2014-08-29,38.68834686279297,38.69686146831627,38.202933132726734,38.398801545857886,21607600
2014-09-02,38.398807525634766,38.713899956818054,38.19442122654208,38.68835288766022,22976800
2014-09-03,38.28807830810547,38.41582008493238,37.921888679717206,37.921888679717206,33684500
2014-09-04,38.54356002807617,38.552077879435096,38.08369676155615,38.100729215665545,26475500
2014-09-05,39.09709930419922,39.11413175651711,38.41581745452387,38.41581745452387,36939400
2014-09-08,39.57400894165039,39.85503635948996,39.16523972113258,39.190786782224635,45736700
2014-09-09,39.82096481323242,39.99980395691715,39.53141959084816,39.57400235038785,40302400
2014-09-10,39.88911437988281,39.97427344391005,39.41221517494413,39.87208191735535,27302400
2014-09-11,40.02536392211914,40.02536392211914,39.574015113190704,39.803948444704105,29216400
2014-09-12,39.7698860168457,40.04239889009354,39.68472371357469,39.94872198080027,38244700
2014-09-15,39.37813949584961,39.778390852782515,39.25891230055393,39.63361984569397,37667600
2014-09-16,39.82096481323242,39.89760923235203,39.42071351214862,39.505872534011104,27910600
2014-09-17,39.61658477783203,39.76135577537776,39.36961904819777,39.39516610691556,38311900
2014-09-18,39.75284957885742,39.88059139667832,39.56549577901594,39.67620513788676,35556600
2014-09-19,40.46820831298828,40.51078784837055,39.68473121779125,39.86357046417328,202522400
2014-09-22,40.07646179199219,40.34897465150839,40.00833195280837,40.280844812324574,38686100
2014-09-23,39.65066146850586,40.00833339125189,39.57401702097319,39.897624022902555,33430300
2014-09-24,40.093482971191406,40.11903002939272,39.46329513048722,39.71026085512863,26582700
2014-09-25,39.207820892333984,40.10200380295753,39.19930303920482,39.92316787055465,33077400
2014-09-26,39.52290725708008,39.70174316242316,38.969363837370175,39.11413808117789,27078800
2014-09-29,39.548465728759766,39.65066048868439,38.96937508362517,39.15672889487741,26091000
2014-09-30,39.480342864990234,39.58253438595379,39.18227965998254,39.48885747148308,33033100
2014-10-01,39.088600158691406,39.62510800011369,39.0460173867546,39.40369252964552,38088400
2014-10-02,38.9693603515625,39.25890556466949,38.867168878880136,39.02897556328625,25119400
2014-10-03,39.25040054321289,39.42923647621292,38.84163130409461,39.15672365013407,32453200
2014-10-06,39.25040054321289,39.42923647621292,39.10562627701586,39.27594760546743,20604000
2014-10-07,38.77349853515625,39.11414116624673,38.67982164917593,39.05452919309723,25723700
2014-10-08,39.83799743652344,39.931674310135094,38.61168997400981,38.730913904567025,33031000
2014-10-09,39.04601287841797,39.855036722664714,38.95233923735718,39.599556363589166,34422800
2014-10-10,37.49609375,39.27594484769747,37.42796717256838,38.833110724260756,51978100
2014-10-13,37.172489166259766,37.947448118991296,37.03623275419518,37.3172601828119,37100200
2014-10-14,37.24061584472656,37.79415934751949,37.095844827798366,37.35983979951664,38115700
2014-10-15,36.80630111694336,36.951072140053206,35.8525029406778,36.61894732363954,60218700
2014-10-16,36.397518157958984,36.68706334376934,35.95468415327208,36.21867903686432,49040400
2014-10-17,37.15546417236328,37.41945919642638,36.44011705317497,36.789274382266306,40683300
2014-10-20,37.5386848449707,37.58977897722937,36.45714798116386,36.670048861867336,34527900
2014-10-21,38.2199592590332,38.30511829459278,37.63235086840159,37.77712512718364,36433800
2014-10-22,37.794151306152344,38.3817563505698,37.66640952542278,38.32214438585825,33570900
2014-10-23,38.33919143676758,38.70538121576301,37.92190427630429,37.998548724201235,45451900
2014-10-24,39.28446578979492,39.940200798265394,38.47544190928672,39.880588820096186,61076700
2014-10-27,39.09709930419922,39.25890272830708,38.92677802962835,38.92677802962835,30371300
2014-10-28,39.59103775024414,39.59955235362054,38.977882351665556,39.05452677648788,29049800
2014-10-29,39.70173645019531,39.76986625896487,39.46328861671803,39.548447629071894,30276100
2014-10-30,39.21633529663086,39.446268600807386,38.977887387977766,39.446268600807386,30073900
2014-10-31,39.98278045654297,39.99981291445139,39.582525817217935,39.97426260328417,35849700
2014-11-03,40.400054931640625,40.41708738559722,39.79541743491944,39.93167381796377,23130400
2014-11-04,40.51078414916992,40.64704059911725,40.23827124927527,40.280850780769434,21530800
2014-11-05,40.75774002075195,40.79180493706754,40.246776021845825,40.706642646278574,22449600
2014-11-06,41.47309112548828,41.60934755562855,40.6981320699512,40.75774405509947,33037800
2014-11-07,41.45604705810547,41.660430021784634,41.12392230567035,41.660430021784634,28000600
2014-11-10,41.6348876953125,41.856306387839396,41.34534242335278,41.43050470840505,36370100
2014-11-11,41.61785888671875,41.68598872073315,41.430508340397736,41.60082642821515,23445200
2014-11-12,41.54121780395508,41.660441774503326,41.31980232273826,41.353867242497635,22722100
2014-11-13,42.24803924560547,42.28210415647561,41.481594994070775,41.56675727124613,26210400
2014-11-14,42.22248840332031,42.62273970004865,42.06068171549052,42.35874478598263,29081700
2014-11-17,42.12031936645508,42.33322029723814,41.84780643494159,42.07773983002054,30318600
2014-11-18,41.76894760131836,42.27456279642618,41.73466782932146,42.103167205540664,23995500
2014-11-19,41.323326110839844,41.77752171102222,41.074802633000665,41.70039384786865,26177500
2014-11-20,41.73467254638672,41.73467254638672,41.0233819080028,41.13478954503509,21510600
2014-11-21,41.11763381958008,42.03459622180177,40.76627442498203,42.00888803435009,42884800
2014-11-24,40.783416748046875,41.13477616368105,40.61202119354521,41.126207857050204,35434200
2014-11-25,40.68059539794922,41.10908280422515,40.66345550940624,40.843419435458266,28008000
2014-11-26,40.9205322265625,41.12620754421967,40.517753166912115,40.69772029577398,27163600
2014-11-28,40.97195816040039,41.30617774241831,40.800562580901804,41.09193408531977,21534400
2014-12-01,41.66609573364258,41.803211511225804,40.886249135682085,41.03193648823189,31191600
2014-12-02,41.52898406982422,42.03459916270331,41.30617213509199,41.85463529975439,25773500
2014-12-03,41.203338623046875,41.563266370905986,40.97195509838094,41.5118467201696,23534800
2014-12-04,41.854644775390625,42.04318025683848,41.306181486559474,41.469005503837764,30320400
2014-12-05,41.49471664428711,41.96605538136333,41.46044013812645,41.83750785868813,27313400
2014-12-08,40.877689361572266,41.43472089403421,40.663445710064124,41.35759304872733,26663100
2014-12-09,40.783416748046875,41.066216634241066,40.32064973162187,40.37206937870186,24330500
2014-12-10,40.19210433959961,40.84340350469938,40.02070879012129,40.774847246366974,30431800
2014-12-11,40.42349624633789,40.9119748476093,40.0035804613964,40.34637165935199,29060400
2014-12-12,40.234962463378906,40.90340167736213,39.99500732651135,40.08927506573443,34248400
2014-12-15,39.99500274658203,40.85197734087707,39.89216671061425,40.44920150454548,29247800
2014-12-16,38.700965881347656,39.71219598995902,38.67525769405861,39.33512841029471,47801400
2014-12-17,39.198020935058594,39.37798482240969,38.47816211655546,38.60670634933533,34970900
2014-12-18,40.72344970703125,40.72344970703125,39.71221901218271,39.91789443702477,40105600
2014-12-19,40.843414306640625,41.22048199993823,40.4234952628168,40.817706111604146,64551200
2014-12-22,41.11763381958008,41.237609719818714,40.886250325220665,40.94623827533999,26566000
2014-12-23,41.52042007446289,41.82035987718926,41.246188463656296,41.45186053721191,23648100
2014-12-24,41.254756927490234,41.6832442296355,41.20334054345596,41.6832442296355,11437800
2014-12-26,41.03194046020508,41.486135904460674,40.9805208127221,41.486135904460674,13197800
2014-12-29,40.663448333740234,40.9462482720464,40.50062105586499,40.87769199907174,14439500
2014-12-30,40.294944763183594,40.80912819868613,40.140689078713116,40.65487251421566,16384700
2014-12-31,39.80646514892578,40.65486805128042,39.80646514892578,40.04641695660617,21552500
2015-01-02,40.07212448120117,40.637727496436796,39.88359232218806,39.98642834247686,27913900
2015-01-05,39.70363235473633,40.04642021227634,39.63507282176925,39.73790885212141,39673900
2015-01-06,39.12088394165039,40.063554504710254,39.026616231524805,39.74647488173165,36447900
2015-01-07,39.6179313659668,39.815035111775785,38.98377205668541,39.40368773759638,29114100
2015-01-08,40.783416748046875,40.92053253782855,40.03784984542768,40.06355803441853,29645200
2015-01-09,40.440635681152344,40.98053066771343,40.192115497966284,40.800566761892775,23944200
2015-01-12,39.93500900268555,40.7405670968763,39.729336960537644,40.63772780670418,23651900
2015-01-13,39.72935485839844,41.05766523175238,39.472263055346,40.25211004376152,35270600
2015-01-14,39.38654708862305,39.62650217071557,39.09517562894506,39.38654708862305,29719600
2015-01-15,38.97521209716797,39.74649069681547,38.915224124873085,39.60937486455584,32750800
2015-01-16,39.62650680541992,39.66078330478645,38.70954097901898,38.82952016864711,35695300
2015-01-20,39.75505447387695,39.97786971908416,39.05233550502149,39.677926622705066,36161900
2015-01-21,39.35227966308594,39.540815157610076,38.975211943136955,39.36941955068807,39081100
2015-01-22,40.38921356201172,40.39778186955498,39.48939089143091,39.746482616011335,35898000
2015-01-23,40.43205642700195,40.61202028410447,40.10640520765106,40.586312095689316,26211600
2015-01-26,40.286380767822266,40.389220089553824,39.62651310009021,40.27781245889422,42525500
2015-01-27,36.558536529541016,37.021303600964,36.087201150468864,36.807059949649506,169164000
2015-01-28,35.298789978027344,36.669951586193555,35.273081780763384,36.62710350105384,84507100
2015-01-29,36.00149917602539,36.0957668989761,34.95599245472281,35.075968367897005,63585300
2015-01-30,34.62177658081055,35.6330069121984,34.57892523375778,35.60729545014698,78004900
2015-02-02,35.37590408325195,35.45303191415257,34.476081568810145,34.78459289241261,50352500
2015-02-03,35.65013885498047,35.932942016783855,35.1788035210732,35.675850313661556,52082400
2015-02-04,35.85581588745117,36.1728955607741,35.4444684890353,35.9415120362092,41614800
2015-02-05,36.37855911254883,36.54138305009444,35.87294415279435,36.18145541896284,36548200
2015-02-06,36.34428787231445,36.66993909280626,36.12147594403999,36.57567137615614,34616600
2015-02-09,36.301448822021484,36.6271001234317,36.1729013093572,36.19861277334948,31381100
2015-02-10,36.50712585449219,36.652813273146045,36.147198000934694,36.6271050747775,29670700
2015-02-11,36.31858444213867,36.54996797629539,36.17289706029244,36.54996797629539,38262500
2015-02-12,36.92704391479492,36.92704391479492,36.429996966310945,36.558544492739394,33268800
2015-02-13,37.5954704284668,37.5954704284668,36.97845101098073,37.17555475384,40264900
2015-02-17,37.61273956298828,37.975228803046434,37.2761381784667,37.94933765514619,33695700
2015-02-18,37.56958770751953,37.71631191183883,37.44875794652956,37.65589703134384,27111700
2015-02-19,37.5436897277832,37.56958087403916,37.15530607212654,37.26750652650813,27603400
2015-02-20,37.85440444946289,37.87166631464357,37.362452815088,37.5523267473472,29721100
2015-02-23,38.10468673706055,38.1392071661624,37.673150095836135,37.71630310148592,32518800
2015-02-24,38.05290603637695,38.23415065877449,37.90618184750963,38.10469162521784,25271700
2015-02-25,37.96660232543945,38.05290835306492,37.802616263641575,37.9320785974437,29759800
2015-02-26,38.027015686035156,38.17373658561732,37.880291494089214,37.966600810635,28957300
2015-02-27,37.84577941894531,38.14785718130973,37.68179660556906,38.087442287309806,33807700
2015-03-02,37.87165832519531,38.13920894814272,37.58684254834536,37.690410425216506,31924000
2015-03-03,37.35381317138672,37.82850614316382,37.18983042173141,37.59547594584511,31748600
2015-03-04,37.1639404296875,37.293399459533276,37.00858695998168,37.12078412737529,25748700
2015-03-05,37.207096099853516,37.31929656763281,36.95680401494734,37.17257237248083,23193500
2015-03-06,36.559791564941406,37.20709664706186,36.378546932115015,37.112158041572634,36248800
2015-03-09,36.982688903808594,37.224351662144485,36.41306066804227,36.41306066804227,32108000
2015-03-10,36.274967193603516,36.86185725970655,36.274967193603516,36.55115036678575,39159700
2015-03-11,36.2318229675293,36.56842108561574,36.110993211535586,36.516638785826395,32215300
2015-03-12,35.40326690673828,35.947004003693685,35.2651753114249,35.67082081306692,59992500
2015-03-13,35.71396255493164,35.79163925856852,35.049395933229896,35.12707263686678,58007700
2015-03-16,35.86932373046875,35.93836787511991,35.62766099328219,35.79164701000932,35273500
2015-03-17,35.99016571044922,36.10236618762909,35.515475942577034,35.70534987430743,31673400
2015-03-18,36.68061447143555,36.9654302347246,35.67082031220335,35.757126323426114,44194800
2015-03-19,36.499366760253906,36.758288064208024,36.43895189907671,36.47347232520439,33879100
2015-03-20,37.00857925415039,37.09488525607716,36.671981237327884,36.73239609714921,71904500
2015-03-23,36.991336822509766,37.224367100931076,36.922289350815454,37.008598690433345,26246100
2015-03-24,37.025856018066406,37.258882975548154,36.8963936706972,36.92228482322534,25513300
2015-03-25,35.78302764892578,37.051746787515306,35.765765783297404,37.043114208519,43469900
2015-03-26,35.56725311279297,35.91248378089553,35.31696104303679,35.57588569029554,37495600
2015-03-27,35.3601188659668,35.757131846697916,35.23928911464548,35.489577902798004,34401400
2015-03-30,35.35149002075195,35.8520742346398,35.30833700391849,35.47231978483133,35049700
2015-03-31,35.092552185058594,35.41188831084091,34.98898433471131,35.196120035405876,34887200
2015-04-01,35.14434051513672,35.178860939720494,34.79048064734086,35.040769364296814,36865300
2015-04-02,34.77321243286133,35.16159594661331,34.62648830883846,35.092548525340845,37487500
2015-04-06,35.86070251464844,36.059209020402726,34.67829276630156,34.81638439171168,39223700
2015-04-07,35.84342956542969,36.17139830899166,35.65355569693636,35.91247700296401,28809400
2015-04-08,35.748497009277344,35.98152721168099,35.42053150281021,35.78302073386239,24753400
2015-04-09,35.80028533935547,35.921115092298116,35.601778846326276,35.601778846326276,25723900
2015-04-10,36.00742721557617,36.20593372407025,35.739873247242016,35.92975046943813,28022000
2015-04-13,36.04193878173828,36.300863400042545,35.72260258948985,35.731235166027076,30276700
2015-04-14,35.94700241088867,36.27496787749879,35.7226015207205,36.07646142380429,24244400
2015-04-15,36.47349166870117,36.64610706033712,35.97291065455815,36.041954835793675,27343600
2015-04-16,36.38717269897461,36.54252616704871,36.09372762509725,36.205928083676014,22509700
2015-04-17,35.9211311340332,36.02470236197754,35.524117970675846,35.96428416616069,42387600
2015-04-20,37.03447723388672,37.25887485574434,35.97289741084718,36.016050419777855,46057700
2015-04-21,36.80144500732422,37.24161423431206,36.70650641748907,37.11215192228896,26013800
2015-04-22,37.1035270690918,37.22435681881658,36.72377266439819,36.82734055096747,25064300
2015-04-23,37.40560531616211,37.63863555434239,36.93954483980155,37.01722158586164,46309500
2015-04-24,41.315330505371094,41.548360762275436,39.399309435876006,39.407938722858674,130933700
2015-04-27,41.45341491699219,41.53972423359419,40.75432756051674,40.76295684599505,59248200
2015-04-28,42.42867660522461,42.471829604946635,41.168590576109715,41.237634717192385,60730800
2015-04-29,42.342384338378906,42.558152699330435,41.859062024596476,42.04893923579027,47804600
2015-04-30,41.97989273071289,42.756660164676205,41.94536900201141,42.03167832376511,64725500
2015-05-01,41.99714660644531,42.187023785821374,41.772748997298166,41.92810245453979,38937300
2015-05-04,41.63465118408203,42.17838491087199,41.58286560861318,41.74684832572023,34039500
2015-05-05,41.082305908203125,41.565628354926794,40.8320170428522,41.27218317162399,50369200
2015-05-06,39.943023681640625,41.229004102956175,39.71862611491395,41.05638881727881,52433000
2015-05-07,40.30553436279297,40.64213251148974,39.839473868121644,39.93441248285442,32971700
2015-05-08,41.21175003051758,41.410256494219716,41.01324356681544,41.039134712231224,35364900
2015-05-11,40.88377380371094,41.34983409043298,40.88377380371094,41.039127232618284,24609400
2015-05-12,40.86651611328125,41.151331859443935,40.06385774619399,40.43497949838974,29928300
2015-05-13,41.108184814453125,41.70370424406447,41.05639922790987,41.59150378606921,34184600
2015-05-14,42.04893493652344,42.13524095513418,41.45341221407316,41.45341221407316,32980900
2015-05-15,41.68642807006836,42.21290316256912,41.47065980542788,42.17837945005966,28642700
2015-05-18,41.436153411865234,41.61740133211435,41.09092601956425,41.41026226284271,24136500
2015-05-19,41.33192443847656,41.53172106173754,40.98445003312436,41.3145503868328,28574800
2015-05-20,41.33192443847656,41.6359620578386,41.06263160864053,41.166872604741584,25047900
2015-05-21,41.19292068481445,41.34928379279964,40.836761008572765,41.07130567055055,22410700
2015-05-22,40.74120330810547,41.1321077123675,40.671707129897,41.08867425786729,25720600
2015-05-26,40.471920013427734,40.72383874746087,40.12444566898473,40.680405282845726,29581900
2015-05-27,41.35797119140625,41.49696024822346,40.49797412413944,40.67171127360107,27335600
2015-05-28,41.2189826965332,41.71413142530497,41.16686055685597,41.26241615605062,19283700
2015-05-29,40.70645523071289,41.323218900569714,40.47191059983209,41.20160390243008,36519600
2015-06-01,41.02788543701172,41.49697491219422,40.497988435093895,40.88021096172927,28837300
2015-06-02,40.75858688354492,41.13212067473032,40.49798276065682,40.76727556543921,21498300
2015-06-03,40.6977653503418,41.47089539839338,40.671705941155366,41.14948055421371,28002200
2015-06-04,40.272117614746094,40.967062889604776,40.133128559774356,40.64565132131272,27745500
2015-06-05,40.08100509643555,40.41110533374059,39.820401041199084,40.228682826451106,25438100
2015-06-08,39.724853515625,40.33293197718091,39.67273136848786,40.22000231526428,22121600
2015-06-09,39.65536880493164,39.90728428360382,39.49031696186585,39.75092112373187,24406100
2015-06-10,40.489295959472656,40.680407189248434,39.69010625530575,39.776976502367965,28417400
2015-06-11,40.34161376953125,40.758580968391435,40.07232431759112,40.53272497833577,27347800
2015-06-12,39.9333381652832,40.36767944334367,39.87253065145561,40.15050880431344,23931000
2015-06-15,39.507667541503906,39.65534524420286,39.108074509805114,39.481608134928685,33254500
2015-06-16,39.81171417236328,40.16787380761826,39.351310267940825,39.39474372321383,27070300
2015-06-17,39.9333381652832,40.02020509539091,39.40344127584767,39.72485289375935,28704100
2015-06-18,40.58484649658203,40.654339371776096,40.107068481919846,40.1505052568969,32658300
2015-06-19,40.04625701904297,40.68039808247354,39.95070473930665,40.64564999142741,63837000
2015-06-22,40.159183502197266,40.58483929966174,40.09837600452521,40.24605372298598,20318100
2015-06-23,39.8812141418457,40.20262574462928,39.62929541712523,40.07232535560066,25896500
2015-06-24,39.646663665771484,40.176560452755425,39.56848211828598,39.67272307701321,34890900
2015-06-25,39.65536880493164,40.01152859935959,39.52506506711778,39.9854658635398,20616000
2015-06-26,39.316566467285156,40.20262296930776,39.11676990022524,39.655355408397796,49835300
2015-06-29,38.54344177246094,39.29050925606068,38.534756405476166,39.12546077326383,34081700
2015-06-30,38.35232925415039,38.84747795664477,38.16990343184164,38.83878927694606,35945400
2015-07-01,38.61293411254883,39.290505337653734,38.308893278231174,38.62161947866742,28343900
2015-07-02,38.56950378417969,38.873541329408205,38.27415160577454,38.63899666004876,21752000
2015-07-06,38.56080627441406,38.63898781296616,38.17858726024823,38.187272625082926,23034000
2015-07-07,38.482635498046875,38.64768729990467,37.63132701448863,38.51738359462335,36435800
2015-07-08,38.43051528930664,39.003845607222445,38.24808944570012,38.604249138439314,39785900
2015-07-09,38.67374801635742,39.28182647185657,38.65637396748476,38.87354460775153,32424700
2015-07-10,38.75191879272461,39.21231936153316,38.717170704651494,39.09938973217557,25465800
2015-07-13,39.55979537963867,39.629288245125146,39.047272655855096,39.0733320661925,28178300
2015-07-14,39.62929153442383,39.92464369321656,39.360002101891965,39.48161711190771,22880300
2015-07-15,39.75090408325195,39.863833720029,39.464240622215186,39.68141121630012,26629600
2015-07-16,40.5327262878418,40.55878570306224,39.933336541445705,39.96808132381935,26271700
2015-07-17,40.49797821044922,40.63696728129064,40.1852519726158,40.437170699066144,29467100
2015-07-20,40.75858688354492,40.94101275195169,40.34161962417171,40.52404549257847,30631900
2015-07-21,41.0713005065918,41.114737275162334,40.37635528834561,40.636959330967905,42781900
2015-07-22,39.55979537963867,40.76726332708805,39.264443245360674,39.472925155580306,59152400
2015-07-23,40.054931640625,40.15917256341764,39.177560875322634,39.32523855355814,33934000
2015-07-24,39.90727233886719,40.23737261243399,39.78565732064803,39.881212924609,32333200
2015-07-27,39.394752502441406,39.96808285558985,39.30788557253687,39.90727534190448,39701400
2015-07-28,39.38606262207031,39.64666669568467,38.908287934817224,39.594547869218154,34328900
2015-07-29,40.21131896972656,40.636971594587756,39.31657362456389,39.43819197399971,40945900
2015-07-30,40.72383117675781,41.1755464150539,39.89858224744304,40.185245711619984,39777900
2015-07-31,40.567466735839844,41.14948232444198,40.393729601682715,41.07998945903526,31201500
2015-08-03,40.66303253173828,40.82808102804662,40.35030627451318,40.810706978894,24125900
2015-08-04,41.297157287597656,41.44483168781512,40.55008998029522,40.61089747612123,33403900
2015-08-05,41.33192443847656,42.05292935600433,41.297176335189036,41.67939553006724,26959700
2015-08-06,40.49797821044922,41.49696443533252,40.24606279775971,41.444842291106674,27368000
2015-08-07,40.60221862792969,40.63696340700689,40.18524814139809,40.29817778624042,19163000
2015-08-10,41.114742279052734,41.25373133961771,40.68908641708218,40.78464201755071,23079900
2015-08-11,40.3155517578125,40.77595238889572,39.87252517311588,40.67171142433661,29237400
2015-08-12,40.60221862792969,40.741207685520045,39.70747346304127,40.12444063581234,30181400
2015-08-13,40.593528747558594,40.91494031240261,40.385046824217774,40.88019553435275,22627200
2015-08-14,40.82807159423828,40.91493850616872,40.41110445220367,40.41978981789261,21473400
2015-08-17,41.106056213378906,41.21898586782116,40.45454432921027,40.66302959019899,21099700
2015-08-18,41.333404541015625,41.47331015462979,40.83499058403934,40.95740757900012,23574100
2015-08-19,40.756290435791016,41.16726460453837,40.48522187024938,40.90493867986654,31485500
2015-08-20,39.925601959228516,40.63387599612119,39.925601959228516,40.284110298383666,36238200
2015-08-21,37.66086959838867,39.76819930882819,37.66086959838867,39.61080511173211,70053100
2015-08-24,36.445430755615234,37.328583913513725,34.73158693624878,35.369906215841034,88753700
2015-08-25,35.38740158081055,37.80951958479436,35.31744712473595,37.22366268981185,70616600
2015-08-26,37.34607696533203,37.45975128046851,35.90330143652586,36.733988861166466,63408000
2015-08-27,38.38663101196289,38.430350879780924,37.53845156672222,37.800774109242525,50943200
2015-08-28,38.41287612915039,38.60524761971319,37.940693380830766,37.949439358918156,28246700
2015-08-31,38.05436706542969,38.412875441488474,37.68711271144008,38.08934430592646,34441700
2015-09-01,36.567867279052734,37.24116414059711,36.427961654291124,36.87390979083963,49688900
2015-09-02,37.91444396972656,37.93193258191695,36.6203166881429,37.04003337387719,37671500
2015-09-03,38.03687286376953,38.456589681303115,37.84450140487852,37.958175752006184,28285200
2015-09-04,37.25864028930664,37.634637155426006,36.90013203738028,37.433523095624594,37138800
2015-09-08,38.37788772583008,38.47407344313589,37.77454550220134,37.86198524396354,32469800
2015-09-09,37.66086959838867,38.8238374618639,37.52096401603796,38.657697289589045,33469500
2015-09-10,37.85325241088867,38.29045790419361,37.38106967757217,37.70460080864613,31366600
2015-09-11,38.019386291503906,38.115572026124134,37.54720359552074,37.722086446138164,27132500
2015-09-14,37.634647369384766,37.9844097413333,37.477253134543375,37.97566709967011,23656000
2015-09-15,38.456581115722656,38.72764962600089,37.66961350898626,37.76579588139594,28882200
2015-09-16,38.73640060424805,38.80635507445524,38.33417240739487,38.447846753675194,23372200
2015-09-17,38.69266891479492,39.34847686250331,38.54402071440798,38.727646139219516,32768200
2015-09-18,38.019386291503906,38.46533772735898,37.88822665525054,38.03687491012694,63143700
2015-09-21,38.57025909423828,38.885047501021596,38.124307739424474,38.14179635486936,26177200
2015-09-22,38.38663101196289,38.51779061541699,37.870728566241056,37.931937048308725,28085900
2015-09-23,38.36040496826172,38.62272756921916,38.04561651286765,38.412870822698345,17145200
2015-09-24,38.3953742980957,38.58774572247029,37.83575197512835,37.99314617041444,27905600
2015-09-25,38.42161178588867,39.112397162209504,38.26421756506588,38.89379444835704,29384600
2015-09-28,37.85325241088867,38.552780533053934,37.783297930865544,38.32543514420517,27613800
2015-09-29,37.984405517578125,38.09807986023732,37.64338582521317,37.923197025903015,32763600
2015-09-30,38.701412200927734,38.736389425937816,38.17676716822354,38.36913857016724,34958900
2015-10-01,39.00747299194336,39.129889991178565,38.25547904165502,39.129889991178565,28657900
2015-10-02,39.846893310546875,39.846893310546875,38.40411439450041,38.71016012534066,41839000
2015-10-05,40.77378845214844,41.0011338589097,39.96058590368014,40.004305789332676,34369300
2015-10-06,40.87870788574219,41.25470482405365,40.41527119528921,40.51145692401252,27017200
2015-10-07,40.92243194580078,41.403357302975344,40.17918396976855,41.18475456465844,27711500
2015-10-08,41.49079132080078,41.55199980728704,40.660100429842814,40.712566276379185,33772700
2015-10-09,41.19349670410156,41.56949364582372,41.027356503667775,41.49079653393739,28600600
2015-10-12,41.097312927246094,41.158521424331255,40.660107470573266,41.07982430870563,19769100
2015-10-13,41.00112533569336,41.210985413059156,40.71257148187975,40.71257148187975,19987800
2015-10-14,40.817501068115234,41.18475204492448,40.68633809890458,40.79126980851825,24697800
2015-10-15,41.10605239868164,41.12354101587341,40.68633559291711,41.10605239868164,27189400
2015-10-16,41.54325866699219,41.569493261120016,41.009870842046354,41.11479921171948,26450300
2015-10-19,41.639461517333984,41.866810303323646,41.114816117627846,41.46457860556057,29387600
2015-10-20,41.77061080932617,41.80558804731022,41.11480260738375,41.48205359937726,30802200
2015-10-21,41.27219772338867,41.96298317805552,41.19350060405178,41.90177134247075,25144300
2015-10-22,41.997955322265625,42.80241510130838,41.17601026020304,41.560749863285174,56637100
2015-10-23,46.23009490966797,47.27938846524072,45.68796118460675,45.73168105450306,135227100
2015-10-26,47.436790466308594,47.49799896135158,45.906571419008316,45.932802678137364,64633300
2015-10-27,46.947120666503906,47.541720353538835,46.850938268094566,47.20944660860566,50999900
2015-10-28,47.20070266723633,47.20070266723633,46.22136333748789,46.81596305016699,47000800
2015-10-29,46.6585578918457,47.069532009435214,46.53614092123069,46.81595209281138,30202100
2015-10-30,46.02898406982422,47.209440653538884,46.01149545351595,46.62358368185549,46619800
2015-11-02,46.55363082885742,46.6585591872102,46.01149375020794,46.21260782688925,30285000
2015-11-03,47.34934616088867,47.55920288497512,46.25633266073531,46.28256391734299,36596900
2015-11-04,47.567955017089844,47.987671855194336,47.270655173147546,47.375583548770436,37087800
2015-11-05,47.55047607421875,47.830287356558316,47.21819892558542,47.646661827950524,31468500
2015-11-06,48.022640228271484,48.0751060778495,47.18320664869848,47.296880988311244,32851200
2015-11-09,47.35808181762695,47.978912593617125,46.833436749164385,47.69910144568882,32513100
2015-11-10,46.78971481323242,47.33185184567407,46.579858114413526,47.27938600316331,55283700
2015-11-11,46.91213607788086,47.39306130281807,46.7459959076503,46.95585594640021,36516300
2015-11-12,46.62358856201172,47.20069961814175,46.50991421191574,46.763494171509514,35361100
2015-11-13,46.20386505126953,46.59735056345313,45.9327965127403,46.404979127360626,36848200
2015-11-16,47.0170783996582,47.12200678240451,46.212618570301466,46.41373602935051,32165200
2015-11-17,46.62975311279297,47.1227217233126,46.52411410359865,46.80581141192324,31551300
2015-11-18,47.40439987182617,47.51884040648395,46.638535834245054,46.65614232866129,29710000
2015-11-19,47.4836311340332,48.117451550242706,47.34278252577506,47.52764905256664,28149200
2015-11-20,47.70371627807617,47.80055034413278,46.89383746759608,47.75653577540605,37147600
2015-11-23,47.70371627807617,47.94139897891611,47.31638337194609,47.75653577540605,28235900
2015-11-24,47.75653076171875,47.92378744855952,47.166728214888664,47.4660285940471,24600000
2015-11-25,47.2635612487793,47.73892662404915,47.2635612487793,47.61568449522278,21005100
2015-11-27,47.47483825683594,47.60688532041988,47.35159612180896,47.36039769226961,9009100
2015-11-30,47.84454345703125,48.381529685736986,47.53643825601722,48.01180344452015,56241400
2015-12-01,48.610435485839844,48.61923705688498,47.80055326772908,47.89738733970829,39952800
2015-12-02,48.60161209106445,49.26184048578924,48.46956842697666,48.69844612625267,47274900
2015-12-03,47.71251678466797,49.0945949347931,47.47483410585653,48.84811068629059,38627800
2015-12-04,49.217838287353516,49.4995355378426,47.624485485821566,47.64209198373915,43963700
2015-12-07,49.12980270385742,49.270651310604926,48.67204389240412,49.11219620825202,30709800
2015-12-08,49.11219787597656,49.385090171887754,48.40795481832476,48.830500652915845,32878000
2015-12-09,48.3991584777832,49.1826292282992,47.985414138842515,48.74247681941638,36373200
2015-12-10,48.654441833496094,48.99776013386863,48.42556072785042,48.7600774586655,31775800
2015-12-11,47.589263916015625,48.50477807151001,47.54524600321024,48.161459843437704,39549500
2015-12-14,48.53999710083008,48.60161815671396,47.25475313797248,47.82695249471786,46768900
2015-12-15,48.59281921386719,49.209033164101825,48.49598516136085,48.99775856244291,39843000
2015-12-16,49.4114990234375,49.51713463706313,48.20547928200374,48.89211916580937,37503300
2015-12-17,49.03297424316406,49.99250653535117,48.88332069251672,49.613975231950086,41280900
2015-12-18,47.6508903503418,49.29705906085721,47.56285787287573,49.094589399828735,84684200
2015-12-21,48.267112731933594,48.72486826271852,47.738927848718596,48.311127299344115,37246300
2015-12-22,48.724853515625,48.83929404273272,47.97659602182544,48.407946711326694,28322200
2015-12-23,49.138607025146484,49.191426514921396,48.8040903060971,49.03297140369252,27279800
2015-12-24,49.00655746459961,49.26184661493238,48.79528623253473,49.173817494587965,9558500
2015-12-28,49.2530403137207,49.2530403137207,48.39914382442351,48.724855568117086,22458300
2015-12-29,49.78122329711914,50.045313999339506,49.34987593371482,49.55234558402028,27731400
2015-12-30,49.56995391845703,49.98369480265732,49.55234742324278,49.71080252207543,21704500
2015-12-31,48.83931350708008,49.464329155285,48.78649400626547,49.33228544039334,27334100
2016-01-04,48.240692138671875,48.240692138671875,46.99946276820537,47.81814632724664,53778000
2016-01-05,48.460777282714844,48.76008104109816,48.011823324187986,48.35514164978433,34079700
2016-01-06,47.5804557800293,47.88856435840301,47.21953108280498,47.81813838914214,39518900
2016-01-07,45.925498962402344,47.087504366554,45.837469827254246,46.39206278135677,56564900
2016-01-08,46.06633758544922,46.902624200996414,45.90788250168137,46.10154721443463,48754000
2016-01-11,46.0399284362793,46.524095279179214,45.30047246159918,46.22479159042547,36943800
2016-01-12,46.46247100830078,46.74416818312655,45.82865404399041,46.444864515112265,36095500
2016-01-13,45.45892333984375,47.59806351982846,45.15961967883081,47.360380904486256,66883600
2016-01-14,46.75298309326172,47.025875400724075,45.39731305108845,45.775844340241974,52381900
2016-01-15,44.88672637939453,45.7494243565721,44.31452713095566,45.168423540999655,71820700
2016-01-19,44.508201599121094,45.49414180673867,44.06804930095845,45.31808021585451,43564500
2016-01-20,44.710670471191406,45.23005030826177,43.2229535802448,43.99762255172671,63273000
2016-01-21,44.437782287597656,45.40611950371571,44.27932716783463,44.89554114934684,40191200
2016-01-22,46.031131744384766,46.06634473693204,45.124415655819476,45.25646269882384,37555800
2016-01-25,45.590980529785156,46.348043097636676,45.46773841094345,45.723024217931616,34707700
2016-01-26,45.925498962402344,46.16318165701771,45.37971093667238,45.59098556236257,28900800
2016-01-27,45.089210510253906,45.9519087649737,44.91314888808543,45.78464871277039,36775200
2016-01-28,45.82865905761719,45.960702733833706,45.11561111690391,45.65259746456625,62513800
2016-01-29,48.49598693847656,48.49598693847656,47.53645466371841,48.17907670342308,83611700
2016-02-01,48.161476135253906,48.495992908780906,47.976612928079675,48.311129701606674,44208500
2016-02-02,46.6561393737793,47.76532158699026,46.34803413624715,47.686094046182674,56313800
2016-02-03,45.91669845581055,46.9994729620772,45.124422788739174,46.87623082677639,57559800
2016-02-04,45.775840759277344,46.48888871848053,45.221247902119316,45.86386987903769,46987100
2016-02-05,44.15607833862305,45.77583892729739,43.62789692500783,45.723019442697655,62009000
2016-02-08,43.49584197998047,43.636690555195,42.421869495160365,43.61908406353132,59290500
2016-02-09,43.38140869140625,44.226503641597716,42.84442235952376,43.152530977832726,46740500
2016-02-10,43.75994110107422,44.35854850101882,43.59268443506741,43.918396198594586,38237000
2016-02-11,43.742332458496094,44.11206212059044,42.70357280712469,42.85322632881145,48878600
2016-02-12,44.45539093017578,44.6138460575845,43.79516235200485,44.235314737452136,34243300
2016-02-16,45.29767608642578,45.29767608642578,44.44651680981918,45.12921853653686,37291200
2016-02-17,46.476898193359375,46.787219088305356,45.61687392282316,45.652339747766796,40789000
2016-02-18,46.27296447753906,46.946801472710945,46.19316808027414,46.397094837222866,27176000
2016-02-19,45.94491958618164,46.35276638414147,45.68779745529993,46.077914724832695,33559100
2016-02-22,46.680816650390625,46.991134107652854,46.35276290162013,46.35276290162013,25008300
2016-02-23,45.37746810913086,46.432550649408526,45.200142431366665,46.40595298151599,28895300
2016-02-24,45.53706741333008,45.661194390909614,44.50858239340562,44.94302681493399,33014500
2016-02-25,46.19316864013672,46.19316864013672,44.87209906988064,45.86511828394116,26939500
2016-02-26,45.483863830566406,46.7074073315738,45.306538146300596,46.63647570498503,35975900
2016-02-29,45.11150360107422,45.79420559977765,44.91644492081391,45.528215260438074,31654000
2016-03-01,46.61874771118164,46.62761247369324,45.14694685099589,45.19128081017255,33024500
2016-03-02,46.94679641723633,46.95566117944162,46.246361825804726,46.468018085204136,29289900
2016-03-03,46.41482162475586,46.96453161001383,45.90944559930077,46.96453161001383,24427800
2016-03-04,46.13111877441406,46.50350320354103,45.84739891517805,46.459172609699316,33034200
2016-03-07,45.244468688964844,45.92717028479383,44.84549017981517,45.714382197541426,38407800
2016-03-08,45.794185638427734,46.219765260773286,44.86322662095276,45.04055230914829,33835100
2016-03-09,46.849266052246094,46.85813081424897,45.98037394110441,46.00697160931908,28251600
2016-03-10,46.148841857910156,46.93793775970756,45.359745956112754,46.92907299571056,38387800
2016-03-11,47.05320358276367,47.05320358276367,46.441433353989176,46.99114008341874,32275700
2016-03-14,47.1418571472168,47.514241465371434,46.66308214131298,46.73401039388126,24083600
2016-03-15,47.51424789428711,47.51424789428711,46.760617774970804,46.76948253941385,21104800
2016-03-16,48.188072204589844,48.409728476703336,47.34578107632363,47.390111654305066,31691700
2016-03-17,48.462928771972656,48.76438144711581,47.877756329895526,48.06394679278225,28223900
2016-03-18,47.42556381225586,48.737768159422565,47.39009800720141,48.69343421200184,67625500
2016-03-21,47.753631591796875,47.81569508233333,46.92906992357648,47.212789703802144,23925700
2016-03-22,47.939815521240234,48.099408298613966,47.39897370705215,47.531968815598965,23124100
2016-03-23,47.85116958618164,48.09055882836383,47.64724616851693,47.97529658978563,20129000
2016-03-24,48.0639533996582,48.17035086353866,47.638373690757,47.73590300821065,19950000
2016-03-28,47.469913482666016,48.134882375142716,47.28372300450215,48.06395073648599,17025100
2016-03-29,48.50727081298828,48.6402659648788,47.39012438949532,47.57631489637628,23924300
2016-03-30,48.8087158203125,49.33182481542065,48.675724071716196,48.70232174499412,23008300
2016-03-31,48.96831512451172,49.28750077504265,48.640264709113644,48.720061121746376,26360500
2016-04-01,49.26976013183594,49.30522595015355,48.38313496713534,48.80871464032683,24399200
2016-04-04,49.145633697509766,49.34955708179822,48.764384601864116,49.145633697509766,18928800
2016-04-05,48.37425994873047,49.03036053748552,48.28559542173258,48.93283124889077,19272300
2016-04-06,48.87077713012695,48.94170876530908,48.06394838206612,48.19694350692935,21188700
2016-04-07,48.285606384277344,48.68458839083625,48.081682999193156,48.64912257198509,19225100
2016-04-08,48.25014114379883,49.01263934720552,48.16147997781481,48.47179744096558,22167200
2016-04-11,48.15261459350586,48.89737987767583,48.14374644769774,48.31220739598561,21414200
2016-04-12,48.454078674316406,48.56933753925124,47.66497924010433,48.20582126645559,24944300
2016-04-13,49.07470703125,49.15450344033362,48.66686022135906,48.87078362630453,20818000
2016-04-14,49.083560943603516,49.278619527508766,48.82643887976587,48.95943398373872,20877100
2016-04-15,49.340694427490234,49.580080258518336,48.86191600102048,49.03037357379757,28793800
2016-04-18,50.05885314941406,50.17411536130873,48.95057175636713,49.19882908831,23786000
2016-04-19,49.996788024902344,50.333706504374454,49.36728502599345,50.2095795335706,29596800
2016-04-20,49.28749084472656,50.09431957336327,49.19882968508991,49.90812910880244,36195700
2016-04-21,49.45594787597656,49.85492985451944,49.136762293142255,49.473680784156954,38909100
2016-04-22,45.909454345703125,46.48576211087261,45.01396433170558,46.02471657517841,126834100
2016-04-25,46.20204162597656,46.219774536575535,45.77646191822183,45.90945367440382,33226900
2016-04-26,45.607994079589844,46.4148227880115,45.29767664643012,46.33502639345523,33532600
2016-04-27,45.1646728515625,45.66118403144018,44.81888966898218,45.64345112692251,43369300
2016-04-28,44.24260711669922,45.01397023810841,43.94115435696809,44.88097508032422,43134800
2016-04-29,44.21599578857422,44.55291429644077,43.75495029944278,43.75495029944278,48411700
2016-05-02,44.87209701538086,44.99622398867937,44.13619655624488,44.331255161260465,33114500
2016-05-03,44.13619613647461,44.69477089321178,43.97660334883542,44.6327074071528,26460200
2016-05-04,44.21599578857422,44.38445673361078,43.85247960820993,44.18939811607648,24257600
2016-05-05,44.278053283691406,44.59723883927095,44.09186283700537,44.215989801462726,25390700
2016-05-06,44.67704772949219,44.67704772949219,44.02981167499643,44.26033276174827,24787300
2016-05-09,44.393310546875,44.85435592228382,44.33124707155129,44.765694781023015,17951600
2016-05-10,45.23562240600586,45.3065506699946,44.499721796656296,44.62385217749892,22891000
2016-05-11,45.2622184753418,45.909454503968675,45.217887889146766,45.33315011901939,24039100
2016-05-12,45.67005920410156,45.936049450299315,45.14695023929591,45.39520757693338,24102800
2016-05-13,45.2888298034668,46.015862405004626,45.25336397358503,45.60801212577965,22592300
2016-05-16,45.953773498535156,46.069032308644275,44.9962169141448,45.04054748589491,20032000
2016-05-17,45.0966682434082,46.18591774122786,44.96274630234282,46.176990974168724,27803500
2016-05-18,45.3645133972168,45.659144356269884,44.909169997958436,45.06987903230108,24907500
2016-05-19,44.927024841308594,45.194872084105356,44.480611634693155,45.06095016563821,23842400
2016-05-20,45.19488525390625,45.730583301464804,44.99846570174523,45.06989006456829,23905800
2016-05-23,44.66810989379883,45.24844849658749,44.623469248783444,45.17702073987256,26118700
2016-05-24,46.060916900634766,46.16805512147914,44.99845464642672,45.266301901468964,34757900
2016-05-25,46.534114837646484,46.86446308500916,46.23948387248778,46.355548861802845,24040200
2016-05-26,46.32876205444336,46.409116567897826,45.855565145135074,46.364475928392565,24335200
2016-05-27,46.71268844604492,46.71268844604492,46.221634486636866,46.355556436004555,17721400
2016-05-31,47.319801330566406,47.319801330566406,46.49840264039703,46.65910826623934,37653100
2016-06-01,47.18586730957031,47.2751519806597,46.81980867275871,46.81980867275871,25324800
2016-06-02,46.85553741455078,47.08767422720844,46.284128961644306,46.998389527777405,22840800
2016-06-03,46.23948287963867,46.801961093554006,46.06984367359147,46.76625062384222,23368300
2016-06-06,46.54304504394531,46.73946455224156,46.32876519160257,46.41804988252151,18243300
2016-06-07,46.51626205444336,47.07874373654138,46.51626205444336,46.64126063280304,20866800
2016-06-08,46.46269607543945,46.81982466418932,46.310913785676846,46.44483913512249,21149400
2016-06-09,46.087703704833984,46.42697873383825,45.971638710220645,46.42697873383825,20305700
2016-06-10,45.96271514892578,46.471626062700864,45.569872652321806,45.57879942016727,25833200
2016-06-13,44.76631546020508,45.2841564105951,43.80206471259471,44.26633485250431,83217800
2016-06-14,44.48954772949219,44.730607896000535,44.25741092386224,44.552045314270345,42577100
2016-06-15,44.364540100097656,44.748455703020845,44.364540100097656,44.44489460782256,33757600
2016-06-16,44.98952865600586,45.060956413782485,44.2038403497778,44.21277052243135,31188600
2016-06-17,44.75740051269531,45.025247824096276,44.480623027591754,45.00739088255443,45710500
2016-06-20,44.70381546020508,45.38236539937994,44.66810158848803,45.212726211655095,35607900
2016-06-21,45.70378494262695,45.91806479011249,44.78417478511484,44.819888660672866,34097800
2016-06-22,45.52521896362305,45.94484504945209,45.48950509074242,45.605573474673264,28816800
2016-06-23,46.34661865234375,46.48054397574222,45.66807208158554,45.7841370622776,29028800
2016-06-24,44.48954772949219,45.48058231920133,44.212770278429694,44.47169079014658,133503000
2016-06-27,43.239585876464844,43.88242201971437,42.891384100825576,43.837777971873294,50216300
2016-06-28,44.14133834838867,44.168125457806376,43.453861574952874,43.67706818687894,38140700
2016-06-29,45.12345886230469,45.284167928760326,44.462765655113344,44.56097712970994,31304000
2016-06-30,45.68593215942383,45.8020005626111,45.08774001581045,45.284162943379236,28527800
2016-07-01,45.67700958251953,46.17699371407405,45.596655050767254,45.65022587388986,21400400
2016-07-05,45.68593215942383,45.784143623208216,45.30201988278212,45.382374407163624,24806400
2016-07-06,45.87342834472656,46.016280454162995,44.98952857605784,45.33773037994272,28167500
2016-07-07,45.87342834472656,46.078778039175006,45.596650892628425,45.909138817688465,19585200
2016-07-08,46.69483184814453,46.74840267180329,46.025211878794856,46.185920943907846,28391000
2016-07-11,46.9537467956543,47.168026658909014,46.84660856695838,46.873392272666635,22269200
2016-07-12,47.507301330566406,47.6769405598981,47.13231580315276,47.266237746144874,27317600
2016-07-13,47.77513885498047,48.087630136467375,47.48050791594343,47.819782899380314,25356800
2016-07-14,47.98051071166992,48.203717397625866,47.83765856889267,48.0697920237068,24545500
2016-07-15,47.94478988647461,48.21263718968912,47.50730334672908,48.167996540130574,32024400
2016-07-18,48.17692184448242,48.51619690137685,47.81086307983899,47.94478843031033,31433900
2016-07-19,47.40016174316406,48.12335247580352,47.25730963119536,47.95371325130988,53336500
2016-07-20,49.91793441772461,50.748263417347694,49.578659360514614,50.132214297505435,89893300
2016-07-21,49.8197135925293,50.20362922588883,49.78399971829527,49.980422620719914,32776700
2016-07-22,50.507205963134766,50.56077679105113,49.80187205528864,50.06972278900691,32157200
2016-07-25,50.65005111694336,50.65898128996363,50.230421537431106,50.41791770636274,25610600
2016-07-26,50.676815032958984,51.150015248200006,50.45360847670661,50.462538646239295,28079000
2016-07-27,50.16791915893555,50.71254386181768,50.096494810909554,50.54290805512601,32327500
2016-07-28,50.18578338623047,50.32863550889262,49.748300250642835,49.99829061383577,37550400
2016-07-29,50.60540771484375,50.67683206580263,50.042926050392396,50.23041880325521,30558700
2016-08-01,50.516136169433594,50.667915073164245,50.12329024285814,50.53398970622015,26003400
2016-08-02,50.516136169433594,50.80184044010834,50.27507255245236,50.757196380551264,35122000
2016-08-03,50.86433029174805,50.98932546540329,50.43577395098876,50.605409771540444,22075600
2016-08-04,51.23930740356445,51.355375791137035,50.59647129499319,50.71253968256577,26587700
2016-08-05,51.74824142456055,51.97144812850278,51.29290124709855,51.47146729142514,29335200
2016-08-08,51.837520599365234,51.86430431109406,51.58752680172947,51.837520599365234,19473500
2016-08-09,51.962520599365234,52.23036795900787,51.80181150240686,51.935733479296196,16920700
2016-08-10,51.801795959472656,52.06964323874872,51.623229971334304,51.926791129410624,15756900
2016-08-11,52.051788330078125,52.18571367787254,51.81072474756601,51.81072474756601,18162300
2016-08-12,51.73036575317383,51.95357237631537,51.44466154802167,51.81072027373929,21655200
2016-08-15,51.89107894897461,52.230353996955465,51.74822683496105,51.79286748199097,19283900
2016-08-16,51.60359573364258,51.76530644398901,51.4508708555881,51.75632403878794,20523500
2016-08-17,51.71141052246094,51.81921653151064,51.41493971371021,51.69344228310412,18856400
2016-08-18,51.7473258972168,51.837167063311206,51.45085861683041,51.58561522533692,14214300
2016-08-19,51.76530456542969,51.864128154509636,51.38798187304161,51.59461145607662,17271000
2016-08-22,51.81021499633789,51.882087931982895,51.44187476888274,51.747327891193606,15221900
2016-08-23,52.007869720458984,52.26840400949988,51.971933247400095,52.01685555226906,18732400
2016-08-24,52.06177520751953,52.14263055956415,51.85514562498123,51.92701514508159,18151500
2016-08-25,52.25941848754883,52.36722790736472,51.909046440873965,51.99888762405388,18552600
2016-08-26,52.13365173339844,52.73557575219352,51.8281985209706,52.358249582916216,20971200
2016-08-29,52.1965217590332,52.64571731092536,52.1965217590332,52.268394692339186,16417200
2016-08-30,52.007869720458984,52.27738641421926,51.75632126322816,52.08872507129614,16930200
2016-08-31,51.62156295776367,51.92701613496722,51.477820487732046,51.792259497051155,20860300
2016-09-01,51.73835754394531,51.94498714143859,51.21728892036931,51.21728892036931,26075400
2016-09-02,51.81021499633789,52.27737879675981,51.58561721308255,51.81021499633789,18900500
2016-09-06,51.756309509277344,51.92700257690631,51.39695171448065,51.90903434445749,16278400
2016-09-07,51.801231384277344,51.96294205861529,51.57663360626242,51.630538306738444,17493400
2016-09-08,51.594600677490234,51.91802201888047,51.3700029045348,51.774279581272594,20146100
2016-09-09,50.49856948852539,51.67546321662855,50.49856948852539,51.019638039424514,35113900
2016-09-12,51.25321960449219,51.39696206594293,49.9595374514355,50.30990948702852,29303000
2016-09-13,50.78605270385742,50.893862113801276,50.35482534535323,50.75910206491666,30130200
2016-09-14,50.543487548828125,50.87589476128521,50.33685798348723,50.66027936474792,24062500
2016-09-15,51.37898254394531,51.52272497382153,50.29193020381331,50.44465846329483,26847000
2016-09-16,51.43290328979492,51.77429295243928,50.98370762787532,51.77429295243928,44607000
2016-09-19,51.145416259765625,51.882096841178736,51.0735433117786,51.450869434528926,20937100
2016-09-20,51.037601470947266,51.52273007790748,50.983696769244936,51.52273007790748,17384000
2016-09-21,51.891075134277344,51.97193048081037,51.28017226024954,51.66647733025121,33707300
2016-09-22,51.94498062133789,52.106691316833235,51.774287521466384,52.03481837346172,19822200
2016-09-23,51.594600677490234,52.02582799031387,51.54968180831716,51.989891524139395,19955300
2016-09-26,51.11846160888672,51.33407358175701,51.05557449787534,51.2801723020847,21688700
2016-09-27,52.06177520751953,52.160598796361924,50.9208178740414,51.14541569337747,28065100
2016-09-28,52.13365173339844,52.16060580576259,51.81023028175824,51.99889507994249,20536400
2016-09-29,51.567657470703125,52.25941569522752,51.396960945327294,51.93599773433284,25463500
2016-09-30,51.7473258972168,51.900054166032255,51.513745719551466,51.7203752609335,29910800
2016-10-03,51.58561706542969,51.702408871973425,51.26219913722348,51.576634662044874,19189500
2016-10-04,51.423912048339844,51.74732999059289,51.1813460213323,51.45086268675501,20085900
2016-10-05,51.78327941894531,52.070764390953066,51.44188972952691,51.46884380177784,16726400
2016-10-06,51.873111724853516,51.98091771410832,51.45984914971063,51.873111724853516,16212600
2016-10-07,51.92701721191406,52.08872792243981,51.58562755334961,51.97193609215102,20089000
2016-10-10,52.14262008666992,52.45705559974945,51.98989181810982,52.025828284487496,18196500
2016-10-11,51.37898254394531,52.12464875505247,51.10946591631364,52.007856959812464,26497400
2016-10-12,51.307125091552734,51.45086755518553,50.66926812337537,51.307125091552734,22177500
2016-10-13,51.13643264770508,51.47782231128262,50.59739922276448,50.938788886342024,25313700
2016-10-14,51.58561706542969,51.87310538009663,51.31610041171276,51.31610041171276,27402500
2016-10-17,51.405941009521484,51.621552959261955,51.091502061105594,51.53171521805179,23830000
2016-10-18,51.801231384277344,52.06176562927627,51.57663360626242,51.68443958012435,19149500
2016-10-19,51.684452056884766,51.96295460260694,51.56766365162887,51.630550770486956,22878400
2016-10-20,51.43290328979492,51.675469358482424,50.90285227164615,51.65750112075472,49455600
2016-10-21,53.59800720214844,54.30773691834748,53.445282376355834,54.15500866546516,80032200
2016-10-24,54.80187225341797,54.80187225341797,53.840593784779394,53.84957619034351,54067000
2016-10-25,54.792877197265625,55.134263363339144,54.622180687138645,54.667099558770396,35137200
2016-10-26,54.469459533691406,54.98154224463452,54.32571707846335,54.63117022420928,29911600
2016-10-27,53.99331283569336,54.649141465023426,53.98433043109968,54.45149429305597,28479900
2016-10-28,53.786685943603516,54.370641656966534,53.52615507229602,53.912460176736275,33574700
2016-10-31,53.831607818603516,54.2808034916977,53.831607818603516,54.04722324960877,26434700
2016-11-01,53.723785400390625,53.9214325328266,53.229670996390645,53.87651366466114,24533000
2016-11-02,53.39139175415039,53.84058737488052,53.27459993317519,53.74176378998539,22147000
2016-11-03,53.1937370300293,53.5800454831627,53.103899289477866,53.48122191230205,21600400
2016-11-04,52.744544982910156,53.25662767772751,52.57385189366782,52.69064370582855,28697000
2016-11-07,54.280799865722656,54.37064105059468,53.70582999090484,53.70582999090484,31664800
2016-11-08,54.32571029663086,54.60420934112999,54.03822542206335,54.397579801727716,22935400
2016-11-09,54.05619812011719,54.43352421500717,53.18476096620824,53.903473257557565,49632500
2016-11-10,52.735557556152344,54.34367842633052,51.77427936606596,54.33469259627923,57822400
2016-11-11,53.02305221557617,53.112889970128464,52.11567512998099,52.31332230250482,38767800
2016-11-14,52.214500427246094,53.076958663826794,51.459851612169714,53.02305395307463,41328400
2016-11-15,53.24557876586914,53.806346655747745,52.74812627343816,52.75717280889169,35904100
2016-11-16,53.951053619384766,53.960096703497804,53.191306894937505,53.308884239616745,27332500
2016-11-17,54.846473693847656,55.12685763738979,54.240486930690494,54.63844823260375,32132700
2016-11-18,54.58417892456055,55.298703405322584,54.53895659861509,54.97309713812761,27686300
2016-11-21,55.04545211791992,55.14494329881582,54.64748739433634,54.71984587143957,19652600
2016-11-22,55.280609130859375,55.407233012943195,55.000228663457214,55.153985248775555,23206700
2016-11-23,54.62939453125,55.26251387711308,54.49372412842696,55.18111232546759,21848900
2016-11-25,54.746986389160156,54.746986389160156,54.38520430273384,54.53896091316044,8409600
2016-11-28,54.8193473815918,55.190176021013485,54.45756182839091,54.57514265071761,20732600
2016-11-29,55.253475189208984,55.54290218469698,54.73793313785588,54.85551393297349,22366700
2016-11-30,54.50278091430664,55.33488625701922,54.466605121335036,55.04545921179116,34655400
2016-12-01,53.54405212402344,54.403290125934674,53.3088905065358,54.36711088474545,34542100
2016-12-02,53.58926773071289,53.78825008206046,53.18225994397555,53.43551115030207,25515700
2016-12-05,54.46660232543945,54.80125168238561,53.86965864401875,53.99628253852581,23552700
2016-12-06,54.222408294677734,54.68368163692711,54.086737838005135,54.656548925689805,19907000
2016-12-07,55.50672149658203,55.51576803071562,54.08671925889175,54.27665507279486,30809000
2016-12-08,55.18112564086914,55.69667122585467,55.027369034126565,55.44341997615735,21220800
2016-12-09,56.04941177368164,56.06750139560799,55.28966490398778,55.334887233682366,27349400
2016-12-12,56.23029708862305,56.34787789765079,55.82329270010963,55.91373735305876,20198100
2016-12-13,56.962921142578125,57.360882515366924,56.29362231333137,56.528780522196804,35718900
2016-12-14,56.69157791137695,57.388012830499,56.55590747184622,56.98100496214941,30352700
2016-12-15,56.60112762451172,57.11666972308463,56.34787639258235,56.709661895200156,27669900
2016-12-16,56.34788131713867,56.935781947711966,56.18507817175661,56.935781947711966,42453100
2016-12-19,57.541770935058594,57.67744137811023,56.45641774137359,56.58304509833504,34338200
2016-12-20,57.46941375732422,57.70457193958906,57.008137028305704,57.60508074508535,26028400
2016-12-21,57.46941375732422,57.61412728108163,57.08953860105941,57.36992256282052,17096300
2016-12-22,57.47845458984375,57.97590709261888,57.35183069280016,57.74074891957257,22176600
2016-12-23,57.19807434082031,57.46941175714144,56.80010957665639,57.38801018722086,12403800
2016-12-27,57.23426055908203,57.94878519741054,57.170948598748424,57.170948598748424,11763200
2016-12-28,56.971961975097656,57.34279060018315,56.827248449460456,57.34279060018315,14653300
2016-12-29,56.89055633544922,57.16189374534678,56.7367962846871,56.854377094064915,10250600
2016-12-30,56.20317077636719,56.97196421486084,56.103679576659786,56.94482805569526,25579900
2017-01-03,56.60112762451172,56.83628578604371,56.19411979662725,56.79106346077705,20694100
2017-01-04,56.34788131713867,56.754889180593835,56.18507817175661,56.510684462520736,21340000
2017-01-05,56.34788131713867,56.6734876079028,56.10367659906558,56.24839012271157,24876000
2017-01-06,56.83629608154297,57.11668006937349,56.11272839548036,56.34788659960963,19922900
2017-01-09,56.6553955078125,57.053360268112186,56.564950853331155,56.76392978323859,20382700
2017-01-10,56.637306213378906,57.04431406137615,56.32978955603015,56.73679740402739,18593000
2017-01-11,57.1528434753418,57.18902271436204,56.46545518516782,56.628258310516784,21517300
2017-01-12,56.628265380859375,57.34278991463182,56.03132166346225,57.035273245048906,20968200
2017-01-13,56.70966720581055,56.86342381616427,56.39310399881465,56.637308718414026,19422300
2017-01-17,56.55589294433594,56.70965296632394,56.103662862387964,56.69156334901702,20664000
2017-01-18,56.528778076171875,56.709670856064186,56.18508213940077,56.68253469642252,19670100
2017-01-19,56.34788131713867,56.962914655194794,56.25743665870088,56.29361590217302,18451700
2017-01-20,56.74584197998047,56.81819701143544,56.41118917749403,56.6825265833742,30213500
2017-01-23,56.944828033447266,57.089541564717116,56.59208901661719,56.70966983897479,23097600
2017-01-24,57.451316833496094,57.65029919721278,56.92672822014922,57.16188982276751,24672900
2017-01-25,57.596031188964844,57.975902852312124,57.38800573757341,57.840235879791884,23672700
2017-01-26,58.129669189453125,58.37387737146158,57.47846002165398,57.99400564443231,43554600
2017-01-27,59.49541091918945,59.612995201159144,58.69044162171925,59.14267187425244,44818000
2017-01-30,58.90751266479492,59.504459935239936,58.609045930058734,59.414015261062715,31651400
2017-01-31,58.473358154296875,58.925588291761684,58.120619199113065,58.66329398397398,25270500
2017-02-01,57.505592346191406,58.44623196502781,57.4061011528203,58.211070335197455,39671500
2017-02-02,57.13475799560547,57.351829995213045,56.754886309095205,57.20711647888879,45827000
2017-02-03,57.596031188964844,57.61412080868265,57.04430986341956,57.43322806174682,30301800
2017-02-06,57.55984878540039,57.56889531988308,57.10761866804151,57.43322490457862,19796400
2017-02-07,57.36992645263672,57.68648622911876,57.18903367311436,57.65031043340853,20277200
2017-02-08,57.28852844238281,57.713625983199684,57.17999414800683,57.496553944204706,18096400
2017-02-09,57.939720153808594,58.283419457685376,57.27042151541876,57.45131425155508,22644400
2017-02-10,57.88547134399414,58.15681225111348,57.86738172016999,58.11158646643162,18170700
2017-02-13,58.53668212890625,58.6633060413834,58.0030468687648,58.102538071494806,22920100
2017-02-14,58.75505065917969,58.89154357064977,58.25457896456198,58.60946331131136,23108400
2017-02-15,58.718658447265625,58.75505702375501,58.381983763796406,58.691361250478245,17005200
2017-02-16,58.70955276489258,59.36471320904923,58.63676255956703,58.90974144975357,20546300
2017-02-17,58.800559997558594,58.864255774104194,58.509378313018864,58.66406706429832,21248800
2017-02-21,58.6822624206543,59.100835654992245,58.64586384258332,58.79145815486725,20655900
2017-02-22,58.56398010253906,58.59127730417333,58.28189976255845,58.53668290090479,19292700
2017-02-23,58.800559997558594,58.90065435246153,58.40928395811593,58.61856710577191,20273100
2017-02-24,58.800559997558594,58.96435012900713,58.363783999589515,58.718661460674845,21796800
2017-02-27,58.445682525634766,58.72776282995311,58.281892394216605,58.72776282995311,15871500
2017-02-28,58.218196868896484,58.41838212030526,58.01800814632801,58.30919332059111,23239800
2017-03-01,59.09175109863281,59.137244122089776,58.254597547647826,58.354691918501246,26937500
2017-03-02,58.24549865722656,58.91885505688434,58.12720500333434,58.86426065598006,24539600
2017-03-03,58.46388626098633,58.49118346286618,57.89062072338961,58.22730241198766,18135900
2017-03-06,58.4820671081543,58.74595156262978,58.063497392244095,58.20908821692728,18750300
2017-03-07,58.600379943847656,58.94615607583987,58.40929258598459,58.40929258598459,18521000
2017-03-08,59.137229919433594,59.219128449699134,58.4638736300341,58.4729750094677,21510900
2017-03-09,58.900657653808594,59.32832535326015,58.67317173306401,59.3192309149003,19846800
2017-03-10,59.08264923095703,59.38293234104695,58.918859074755254,59.2464393871588,19538200
2017-03-13,58.8824577331543,59.319233776676086,58.75506616677704,59.15544362814538,20100000
2017-03-14,58.60947799682617,58.73686956150009,58.372890687151916,58.718666799506906,14280200
2017-03-15,58.918846130371094,59.07353487104343,58.463874345580585,58.736860193382284,24833800
2017-03-16,58.81877136230469,58.92796712623886,58.509393777972406,58.91886574366414,20674300
2017-03-17,59.02805709838867,59.36473186297575,58.85516555398755,59.064455683647864,49219700
2017-03-20,59.08264923095703,59.3101351733306,58.89156187244163,59.06445341018795,14598100
2017-03-21,58.427486419677734,59.60131467147679,58.3546892546856,59.31923433503198,26640500
2017-03-22,59.17364501953125,59.27373939429767,58.345599760114865,58.345599760114865,20680000
2017-03-23,59.02805709838867,59.36473186297575,58.93705716408053,59.09175288701219,19269200
2017-03-24,59.128150939941406,59.55581869266605,58.92796219397825,59.473927083310336,22617100
2017-03-27,59.23733901977539,59.34653477321938,58.55488118097079,58.809664330019956,18614700
2017-03-28,59.410213470458984,59.57400358234881,58.827850170921415,59.10993044160795,20080400
2017-03-29,59.57402038574219,59.60131758837023,59.10084573245587,59.25554145121492,13618400
2017-03-30,59.79240036010742,60.03808904954371,59.473921450022935,59.528515851088976,15122800
2017-03-31,59.92890548706055,60.22918863860253,59.555825157753056,59.73781810216682,21040300
2017-04-03,59.64680862426758,60.00168608994174,59.31922835713465,59.88338897317098,20400900
2017-04-04,59.810604095458984,59.883394317291874,59.40112525384053,59.501219618970396,12997400
2017-04-05,59.65589904785156,60.37475531111315,59.54671026103419,60.329262297378776,21448600
2017-04-06,59.810604095458984,60.1108802485289,59.58311816422196,59.692306968131135,18103500
2017-04-07,59.76511001586914,60.01989317316563,59.5467254442322,59.91979879818195,14108500
2017-04-10,59.62862014770508,59.89250470068221,59.47393135736974,59.70141732279961,17952700
2017-04-11,59.5831184387207,59.70140862427383,59.00984944627776,59.69230724313291,18791500
2017-04-12,59.355628967285156,59.61041208548151,59.24643322706416,59.52851354473594,17108500
2017-04-13,59.100833892822266,59.92888589903012,59.100833892822266,59.410218326041466,17896500
2017-04-17,59.5831184387207,59.59221287754191,59.15544377525366,59.18274097635671,16689300
2017-04-18,59.50121307373047,59.792394755990564,59.29192992771295,59.44661867778136,15155600
2017-04-19,59.182735443115234,59.828794597323636,59.04624250804156,59.73780162138087,26992800
2017-04-20,59.60131072998047,59.82879664879719,59.27373045149885,59.56491214989148,22299500
2017-04-21,60.42025375366211,60.693232656186105,59.555803206540055,59.755991900448706,32522600
2017-04-24,61.448490142822266,61.56678725380151,61.05721411747596,61.40299712825378,29770000
2017-04-25,61.80337142944336,61.91256716736306,61.512189737309974,61.78517561094965,30242700
2017-04-26,61.72148132324219,62.158250400830134,61.530393984007546,61.94896724266238,26190800
2017-04-27,62.12184143066406,62.22193577385355,61.493985118851484,62.01265265068874,34971000
2017-04-28,62.294742584228516,62.91350455522787,61.59408901554594,62.70422139960235,39548800
2017-05-01,63.159183502197266,63.28657504051277,62.33113156082828,62.49492167327939,31954400
2017-05-02,63.05909729003906,63.43217057397797,62.904401594436045,63.43217057397797,23906100
2017-05-03,62.85890579223633,63.13188470787901,62.5222241597264,63.13188470787901,28928000
2017-05-04,62.61322784423828,62.85891654690273,62.458539071342855,62.81341658201822,21749400
2017-05-05,62.786109924316406,62.813407122208126,62.32203673320043,62.695116950571034,19128800
2017-05-08,62.73151397705078,62.83160832839082,62.2583394175672,62.758811174267386,18566100
2017-05-09,62.822513580322266,63.04089812342732,62.49493329450496,62.65872343741361,22858400
2017-05-10,63.068180084228516,63.295665953171564,62.71330268406279,62.77699844967413,17977800
2017-05-11,62.294742584228516,62.540431261916666,61.98536506988846,62.20374960602963,28789400
2017-05-12,62.221961975097656,62.43125212871128,61.91258437846657,62.43125212871128,18714100
2017-05-15,62.26742935180664,62.31292930034995,61.48487744462031,62.003544923353815,31530300
2017-05-16,63.52121353149414,63.54866719472512,62.3772643494584,62.44132522436793,34956000
2017-05-17,61.75493621826172,63.23748942156606,61.709175472582906,63.045306857512145,30548800
2017-05-18,61.96547317504883,62.34983863987304,61.44383233504008,61.6817758532189,25201300
2017-05-19,61.9471435546875,62.322355287283074,61.70920014980232,61.77326103010461,26961100
2017-05-22,62.642635345458984,62.68839609165438,61.77323702462294,62.130148502196434,16237600
2017-05-23,62.85313034057617,62.91719120142412,62.5785798043077,62.88973754421931,15425800
2017-05-24,62.93551254272461,63.036180641174866,62.6426617969,63.02703407376123,14593900
2017-05-25,63.71339416503906,63.95133056034603,63.063631887802664,63.11853921254866,21854100
2017-05-26,64.02452850341797,64.26247181959694,63.621856273285815,63.87810668107608,19827900
2017-05-30,64.43638610839844,64.43638610839844,63.850677583384815,63.8689846840391,17072800
2017-05-31,63.914730072021484,64.73837494039542,63.88727640676105,64.5461923014602,30436400
2017-06-01,64.15267944335938,64.61941274254912,63.5578243729588,64.28080121457023,21603600
2017-06-02,65.67182159423828,65.76333611147184,64.28077579669173,64.46381181326896,34770300
2017-06-05,66.14771270751953,66.70596043588701,65.71758672184839,65.8640155604221,33316800
2017-06-06,66.36737060546875,66.4588921504503,66.13858070724206,66.16604136000468,31511100
2017-06-07,66.24838256835938,66.59614059614795,65.84571023357466,66.47717239819406,22301800
2017-06-08,65.84571838378906,66.367358981095,65.43389943195736,66.35821241388976,24588300
2017-06-09,64.35401916503906,65.96470192523569,62.77079007415667,65.92809470544562,49187400
2017-06-12,63.85982894897461,64.00625782074675,62.34981437386063,63.374795529926956,47761700
2017-06-13,64.656005859375,64.81158126447086,64.02454370890068,64.07945103255537,25258600
2017-06-14,64.30823516845703,65.06781899500588,63.53950477684909,64.89394349144354,25510700
2017-06-15,63.96963882446289,64.25333598364487,62.96296495377728,63.39308397565873,26068700
2017-06-16,64.0611572265625,64.0886108910931,63.34733402031873,63.81406726367506,48345100
2017-06-19,64.85733032226562,64.92139118234357,64.38144366273512,64.51871892921932,23798300
2017-06-20,63.97880935668945,64.85736171244282,63.94220213576888,64.81160094076374,21512200
2017-06-21,64.30823516845703,64.62854648040441,64.00623793296005,64.25332784965953,19891100
2017-06-22,64.29911804199219,64.60111541575512,63.795777448864094,64.5553616231796,22965700
2017-06-23,65.16852569580078,65.20513292406808,63.987968767111234,64.1435442506611,27617300
2017-06-26,64.54620361328125,65.6260921894876,64.46384260306607,65.3423949559285,19607000
2017-06-27,63.33818435668945,64.22589013556285,63.310730690474806,64.16182925369118,25215100
2017-06-28,63.878143310546875,63.91474355053765,62.95383015322154,63.33819551214798,25806200
2017-06-29,62.679290771484375,63.59445054264041,62.31322546659897,63.49378240924405,28918700
2017-06-30,63.08193588256836,63.49375480771979,62.90805336736082,62.94466058014724,24161100
2017-07-03,62.386417388916016,63.69509566823588,62.2491420764059,63.448005691407616,16165500
2017-07-05,63.219215393066406,63.548673347962115,62.432177721050266,62.46878493627339,21176300
2017-07-06,62.75247573852539,62.944658362298654,62.34065682788436,62.47792514335693,21117600
2017-07-07,63.56697463989258,63.914732717773816,62.871451502017585,62.871451502017585,16878300
2017-07-10,64.04286193847656,64.2899519199897,63.329031696312086,63.56697511036691,15014500
2017-07-11,64.0519790649414,64.68344103494655,63.832342850982414,64.06113261030492,17460000
2017-07-12,65.11358642578125,65.23255462274561,64.56449223516748,64.69261398024031,17750900
2017-07-13,65.68099975585938,65.92809675158288,65.26002718837825,65.43390974224934,20269800
2017-07-14,66.60531616210938,67.05374242183078,65.85488555146561,66.11112912844926,25868100
2017-07-17,67.12691497802734,67.21842948668309,66.55036728959762,66.62358168936599,21803900
2017-07-18,67.08119201660156,67.16355301757682,66.49549051373532,66.88900238343398,26435300
2017-07-19,67.59370422363281,67.75843326895739,67.21848534957091,67.26424613298367,22416200
2017-07-20,67.92313385009766,67.99634828003039,67.06288175366889,67.88652663513129,42361000
2017-07-21,67.52960205078125,67.98718167683442,66.96220080091535,67.21844427436737,46717100
2017-07-24,67.3557357788086,67.49301109610457,66.92560970960048,67.29167489501883,21394800
2017-07-25,67.89566802978516,68.00548267291302,67.26420590335566,67.53875647539746,22018700
2017-07-26,67.76753234863281,68.06952953721138,67.5478891433452,68.03292233633012,16252200
2017-07-27,66.95308685302734,68.10618304531492,66.18434907605456,67.5021812753711,36844200
2017-07-28,66.84326171875,67.09035175228578,66.38568189344265,66.50465013446151,18306700
2017-07-31,66.53204345703125,67.20926601131396,66.26665354334293,67.08114433501349,23600100
2017-08-01,66.42230224609375,67.1910331531397,66.3399342305586,66.8981822863438,22132300
2017-08-02,66.1294174194336,66.40396103862668,65.37898702226025,66.39481447213186,26499200
2017-08-03,66.02873992919922,66.29413694410734,65.75418936698783,66.06534713630145,18214400
2017-08-04,66.51380920410156,66.84326726422458,66.11113669014796,66.25756559780912,22579000
2017-08-07,66.25755310058594,66.71513287754838,66.12943132160551,66.62361831857855,18705700
2017-08-08,66.61444854736328,66.92559936851784,65.66268200518388,65.97383282633844,22044600
2017-08-09,66.32160186767578,66.35820908099522,65.93723660098959,66.12026568547482,22213400
2017-08-10,65.35153198242188,66.06535515224923,65.29661767405014,65.79995810513952,24734500
2017-08-11,66.34905242919922,66.53208150512475,65.2325569125631,65.53456117174075,21443700
2017-08-14,67.3465576171875,67.46553277368359,66.76085632740865,66.8615243911622,20096600
2017-08-15,67.36497497558594,67.70538348958331,67.19936836739681,67.70538348958331,19181400
2017-08-16,67.7605972290039,68.1746102817179,67.31897722270536,67.4753815297918,18150400
2017-08-17,66.61054229736328,67.96299501041773,66.61054229736328,67.69618399048835,22977500
2017-08-18,66.69336700439453,67.01537800416588,66.17814940476035,66.49095808473443,18761500
2017-08-21,66.3805160522461,66.68412923839051,65.96649615678311,66.6749269244534,17734800
2017-08-22,67.30976867675781,67.38336614722945,66.56453550150714,66.56453550150714,14343700
2017-08-23,66.90496063232422,67.30057604770849,66.73015169875792,67.12576711414219,13766500
2017-08-24,66.87734985351562,67.0337541269668,66.306925597075,66.92334739430754,17098300
2017-08-25,66.99697875976562,67.48459640750065,66.68417008737455,67.03378101874925,12794300
2017-08-28,67.00618743896484,67.24539161609177,66.74857862094271,67.21779167406281,14569700
2017-08-29,67.20858764648438,67.30979210032596,66.28855226197021,66.47255653114787,11478400
2017-08-30,68.0918197631836,68.27582402963162,67.00617774478947,67.17178439231782,16897800
2017-08-31,68.79103088378906,68.9658398232246,67.8986026091788,68.11020678072649,27652800
2017-09-01,68.02739715576172,68.76342102001604,67.75138381959714,68.73582109026174,21736200
2017-09-05,67.72378540039062,67.98139410959102,67.14416580468973,67.47537198843962,21556000
2017-09-06,67.53060150146484,68.11942361107054,67.4845969225559,67.84341017624334,16535800
2017-09-07,68.39542388916016,68.63463504325738,67.71459970214316,67.78820421406732,17471200
2017-09-08,68.06421661376953,68.48743202208227,67.93540521015805,68.386227574517,14703800
2017-09-11,68.78182983398438,68.94743644188823,68.36780980456918,68.36780980456918,17910400
2017-09-12,68.70823669433594,69.22345421772745,68.42302799664597,68.78184120319538,14394900
2017-09-13,69.19583892822266,69.21424356100997,68.58861941314584,68.93823022368639,13380800
2017-09-14,68.79103088378906,69.45345737079556,68.56102207687357,69.00264207464848,15733900
2017-09-15,69.2878646850586,69.36146920271061,68.14702273870508,68.84625161777285,38578400
2017-09-18,69.14984893798828,69.89507520312661,69.03944218713717,69.21425112115688,23307000
2017-09-19,69.4074478149414,69.6558541949438,69.01183245470759,69.19583666068635,16093300
2017-09-20,68.94745635986328,69.50867852548288,68.36782955509798,69.32466723059184,21587900
2017-09-21,68.27582550048828,69.22346082980475,68.18382336528228,69.10385875596825,19186100
2017-09-22,68.4598159790039,68.55181808624204,67.94459154371084,68.0733958977064,14111400
2017-09-25,67.40180206298828,68.31263523403423,67.0889863458802,68.16542618614483,24149200
2017-09-26,67.40180206298828,67.90781737165214,67.15338854950338,67.7790129644058,18019600
2017-09-27,67.94458770751953,68.23899864564545,67.31896358658815,67.66858140138861,19565100
2017-09-28,67.9630126953125,68.05501482491196,67.44778813479292,67.65939935025297,10883800
2017-09-29,68.5334243774414,68.57942894804903,67.97220230872585,68.0274091973174,17079100
2017-10-02,68.6438217163086,69.01183717273621,68.35861307174991,68.73582382558774,15304800
2017-10-03,68.32182312011719,68.89224051189308,68.25742093010015,68.69903394184199,12190400
2017-10-04,68.71743774414062,68.74503767962531,67.81580007553882,68.16541095719836,13317700
2017-10-05,69.89506530761719,70.03307197181468,68.96582792261866,69.20503900594026,21195300
2017-10-06,69.92268371582031,69.95028365209184,69.49946831459467,69.61907037820875,13959800
2017-10-09,70.18948364257812,70.42869475109798,69.7938682405039,69.89507267028878,11386500
2017-10-10,70.18948364257812,70.50229222968686,70.05147696384316,70.22628589152819,13944500
2017-10-11,70.30908966064453,70.34589191167446,69.8766719851825,70.25388979375548,15388900
2017-10-12,70.953125,71.10952931666715,70.2630985236672,70.37349826752057,16876500
2017-10-13,71.29351806640625,71.64313589741644,71.10951385378777,71.38552017271549,15335700
2017-10-16,71.44073486328125,71.58793684560895,71.16472149486346,71.22912367825273,12380100
2017-10-17,71.38552856445312,71.41313551697094,71.07271996236729,71.2751288316283,16824000
2017-10-18,71.40393829345703,71.62474479417075,71.18313179274331,71.45913816380744,13300700
2017-10-19,71.6799545288086,71.69835214655156,71.16472998094454,71.36713887267909,15092800
2017-10-20,72.50797271728516,72.65518172028338,71.96515531218036,72.05715742939844,22866400
2017-10-23,72.52637481689453,72.99558770409719,72.46197263516213,72.67357679543517,20627200
2017-10-24,72.5539779663086,72.86678657164741,72.18596247467165,72.59078021740346,17517200
2017-10-25,72.34236145019531,72.77477909457798,71.77194414850852,72.29636390419765,20410800
2017-10-26,72.46197509765625,73.06919468615261,72.45277278014994,72.8667858168833,32120700
2017-10-27,77.108154296875,79.30703804672368,76.9241500492531,77.62337882497813,71066700
2017-10-30,77.18174743652344,77.58656514484566,76.46412114945117,77.00693851350955,31756700
2017-10-31,76.52851867675781,77.61416035819461,76.46411650155862,77.61416035819461,27086600
2017-11-01,76.52851867675781,77.06214071087147,76.25250534344092,76.98853621941221,22307400
2017-11-02,77.32899475097656,77.70620569577812,76.47336136482357,76.68496562135957,23992900
2017-11-03,77.4117660522461,77.77978155933545,76.73094192668357,77.35656618294188,17633500
2017-11-06,77.71538543701172,77.92698963206628,77.35657221990833,77.46697196713244,19860900
2017-11-07,77.5313720703125,78.11099880487068,77.21856343585635,77.99138972285083,17939700
2017-11-08,77.79817199707031,77.84417656345335,77.1265502514706,77.41175890897365,18034200
2017-11-09,77.36576080322266,77.53136742899511,76.27092362885486,77.38416543903732,21178400
2017-11-10,77.16336822509766,77.37497242723319,76.5745461558234,77.08976371161019,19397800
2017-11-13,77.21854400634766,77.22774632249042,76.78612639867534,76.97013762497768,14196900
2017-11-14,77.32899475097656,77.374992319247,76.34455694276309,76.82297236479997,18801300
2017-11-15,76.72794342041016,77.38444820925226,76.45979238475958,77.18102279913361,19383100
2017-11-16,76.93134307861328,77.13476843929153,76.69093770195931,76.83887892954927,20962800
2017-11-17,76.19161987304688,76.85737300775662,76.04367159663933,76.85737300775662,22079000
2017-11-20,76.31184387207031,76.36732096393791,76.05294137060277,76.19164115483584,16315000
2017-11-21,77.41216278076172,77.52311693041739,76.50599724938955,76.50599724938955,21237500
2017-11-22,76.84814453125,77.57862346387444,76.78341890707132,77.51389783969576,20553100
2017-11-24,76.98684692382812,77.1440367229409,76.54300901829089,76.75568296469844,7425600
2017-11-27,77.55088806152344,77.65260076857854,77.02383451340349,77.0330759925436,18265200
2017-11-28,78.48480224609375,78.65124061571079,77.68959748620853,77.73583311009995,21926000
2017-11-29,77.0608139038086,78.52177181622484,76.91287263857986,78.32759493741978,27381100
2017-11-30,77.82827758789062,78.15190570945194,77.06081157492812,77.21800842359843,33054600
2017-12-01,77.91150665283203,78.42006315558649,76.94986368826083,77.30123038404925,29532100
2017-12-04,74.9710922241211,78.06868767160667,74.61971851332228,78.05943913854256,39094900
2017-12-05,75.44265747070312,76.4505358827213,74.87862396675133,75.2114935386744,26152300
2017-12-06,76.54299926757812,76.8758758906853,75.29471545820792,75.40567668409805,26162100
2017-12-07,76.27487182617188,76.56151998463474,75.82179235930316,76.32110744821715,23184500
2017-12-08,77.81903839111328,78.20739214837515,77.05157235564519,77.32896487316188,24489100
2017-12-11,78.80842590332031,78.93787716568168,77.78205728419465,77.93924709498137,22857900
2017-12-12,79.13204956054688,79.56663894000984,78.66972163423553,78.88238852978273,23924100
2017-12-13,78.91937255859375,79.52040025046941,78.75293422937533,79.27998776280634,22062700
2017-12-14,78.3091049194336,79.40019908685795,78.16115659965068,78.99334826201913,19306000
2017-12-15,80.30635833740234,80.52827376384683,78.48478520286689,78.83615893718188,53936700
2017-12-18,79.87178039550781,80.90739762474807,79.73308764323185,80.55603089470692,22283800
2017-12-19,79.36318969726562,79.8440074922699,78.8453777781508,79.8440074922699,23524800
2017-12-20,79.07657623291016,79.79781382248208,78.32760714725944,79.70534258091486,23674900
2017-12-21,79.05807495117188,79.61286704868829,78.96561077734651,79.56663848905775,17990700
2017-12-22,79.06733703613281,79.17829124191378,78.52178632430298,78.96562431112328,14145800
2017-12-26,78.96558380126953,79.08578648072266,78.62345871497115,78.8823611350621,9891200
2017-12-27,79.25225067138672,79.5019116970779,78.7991712880859,79.1967735788172,14678000
2017-12-28,79.26150512695312,79.45568202001836,79.1043153165524,79.42794347166114,10594300
2017-12-29,79.09504699707031,79.56662336487501,79.0580599236579,79.17826262132606,18717400
2018-01-02,79.47415924072266,79.80703587655391,79.05806697321536,79.64059755863828,22483800
2018-01-03,79.8440170288086,79.99196532467292,79.49265040797539,79.5758660334768,26061400
2018-01-04,80.54674530029297,81.05530867319985,80.04743045813767,80.06592046507883,21912000
2018-01-05,81.5453872680664,81.74881264787182,80.84264697089216,81.05532088284228,23407100
2018-01-08,81.62861633300781,81.90601590651588,80.99985008034515,81.5546421727971,22113000
2018-01-09,81.57315063476562,82.04472715377635,81.24027392188339,81.97075298323247,19484300
2018-01-10,81.20327758789062,81.54540279676549,80.82417235252088,81.24026466894988,18652200
2018-01-11,81.44369506835938,81.48992363158737,80.66698042774202,81.48992363158737,17808900
2018-01-12,82.8491439819336,83.01558227941423,81.78578858439413,81.98921395404409,24271500
2018-01-16,81.6933364868164,83.94949884015071,81.37895690882785,83.31148409656204,36599700
2018-01-17,83.34846496582031,83.47791620059243,82.06319409589473,82.3683321726704,25621200
2018-01-18,83.31147766113281,83.83853113112637,82.90463394778405,83.03408518219909,24159700
2018-01-19,83.21900939941406,83.78304991637512,82.90462986120643,83.34846062744812,36875000
2018-01-22,84.70772552490234,84.71697405895789,82.9786164938695,83.21902899736216,23601600
2018-01-23,84.9758529663086,85.34571662555797,84.64297637844041,84.9758529663086,23412800
2018-01-24,84.90189361572266,86.39058998901422,84.67997820333446,85.5768954405483,33277500
2018-01-25,85.37345886230469,86.21489184533438,85.00359518703944,85.5029100904631,26383200
2018-01-26,86.97311401367188,86.97311401367188,85.6046275104608,86.10394244149076,29172200
2018-01-29,86.8436508178711,88.25837273366602,86.65872252276465,87.97173175988235,31569900
2018-01-30,85.75257873535156,86.60326745086142,85.1607995751663,86.27039079143671,38635100
2018-01-31,87.8515396118164,88.21215476872544,86.46455606845457,86.6864714601148,48756300
2018-02-01,87.15804290771484,88.83166736453137,86.52927678812455,87.64810926990558,47227900
2018-02-02,84.86489868164062,86.88989691409223,84.60599621539465,86.58475884120386,47867800
2018-02-05,81.36972045898438,86.21491547467303,81.36972045898438,83.73683734214865,51031500
2018-02-06,84.44880676269531,84.58750652858922,78.82689841435906,80.34333319778932,67998600
2018-02-07,82.85839080810547,84.85564328220008,82.4792786170953,83.672085215394,41107600
2018-02-08,78.60498809814453,83.10805713243406,78.37382415824668,82.95086734639878,55628700
2018-02-09,81.53614807128906,82.22963991571898,77.51389678450832,79.7977977208944,63499100
2018-02-12,82.4145736694336,83.01560138502388,81.30498946723944,82.05395845099227,35720300
2018-02-13,83.06182098388672,83.2190107555521,81.18477109224156,82.22962946541861,26407700
2018-02-14,84.36243438720703,84.52965456497733,82.132841467207,82.22573999092316,34960900
2018-02-15,86.08106994628906,86.13680763065986,84.18591071296592,84.7340168431493,27823900
2018-02-16,85.4679183959961,86.86141706549603,85.2821214084764,85.88596516176577,30596900
2018-02-20,86.13681030273438,86.45266664090244,84.5482224595735,84.98485323456015,30911700
2018-02-21,84.994140625,86.73137179915298,84.994140625,86.37835463062913,26922500
2018-02-22,85.21710968017578,86.14610898859817,84.87337738448669,85.51438917536285,24392800
2018-02-23,87.38166046142578,87.39095243776711,85.80236469306026,86.95432168984101,26329200
2018-02-26,88.64511108398438,88.67297992881969,87.55818360919461,87.69753492107328,30199800
2018-02-27,87.51173400878906,89.0352923422394,87.51173400878906,88.9423938268246,25869100
2018-02-28,87.11225891113281,88.91451977296582,86.98219957962961,88.10628785202275,31167300
2018-03-01,86.257568359375,87.85544800731446,85.31927724746619,87.31662680739052,37135600
2018-03-02,86.44338989257812,86.53628840739391,84.40887910591134,85.07775975290876,32830400
2018-03-05,86.99149322509766,87.57676022808525,85.70947675239536,85.78379130917797,23901600
2018-03-06,86.69424438476562,87.78117224074481,86.34122708021044,87.64182087999512,22175800
2018-03-07,87.19586944580078,87.27019108623023,85.86740024585694,86.54557281129753,26716100
2018-03-08,87.72540283203125,88.34783065240084,87.11225990137315,87.57675954422248,25887800
2018-03-09,89.6855697631836,89.6855697631836,88.25491036567908,88.52432094258255,36937300
2018-03-12,89.89926147460938,90.30802344527832,89.22109593712939,89.6484347756913,26073700
2018-03-13,87.70684051513672,90.33590354316185,87.2980784935526,90.1129456621629,35387800
2018-03-14,87.18659973144531,88.635843739069,86.86145133116881,88.36643303949603,32132000
2018-03-15,87.49313354492188,87.86473459406704,86.23898620579486,86.88928272602354,27611000
2018-03-16,87.88333892822266,88.60795730232654,87.25161907351878,87.95766057882375,49081300
2018-03-19,86.29473114013672,87.23302227340898,85.57011293159619,87.08437900616933,33344100
2018-03-20,86.51771545410156,87.11227452977435,86.39694807825352,86.4434008854199,23075200
2018-03-21,85.91385650634766,87.3723850919873,85.6630227317123,86.33190334713721,24457100
2018-03-22,83.41484832763672,85.23568611231838,83.29408096973157,84.78976332796469,38604700
2018-03-23,80.99017333984375,84.03729043963526,80.89727481123127,83.14545180708922,44068900
2018-03-26,87.1215591430664,87.32594013699392,83.98154384716022,84.1766328628994,56396800
2018-03-27,83.11756896972656,88.38499332912718,82.22573048726473,88.1991963031693,56569000
2018-03-28,83.04324340820312,84.7526057347568,82.56016691087167,83.44271337410682,52501100
2018-03-29,84.78976440429688,85.73734767518887,82.12354090502936,83.7771585525324,45867500
2018-04-02,82.2350082397461,84.42744697673139,81.29672412608241,84.04656098026531,48515400
2018-04-03,83.34053039550781,83.65639385843618,81.64975187099252,83.2197630322219,37213800
2018-04-04,85.77450561523438,86.17397559096709,81.50111032525551,81.61258570323538,35560000
2018-04-05,85.82096862792969,86.46198053134722,84.9105531149489,85.87671341585957,29771900
2018-04-06,83.82361602783203,85.89528064774225,83.12686650237562,84.99415012745287,38026000
2018-04-09,84.32525634765625,86.55485590025206,84.18591213437655,84.57609010696288,31533900
2018-04-10,86.28544616699219,86.6570472775496,85.13348910319573,85.83023852760275,26812000
2018-04-11,85.33787536621094,86.66634463472717,84.98485818750181,85.47722667728368,24872100
2018-04-12,86.93576049804688,87.47458181976506,85.86740983262703,85.86740983262703,26758900
2018-04-13,86.47125244140625,87.4931502053699,85.87669348463825,87.3723828536739,23346100
2018-04-16,87.48387908935547,87.93909393644698,86.78712948127642,87.3909805591523,20288100
2018-04-17,89.24895477294922,89.68558554033773,88.14344343319549,88.25492589115689,26771000
2018-04-18,89.59269714355469,89.85281582044244,88.73801237816333,89.38831615808506,21043300
2018-04-19,89.2861328125,90.1779713850915,88.57079930609552,89.59270431524477,23552500
2018-04-20,88.25492095947266,89.2861106029626,87.37237458495841,89.10031360444417,31154400
2018-04-23,88.58006286621094,89.45332428924867,87.91118237943314,88.94237194859879,22331800
2018-04-24,86.50840759277344,89.62055347858393,85.84881901482625,89.4068805451384,34524800
2018-04-25,85.75593566894531,86.67565021373002,83.87006794790112,86.67565021373002,33729300
2018-04-26,87.56746673583984,88.39427545832768,86.48982425978296,86.90787815316423,42529000
2018-04-27,89.01670837402344,90.94902852641466,87.24232348171266,90.67032591469795,48272800
2018-04-30,86.88001251220703,89.55553506605133,86.53628730300507,89.49050539773997,41523600
2018-05-01,88.25492095947266,88.52433156871518,86.20183364872906,86.59201159823846,31408900
2018-05-02,86.87073516845703,88.41287047424576,86.57345564639517,88.24565030010453,27471000
2018-05-03,87.39095306396484,88.18989293021372,85.88597183244228,86.35976340142737,31142500
2018-05-04,88.40357971191406,88.59866872083767,86.3226161079908,86.69421725781298,22531300
2018-05-07,89.3883285522461,89.8435362999166,88.34784661272444,88.41287629096308,24242000
2018-05-08,89.00743103027344,89.33258649330108,88.31068147413364,89.04459185712525,23484600
2018-05-09,90.05719757080078,90.08506641674654,88.30138939919338,89.19322790796997,27327400
2018-05-10,90.95834350585938,90.99549724829565,90.15940337711052,90.54028948256318,22388100
2018-05-11,90.76321411132812,90.92114935346596,90.1500783579907,90.85611969648015,16778300
2018-05-14,91.06980895996094,91.68295195873316,90.40092826591955,90.96761846016557,19454100
2018-05-15,90.41020202636719,90.9025704692383,89.49977969010821,90.33588038918249,24594000
2018-05-16,90.64346313476562,90.87671959825272,90.14896057112058,90.8393977098841,17384700
2018-05-17,89.73844909667969,91.00736514114054,89.4118913907723,90.27960593414002,17246700
2018-05-18,89.90637969970703,90.43820419811907,89.57982204601946,89.57982204601946,17865800
2018-05-21,91.0633316040039,91.44587566163955,90.31691511253574,90.50351745579701,19422500
2018-05-22,90.97003173828125,91.59515742744583,90.69012110094803,91.13797669699655,15441200
2018-05-23,92.05235290527344,92.11766444360754,89.86906826103214,90.23294784866839,21251200
2018-05-24,91.72577667236328,92.31358756259259,90.3262377808427,92.11765297199045,26649300
2018-05-25,91.77245330810547,92.35093208767563,91.30594022993024,91.71647401662034,18363900
2018-05-29,91.44587707519531,92.2576051111948,90.71811795943444,91.2872572507059,28671000
2018-05-30,92.32291412353516,92.60282475353469,91.35257340796227,91.7257780900643,22158500
2018-05-31,92.22026824951172,93.29324936174639,92.00567629811802,92.64013413782375,34140900
2018-06-01,94.03968811035156,94.10499964333395,92.52818348050076,92.63081690639068,28655600
2018-06-04,94.8607406616211,95.03801785886627,94.09565971547933,94.47820374776153,27281600
2018-06-05,95.34593200683594,95.47655508118288,94.73013141198004,95.16865478375493,23514400
2018-06-06,95.62581634521484,95.72844975708516,95.0753345164761,95.61649121207918,21122900
2018-06-07,94.12364959716797,95.81243130535236,93.6571366503014,95.77510941539232,28232200
2018-06-08,94.82342529296875,95.12199331398595,93.80643041833684,94.31959042279787,22165100
2018-06-11,94.28227996826172,94.78610774309195,93.92772553314425,94.24495807412181,23490900
2018-06-12,94.5248794555664,94.65550255051534,94.00238707577071,94.32894481314302,18325200
2018-06-13,94.09567260742188,95.17798620647724,93.82509420765804,94.90740780671341,29492900
2018-06-14,94.62751007080078,95.19665658964692,94.23564079768775,94.84210921660531,25691800
2018-06-15,93.42388916015625,94.73012696067008,93.36790987904475,94.71146957310735,65738600
2018-06-18,94.10499572753906,94.33825220968775,92.76143611246731,93.31192511191811,23586000
2018-06-19,94.10499572753906,94.23561878806849,92.83607989517638,92.97603520815018,28653100
2018-06-20,95.04735565185547,95.65381682182691,94.34758619257484,94.58084267900172,26180800
2018-06-21,94.36624145507812,95.59783539095035,94.1236527214967,95.24328810219511,23198200
2018-06-22,93.68515014648438,94.02103297929585,92.9573838398584,93.68515014648438,38923100
2018-06-25,91.80042266845703,93.40522844170944,90.783427799607,93.3025950177161,35433300
2018-06-26,92.44422149658203,93.37724753400795,92.13632119580978,92.20163273369265,26897200
2018-06-27,91.00735473632812,93.32125517514591,90.87673166889921,92.9107285854079,31298400
2018-06-28,92.02434539794922,92.47220097881412,90.74610442290755,90.85806297930654,26650700
2018-06-29,92.00568389892578,93.21862040746802,91.74443778777456,92.30425190001611,28053200
2018-07-02,93.31192779541016,93.35857482212762,91.43654363184346,91.52984480370154,19564500
2018-07-03,92.41625213623047,93.89042818888649,92.31361868011561,93.75047994729833,14670300
2018-07-05,93.07865905761719,93.22793948926052,92.39754706768208,92.83607034797181,18977400
2018-07-06,94.38489532470703,94.63680916388564,92.99468172828142,93.19994854753472,19234600
2018-07-09,95.0286865234375,95.4018983072482,94.46887240693282,94.8420841907435,18212000
2018-07-10,95.28062438964844,95.64450398578886,95.0380356194135,95.16865869913448,19293100
2018-07-11,95.1500015258789,95.48588436133518,94.32893403042763,94.37558818118698,19644600
2018-07-12,97.21198272705078,97.41724958918518,95.84976560011403,95.88708037648067,24335900
2018-07-13,98.36894226074219,98.52755498972832,97.11868358194592,97.37993687009421,24635200
2018-07-16,97.88375854492188,98.73280848137964,97.51987186538481,98.3409392799376,21786900
2018-07-17,98.85409545898438,99.36726257316333,97.33326573998045,97.6038441166909,25901700
2018-07-18,98.0796890258789,98.94740343172332,97.70647722752443,98.84477000921527,29493900
2018-07-19,97.40789031982422,98.25694005594123,96.932045191254,97.90239283140315,40171600
2018-07-20,99.15267181396484,100.95341231368171,98.97540171104927,100.8414537472979,56004000
2018-07-23,100.73880767822266,100.89742037298429,99.02203631866132,99.18065613184565,29707000
2018-07-24,100.44957733154297,101.53188373344663,100.07636552734675,101.29862724562688,26316600
2018-07-25,103.40727233886719,103.7058403713886,100.39359525443446,100.72948518082397,30702100
2018-07-26,102.27830505371094,103.56587827503861,102.16633937942999,103.32328953997471,31372100
2018-07-27,100.46823120117188,102.80079599770872,99.03137043229444,102.80079599770872,37005300
2018-07-30,98.31295776367188,100.32829033649827,97.74381130188864,100.01106489533325,34668300
2018-07-31,98.97541046142578,99.57254659634403,98.3222879199423,99.35794746109642,27655200
2018-08-01,99.1620101928711,99.3206229173286,98.3596071982432,98.92875367393098,23628700
2018-08-02,100.3656005859375,100.85077094507196,97.81843662481825,98.34093599437423,26104300
2018-08-03,100.80410766601562,100.81343991711636,99.66581505807143,100.58018346855145,18659600
2018-08-06,100.8880844116211,101.15866276719619,100.35625995229691,100.87875927821752,20265900
2018-08-07,101.58787536621094,101.79314223940148,100.92542771445673,101.28930731023124,16080200
2018-08-08,102.1570053100586,102.39959404080795,101.475900379293,102.00772486542861,15487500
2018-08-09,102.324951171875,102.78213899898451,102.25963964206262,102.36227306297106,13677200
2018-08-10,101.6998062133789,102.34359625537684,101.12132768879951,102.09167531789004,18183700
2018-08-13,100.96271514892578,102.24096298393806,100.86008174736311,101.92373052862939,18472500
2018-08-14,102.22232055664062,102.39959776460684,100.80412424818,101.28929460889933,16788300
2018-08-15,100.83614349365234,102.0818381026293,100.04938185795481,101.6135298169909,29982800
2018-08-16,100.81736755371094,101.9600404650918,100.49892147457308,101.43553767789318,21384300
2018-08-17,100.7612075805664,101.06092458304924,99.92761944410427,100.55515080151878,18061500
2018-08-20,100.09619903564453,101.06091280161539,99.73091920475879,100.69563297072965,17914200
2018-08-21,99.26263427734375,100.54579449598543,99.14086954127912,100.14304905647025,22881900
2018-08-22,100.27417755126953,100.53642907330966,99.07530936719007,99.1408722477001,18000600
2018-08-23,100.74246215820312,101.32316692441043,100.09620167274169,100.35845313302359,18167700
2018-08-24,101.52924346923828,101.6790984132508,100.74248178926487,100.84551018956874,17234000
2018-08-27,102.6531753540039,102.69064087456154,101.63226671562352,102.34409016876644,19662300
2018-08-28,103.27133178710938,103.49611773430098,102.83112091223919,102.97161480891509,19151500
2018-08-29,104.91978454589844,104.92915271238432,103.28070555591808,103.44929682357731,20818000
2018-08-30,104.85420989990234,105.47238019385524,104.3765406500113,104.59195843427985,22798700
2018-08-31,105.21012115478516,105.63159567336524,104.4514570171986,104.6106872348501,23222700
2018-09-04,104.62944793701172,104.86360210582943,103.23389109168718,103.8239570246133,22634600
2018-09-05,101.61351776123047,104.35780427531304,101.2482379134359,103.97379524247467,32872400
2018-09-06,101.8476791381836,102.08183326991757,100.69564481170993,101.38873904081375,23477600
2018-09-07,101.35124969482422,101.82892601208985,100.43336971587573,101.3699860226156,22498600
2018-09-10,102.44712829589844,102.69065062974799,101.49178244128566,101.94135443905,20727900
2018-09-11,104.189208984375,104.51702330354708,101.98816181757252,101.99752998263921,24301800
2018-09-12,104.62944793701172,104.76057369988419,103.50551078501391,104.36719641126678,18891100
2018-09-13,105.75337982177734,106.52140511951798,105.01345187766594,105.01345187766594,26055600
2018-09-14,106.18421173095703,106.52139423167807,105.31315812839709,106.1748435654324,19122300
2018-09-17,105.03216552734375,106.49328486645796,104.7699140711762,106.48392384717786,20736500
2018-09-18,106.03436279296875,106.49330291906088,104.63880608132351,105.07901701986427,22170900
2018-09-19,104.62006378173828,106.13738513629961,104.00190058635059,105.88450181678125,21728400
2018-09-20,106.37153625488281,106.58696119532966,104.83548575736815,105.16330010516393,23714500
2018-09-21,107.0177993774414,107.98251319383341,106.3153370281288,106.77427709551773,71229700
2018-09-24,107.40180969238281,107.61723462623164,105.10710218227763,105.86575924191418,27334500
2018-09-25,107.19574737548828,107.80454948313104,106.54011873391379,107.52356884209179,22668000
2018-09-26,106.75553131103516,107.76707150594123,106.5307382492201,107.2144713070639,19352000
2018-09-27,107.15827941894531,107.6265875912596,106.96158369825558,107.5048228931359,19091300
2018-09-28,107.12080383300781,107.30812422598989,106.47453632933421,106.95221262099795,21647800
2018-10-01,108.2822494506836,108.34781232912327,107.45802938661079,107.4767585751002,18883100
2018-10-02,107.85138702392578,108.49764752352336,107.18639019343173,107.99188092238317,20787200
2018-10-03,107.8701171875,108.81610182348989,107.64533123541904,108.10427130511418,16648000
2018-10-04,105.6409683227539,107.4861038388707,104.55448983061387,107.34560994477448,34821700
2018-10-05,105.0228042602539,105.99688626558084,103.62724769351998,105.49111250440242,29068900
2018-10-08,103.82392883300781,104.92913649556,102.40963603654663,104.58259299313133,29640600
2018-10-09,105.14454650878906,105.91257157924122,103.77708758558474,104.09553369356519,26198600
2018-10-10,99.43122100830078,104.43275018821952,99.08467029616844,104.18922787305037,61376300
2018-10-11,99.19706726074219,102.02564624073376,97.59544659086687,98.67255710704164,63904300
2018-10-12,102.62509155273438,104.18923972703621,100.33038349562419,102.10058848729624,47742100
2018-10-15,100.77993774414062,102.54078140339118,100.17113556718309,102.00691026423516,32068100
2018-10-16,103.96441650390625,104.34843264350684,102.04435009753482,102.59695746865006,31610200
2018-10-17,103.69282531738281,104.72310217195488,102.60635375217775,104.60134458364415,26548200
2018-10-18,101.62289428710938,103.52422471431166,100.99536292217586,103.12147931747937,32506200
2018-10-19,101.77275848388672,103.83331205035799,101.35127674586948,102.02564181004327,32785500
2018-10-22,102.68126678466797,103.53359125009766,101.37937039011554,102.39091794936716,26545600
2018-10-23,101.24824523925781,102.0631041910445,98.44776382159833,100.93916007004731,43770400
2018-10-24,95.83460998535156,101.61353267783392,95.15087672490993,101.53860878084353,63897800
2018-10-25,101.43556213378906,102.34407406756563,99.42183538198275,99.79648338280052,61646800
2018-10-26,100.18048095703125,101.8570250311335,98.11992790668162,98.99098137209083,55523100
2018-10-29,97.26762390136719,101.81021258152563,95.18833408943968,101.25761226626005,55162000
2018-10-30,97.15523529052734,97.76403031517461,93.76468089724992,97.08967241960454,65350900
2018-10-31,100.04000854492188,101.28571023563188,98.71001479712562,98.75684848160707,51062400
2018-11-01,99.20643615722656,100.5177009268463,98.8411562269078,100.2648175696326,33384200
2018-11-02,99.43122100830078,100.5176925410706,98.32601314200083,99.7309380324253,37680200
2018-11-05,100.69562530517578,100.91104306298327,99.18767241726088,99.62788324297482,27922100
2018-11-06,100.892333984375,101.9413399270377,99.54360389144634,100.57388064762594,24340200
2018-11-07,104.86358642578125,105.12583791231225,102.46585038227842,102.50331590118529,37901700
2018-11-08,104.66690826416016,105.09775105589257,103.88015372599256,104.71374195392536,25644100
2018-11-09,102.62509155273438,104.3859283765755,101.86643431225158,103.82395978563203,32039200
2018-11-12,100.09619903564453,102.9903403335571,99.37500039305338,102.4845666109885,33621800
2018-11-13,100.16175842285156,101.84766362708768,99.88077064923759,100.73309498893498,35374600
2018-11-14,98.74137878417969,101.83616036770425,98.27104736741342,101.68565086952887,39495100
2018-11-15,100.91431427001953,101.40346299457194,97.74428490560906,98.76019537835568,38505200
2018-11-16,101.86436462402344,102.4193521721038,100.4627792107734,100.72616361845134,33502100
2018-11-19,98.41213989257812,102.11834626264437,97.40563103301402,101.8455532028221,44773900
2018-11-20,95.6748046875,96.86004172785788,93.45484008726203,95.75946806444051,64052500
2018-11-21,96.99175262451172,98.23342737096661,96.17337331426411,97.45267543808896,28130600
2018-11-23,96.95413208007812,97.65022066875879,95.94762298873445,96.10753397131033,13823100
2018-11-26,100.15235900878906,100.3028613091997,98.37450707652427,98.57204538269959,32336200
2018-11-27,100.78260803222656,100.96133625405314,99.10822945939029,99.96422884335932,29124500
2018-11-28,104.52643585205078,104.7239741465933,101.45987361530061,101.48809234642292,46788500
2018-11-29,103.65162658691406,104.52644319660654,102.56045439560434,103.78331879252912,28123200
2018-11-30,104.31010437011719,104.38535912161008,102.87089133708415,104.1313761294936,33665600
2018-12-03,105.43888854980469,106.68997178129024,104.15959375961322,106.29489513240665,34732800
2018-12-04,102.0807113647461,105.95624420851414,101.7891082290893,105.2977832000353,45197000
2018-12-06,102.71098327636719,102.75801211486369,98.76960346993157,99.54094675281969,49107400
2018-12-07,98.60028076171875,102.95554722271972,98.11113923194607,101.94903824893815,45044900
2018-12-10,101.20588684082031,101.57275186154611,97.72543805189045,98.58144447244034,40801500
2018-12-11,102.14656066894531,104.36652524813103,101.06480428918964,103.28476886837535,42381900
2018-12-12,102.60748291015625,104.6675292199726,102.56985554320113,104.31007999892857,36183000
2018-12-13,102.95552062988281,104.29126700121132,102.18417757048651,103.07781136325504,31333400
2018-12-14,99.73846435546875,102.7768080166258,99.23991427562413,101.82673668565225,47043100
2018-12-17,96.78480529785156,99.52213778423534,95.67482278774054,99.15527982702552,56957300
2018-12-18,97.80069732666016,98.30865602124074,96.43673217176236,97.59375039442142,49319200
2018-12-19,97.53730010986328,100.53800870280517,95.33614605603502,97.49967274743106,68198200
2018-12-20,95.48666381835938,98.12051482773417,92.9186517281156,96.9352851030243,70334200
2018-12-21,92.40130615234375,96.88826436367644,91.6769918075733,95.59955379775603,111242100
2018-12-24,88.5445785522461,92.156727100459,88.40348488670755,91.88393405260621,43935200
2018-12-26,94.5930404663086,94.71533121252241,88.38466797329676,89.49465026573576,51634800
2018-12-27,95.17625427246094,95.18566290913091,90.67988762027444,93.40781094291803,49498500
2018-12-28,94.4331283569336,96.33327103949773,93.61474922018327,96.03225208435443,38196300
2018-12-31,95.54312896728516,96.32388088444384,94.48018249056588,95.27974450768663,33173800
2019-01-02,95.11981964111328,95.7124345886197,93.06917456384244,93.64297941413524,35329300
2019-01-03,91.62054443359375,94.24499411374003,91.43240759575788,94.16033074254226,42579100
2019-01-04,95.88174438476562,96.42733044521282,93.05975642937375,93.80288078549599,44060600
2019-01-07,96.00403594970703,97.1422369920707,94.9881256553517,95.60895932541956,35656100
2019-01-08,96.70012664794922,97.80070026425463,95.67480059197456,96.92588368231493,31514400
2019-01-09,98.08290100097656,98.65670584802626,97.11401952448887,97.6972330084358,32280800
2019-01-10,97.45267486572266,97.59377573585917,96.30506498108868,97.0952255478401,30067600
2019-01-11,96.70012664794922,97.30215019071561,95.60895449125594,97.06698452005102,28314200
2019-01-14,95.99463653564453,96.76597970379777,95.25151210172942,95.85353568776671,28437100
2019-01-15,98.77899932861328,98.81662670055537,95.83472027015948,96.42734240738814,31587600
2019-01-16,99.12704467773438,99.95483254648335,98.73196801857021,99.01416973322331,29853900
2019-01-17,99.82313537597656,100.3028682197314,98.54383343925562,98.76959049376892,28393000
2019-01-18,101.31878662109375,101.49751484486087,99.62559793232268,101.08362092737381,37427600
2019-01-22,99.40923309326172,100.74497238698858,98.63788997664751,100.4157418817301,32371300
2019-01-23,100.37812042236328,100.68854084989029,99.08940988112788,99.82313284892457,25874300
2019-01-24,99.89838409423828,100.65091718687117,99.08941353149852,100.51922497216353,23164800
2019-01-25,100.8108139038086,101.47868352030157,99.89836999023665,100.87666000186603,31225600
2019-01-28,98.8448486328125,100.16177798663661,98.44977197967155,99.95483102260442,29476700
2019-01-29,96.8318099975586,98.74135392052516,96.10749577917993,98.65669055494827,31490500
2019-01-30,100.06769561767578,100.06769561767578,98.1393413853101,98.41213442999036,49471900
2019-01-31,98.23341369628906,98.9765381483494,97.05758522974183,97.64079873275674,55636400
2019-02-01,96.68130493164062,97.92297932861172,96.27681970962122,97.62196757106378,35535700
2019-02-04,99.46566009521484,99.52210473066945,96.67189105919286,96.76596305938854,31315100
2019-02-05,100.85786437988281,100.90489321285169,99.67262726808023,99.76669211070545,27325400
2019-02-06,99.73846435546875,100.65090831745765,99.26813300819092,100.65090831745765,20609800
2019-02-07,99.0235824584961,99.32459430591317,98.10173681558251,98.94833487915822,29760700
2019-02-08,99.39983367919922,99.50330715855023,98.07350289876229,98.19578647586465,21461100
2019-02-11,99.00474548339844,100.255828550154,98.74136108548919,99.89837214440293,18914100
2019-02-12,100.54743957519531,100.78260525989297,99.22110884537786,99.84194252110234,25056600
2019-02-13,100.47218322753906,101.38462721784958,100.37811839050116,101.12124280346862,18394900
2019-02-14,100.55685424804688,100.92371216406113,99.39043439140377,100.00185946696915,21784700
2019-02-15,101.79853057861328,101.87378532591602,100.98955998682816,101.50692740367481,26606900
2019-02-19,101.75147247314453,102.21240231777207,101.38461463056255,101.39402326610434,18038500
2019-02-20,101.22248077392578,101.96877896659578,100.41005525822618,101.89320282389403,21607700
2019-02-21,103.35743713378906,103.4235644422162,100.9579491879048,100.98628843332557,29063200
2019-02-22,104.83114624023438,105.04841861549842,103.74476274190371,103.96204232450457,27763200
2019-02-25,105.41683197021484,105.97419688752096,105.10509306485436,105.5774330389996,23750600
2019-02-26,106.14424896240234,106.97556479584513,105.02007741807739,105.10510236876469,21536700
2019-02-27,105.96476745605469,106.14425898541508,104.74612923493187,105.51132503402692,21487100
2019-02-28,105.83248901367188,106.63546549456319,105.5490893654762,105.84193783081245,29083900
2019-03-01,106.30485534667969,106.7677465987303,105.49242984705106,106.6449407747725,23501200
2019-03-04,106.04977416992188,106.98500531087676,104.6705422952536,106.76772574917203,26608000
2019-03-05,105.52076721191406,106.17259880532959,105.07677360677059,106.0403441642507,19538300
2019-03-06,105.5680160522461,106.42767852391647,105.26571866593811,105.68138027486341,17687000
2019-03-07,104.2832260131836,105.3790582873091,103.79199557786505,105.23735484395336,25339000
2019-03-08,104.39659118652344,104.58552430787523,102.78118921475482,103.12127459905733,22818400
2019-03-11,106.5882568359375,106.70161383462825,104.84060010186273,104.85004171352885,26491600
2019-03-12,107.33454132080078,107.68406829874702,106.41820059216161,106.57879445810103,26132700
2019-03-13,108.1658706665039,108.63821071308253,107.48569984625675,107.81633643739436,35513800
2019-03-14,108.2508773803711,108.82713275504103,108.00526577047037,108.20364770493006,30763400
2019-03-15,109.49785614013672,110.7637238098711,108.25087169078259,108.95938165118687,54681100
2019-03-18,111.06603240966797,111.10382047628282,109.6301219149873,109.7434789074951,31207600
2019-03-19,111.1416015625,111.8878996147634,110.51810931351932,111.55725585448415,37588700
2019-03-20,111.01881408691406,112.18077390575607,110.25362543019979,110.89600825538523,28113300
2019-03-21,113.56945037841797,114.13625703489708,110.61259685476684,110.65983374586412,29854400
2019-03-22,110.5748062133789,112.97428727339415,110.56535739452741,112.88926952574172,33624500
2019-03-25,111.15103149414062,111.4816679909034,109.88515678281806,110.11187792240752,27067100
2019-03-26,111.38723754882812,112.14297732816111,110.38587171038922,112.05795957601282,26097700
2019-03-27,110.3102798461914,111.6706213453547,109.12942985242782,111.35887521724038,22733400
2019-03-28,110.46142578125,111.07546918432176,109.70567894557153,110.94321456917842,18334800
2019-03-29,111.41556549072266,111.77454130891901,110.48977588638711,111.53837130047324,25399800
2019-04-01,112.43582916259766,112.52085412457929,111.56672514755009,112.36970183987312,22789100
2019-04-02,112.59639739990234,112.87035543046035,111.96345640162357,112.47358440259345,18142300
2019-04-03,113.33326721191406,113.76781917179834,112.55862985606177,113.22935182940513,22860700
2019-04-04,112.75701904296875,113.57889333722271,111.83122935953311,113.4560803096422,20112800
2019-04-05,113.25769805908203,113.57889304500007,112.76646757203578,112.78535800304871,15826200
2019-04-08,113.29548645019531,113.38050420100086,112.07684823728805,113.18212224178394,15116200
2019-04-09,112.68143463134766,112.92705346113884,112.02016148268305,112.0673911605381,17612000
2019-04-10,113.5411148071289,113.69225989033178,112.92707123964828,113.13490203547292,16477200
2019-04-11,113.67335510253906,114.1645855700862,113.28603281244439,113.87173705331793,14209100
2019-04-12,114.2590560913086,114.28740254868997,113.7111471066686,113.96620756440298,19745100
2019-04-15,114.35354614257812,114.85422551751313,113.90009645532591,114.24963073940238,15792600
2019-04-16,114.08900451660156,114.92032755908333,113.45607062368417,114.91087874069058,14071800
2019-04-17,115.03369903564453,115.10927517762983,113.87174648380537,114.53301970783274,19300900
2019-04-18,116.54517364501953,116.68686987848217,114.58968634253497,115.43045096198306,27991000
2019-04-22,116.9135971069336,117.14031828556115,115.78942561703906,115.83666249928227,15648700
2019-04-23,118.50067138671875,118.632926021159,116.979735883319,117.23479633335744,24025500
2019-04-24,118.09445190429688,118.8879796655132,117.63155350291741,118.83130117037963,31257000
2019-04-25,122.00541687011719,124.10260763422319,121.7031267641713,122.8650791341199,38033900
2019-04-26,122.70448303222656,123.29963603720415,121.88261605557955,122.5249915282065,23654900
2019-04-29,122.59114074707031,122.978448633341,122.19437683439767,122.71393935822591,16324200
2019-04-30,123.3752212524414,123.46968060936962,122.2321520406224,122.62891593493781,24166500
2019-05-01,120.8056869506836,123.4224476208734,120.63564424670228,123.30909062311059,26821700
2019-05-02,119.2280502319336,120.91902813083097,118.5762187895684,120.90013770391324,27350200
2019-05-03,121.76924896240234,122.26992822044636,120.21053269334804,120.3144480722632,24911100
2019-05-06,121.06073760986328,121.44805987378629,119.13359673041934,119.39810598025139,24239800
2019-05-07,118.57621765136719,120.14438974190732,117.34813810810307,119.46421906202657,36017700
2019-05-08,118.5667953491211,119.3792207704592,117.84883649151925,118.50066803377204,28419000
2019-05-09,118.55733489990234,118.83129295299759,116.73410229004068,117.41427301395493,27235800
2019-05-10,120.09716796875,120.85291486529836,116.97027941877091,117.99998438513462,30915100
2019-05-13,116.52627563476562,118.60457594269167,116.23342714343485,117.24423444712818,33944900
2019-05-14,117.82994079589844,118.9163170413206,116.85691433162265,117.01751541086755,25266300
2019-05-15,119.4892578125,120.1435022325024,117.28948754552448,117.82047156446075,24722700
2019-05-16,122.2484359741211,122.67512713679861,119.90644519961685,120.18141735790614,30112200
2019-05-17,121.43302917480469,123.6991715111303,121.29079395120004,121.66058238372072,25770500
2019-05-20,119.67888641357422,120.9778841035706,119.24272591881484,119.96333513588748,23706900
2019-05-21,120.32365417480469,120.92100303800294,120.02023784578108,120.82618679156104,15293300
2019-05-22,121.0537338256836,121.59420156199042,119.96332902730131,120.05815249725941,15396500
2019-05-23,119.64095306396484,119.74525309430443,118.27557610971219,119.65991341765607,23603800
2019-05-24,119.69783782958984,120.81668674877486,119.4418332752237,120.33312178674828,14123400
2019-05-28,119.62200164794922,121.36664367850013,119.51770160981675,120.39950641965397,23128400
2019-05-29,118.46522521972656,118.89190193478987,117.61186455558423,118.88241814018392,22763100
2019-05-30,119.21427917480469,119.24272332301526,118.31350682204962,118.7686348954648,16829600
2019-05-31,117.2705078125,118.16179632621848,116.92916358316164,117.79200795010442,26646800
2019-06-03,113.62952423095703,117.92477196720918,112.84254284635166,117.43171589341557,37983600
2019-06-04,116.77747344970703,116.89125005083399,114.39754734458515,114.99489620254916,29382600
2019-06-05,119.3091049194336,119.34703286474137,117.77305568754028,118.47470459069436,24926100
2019-06-06,121.19596099853516,121.33818896852064,119.09100729799208,119.88747958950178,21459000
2019-06-07,124.59043884277344,125.39639499479182,121.61316395621192,122.49497599637579,33885600
2019-06-10,125.72825622558594,127.13155391397021,125.15934432779284,125.53860928096786,26477100
2019-06-11,125.25419616699219,127.28329450888192,124.47668402845692,126.94195018650638,23913700
2019-06-12,124.67576599121094,125.13088677988983,123.93618928409684,124.59041908806007,17092500
2019-06-13,125.46278381347656,126.10753720944071,124.74216005559616,125.14039264746208,17200800
2019-06-14,125.5860595703125,126.856613468325,124.81803840014129,125.40590359843826,17821700
2019-06-17,125.96530151367188,126.79968731138605,125.66187797411713,125.75670144723567,14517800
2019-06-18,128.1556396484375,128.2314955640491,126.6480413042524,127.23590656519681,25934500
2019-06-19,128.6581268310547,128.88568002920402,126.87554961605065,128.0038824503125,23744400
2019-06-20,129.85279846191406,130.52601029672152,128.68654515139002,130.32688682027668,33042600
2019-06-21,129.871826171875,130.59243560170435,129.38826103096736,129.5020376598785,36727900
2019-06-24,130.63983154296875,131.2276966785795,129.90025460847994,129.90025460847994,20628800
2019-06-25,126.51522827148438,130.45964738121808,125.85150737994995,130.13727072933426,33327400
2019-06-26,126.98930358886719,128.70551563796954,126.67641799716009,127.3875505507339,23657700
2019-06-27,127.19790649414062,127.72889763258186,126.59107394680838,127.18842993503654,16557500
2019-06-28,127.01780700683594,127.62463975455663,126.25926245517658,127.59619559982237,30043000
2019-07-01,128.64862060546875,129.61576498745106,127.97542318309172,129.54940013517418,22613500
2019-07-02,129.50198364257812,129.5114602016895,128.32623925145506,129.06581596695904,15237800
2019-07-03,130.33641052246094,130.60189891225994,129.22703075390461,129.71061026020664,13629300
2019-07-05,129.95712280273438,130.2131346152143,128.68656923684787,128.89516931101207,18141100
2019-07-08,129.8623046875,129.99504886465655,128.35469253575667,129.33131351084356,16779700
2019-07-09,129.3882598876953,129.87182502433018,128.76245949814307,128.95209203399781,19953100
2019-07-10,130.70616149902344,131.39832642635517,129.91917311620932,130.02347313002875,24204400
2019-07-11,131.22767639160156,132.00518838962813,130.7251437950356,131.0380439063367,22327900
2019-07-12,131.7017364501953,131.9198275058696,130.85785977483945,131.6543391901191,18936800
2019-07-15,131.7017364501953,132.30856895305763,131.2845508597503,132.21375996487708,16651500
2019-07-16,129.97605895996094,131.8439681472462,129.4450823425042,131.7586357197323,22726100
2019-07-17,129.20803833007812,130.78200059997616,129.1606266031714,130.5639240178385,20211000
2019-07-18,129.3502655029297,129.53989795199968,127.69095625451733,128.5253563920595,30381800
2019-07-19,129.53990173339844,133.38002042828387,129.37871342358227,132.95334378841414,48992400
2019-07-22,131.25608825683594,131.9767117788394,130.2131026103995,130.28895847945395,25074900
2019-07-23,132.07154846191406,132.73528383833082,130.87685082681915,132.51719274355128,18034600
2019-07-24,133.42742919921875,133.44639678466723,131.65434336254302,131.70174062412138,20738300
2019-07-25,132.92491149902344,133.32314402962163,132.10000229050078,133.15246467763373,18356900
2019-07-26,134.01531982421875,134.33769649849393,133.02922221230898,133.0955870720568,19037600
2019-07-29,133.72137451171875,134.17649532999744,132.14739753296877,134.16701877037724,16605900
2019-07-30,133.07664489746094,133.9015542400875,132.55514466498278,132.87752136577564,16846500
2019-07-31,129.20803833007812,133.20934501813977,128.07970578262564,133.05763327924933,38598800
2019-08-01,130.9053192138672,133.63607370603688,129.83387453391913,129.900253871064,40557500
2019-08-02,129.805419921875,131.15184393575143,128.2504102875729,130.93375281816128,30791600
2019-08-05,125.35848999023438,126.98934115157337,124.00258933031114,126.3919994681408,42749600
2019-08-06,127.7099609375,128.64864689687948,126.30666304511259,126.86608399618176,32696700
2019-08-07,128.26939392089844,128.62021480989594,124.99818589625956,126.85660486655514,33414500
2019-08-08,131.69229125976562,131.78711473856043,128.88568122299927,129.52097248846763,27496500
2019-08-09,130.57345581054688,132.15690960101506,129.38823460797795,131.42680928918358,23466700
2019-08-12,128.7529754638672,130.71570921011283,128.23148957893665,129.96665558896896,20484300
2019-08-13,131.41729736328125,131.60692981105518,128.00385543123693,128.99944386708555,25154600
2019-08-14,127.45976257324219,130.25668767472112,127.16485126949057,129.7239428013364,32527300
2019-08-15,127.17437744140625,128.03058712336716,125.8139761977488,127.84983126219059,28074400
2019-08-16,129.50515747070312,129.81909956695992,128.1637724729362,128.31598946194757,24449100
2019-08-19,131.67420959472656,131.80739584202053,130.22817711252605,131.14146460555065,24355700
2019-08-20,130.5801239013672,131.95957007090064,130.56110766949774,131.4839029824291,21170800
2019-08-21,132.03567504882812,132.70162064122573,131.28412737345974,131.80736411768265,14970300
2019-08-22,131.07485961914062,132.42575279886904,129.65736605999874,131.9120385819854,18697000
2019-08-23,126.89846801757812,131.61709202407536,126.33718432497086,130.51354087114026,38508600
2019-08-26,128.85821533203125,128.962862675366,127.38364440911691,128.4206097262371,20312600
2019-08-27,129.13414001464844,130.0664436861711,128.10669709418593,129.7525015841233,23102100
2019-08-28,128.96290588378906,129.15316988554264,127.05072871441449,128.31600537458436,17393300
2019-08-29,131.3982696533203,131.70270355257622,130.2471634477512,130.57061357855514,20168700
2019-08-30,131.1509552001953,132.40670900457172,129.63833705456977,132.37817013512296,23940100
2019-09-03,129.41952514648438,130.5230765323082,129.09607493498078,129.96179272125005,18869300
2019-09-04,130.93214416503906,130.9892219003631,129.8381010118939,130.61820210454746,17995900
2019-09-05,133.234375,133.5483170689136,132.00714559277316,132.34011841270845,26101800
2019-09-06,132.3306121826172,133.35804049308442,131.47440256894785,133.21534614891118,20824500
2019-09-09,130.82749938964844,132.9489708528511,129.8190873358268,132.79675387818114,25773900
2019-09-10,129.45755004882812,130.22812837091885,127.96394849814315,130.14251178317696,28903400
2019-09-11,129.49563598632812,129.63834485837282,128.515762699708,129.29586388816116,24726100
2019-09-12,130.82749938964844,131.6836944688001,130.2091233736303,131.14144145632662,27010000
2019-09-13,130.63723754882812,131.34121566473092,129.92373679922292,131.07484321284176,23363100
2019-09-16,129.69541931152344,130.04740839112688,129.05802701127982,129.21975211586005,16731400
2019-09-17,130.7038116455078,130.82748974283373,129.79052438104063,130.29474488698148,17814200
2019-09-18,131.77880859375,131.9215029076786,129.8856484371248,130.67525751201248,23982100
2019-09-19,134.20472717285156,135.44145006237719,133.25339294016516,133.47219574914467,35772100
2019-09-20,132.65402221679688,134.7564623376227,131.52193237502652,134.1476091264444,39167300
2019-09-23,132.36863708496094,132.83479605850408,131.70270606290472,132.45425367718084,17139300
2019-09-24,130.6942901611328,133.84320387477334,130.21862308617304,133.52926186335506,29773200
2019-09-25,132.5779571533203,133.14876357650655,129.4100119886785,130.80847466089543,21382000
2019-09-26,132.74917602539062,133.3580293700971,131.70271705091227,132.6540513092792,17456600
2019-09-27,131.0272674560547,133.52928127933762,129.9998246828002,133.3294946916732,22477700
2019-09-30,132.2639923095703,132.44474812967823,131.07482456276327,131.3316888606118,17280900
2019-10-01,130.39938354492188,133.4246192817115,130.33278318427432,132.8633355971435,21466600
2019-10-02,128.0971221923828,129.73341789625664,127.07920232188064,129.6192624570765,30521700
2019-10-03,129.6478271484375,130.09495539592123,126.73674673968516,128.38255088600567,24132900
2019-10-04,131.3982696533203,131.52194773941892,129.7810044830933,130.09494649812325,22897700
2019-10-07,130.44692993164062,131.45534177657552,130.35180522933368,130.46596067858468,15303700
2019-10-08,129.0675048828125,131.05578981084682,129.01993527115178,130.40888954412475,25550500
2019-10-09,131.512451171875,131.95005679522282,130.3042526169469,130.77041162253866,19749900
2019-10-10,132.3306121826172,132.87286520668545,131.5219721890756,131.75029765596275,17654600
2019-10-11,132.8823699951172,134.16667712534039,132.71113678639924,133.30095941581837,25446000
2019-10-14,132.75872802734375,133.46270624389632,132.73018915457604,132.89191427233033,13304300
2019-10-15,134.68040466308594,134.88968485548526,133.00604699421544,133.2438805707064,19695700
2019-10-16,133.5768585205078,134.1286341811286,132.73967965388178,133.93835569965174,20751600
2019-10-17,132.8919219970703,134.53772665926022,132.25452960785472,134.09059827162628,21460600
2019-10-18,130.72286987304688,133.18682260739286,129.9142297864459,132.9584971142297,32273500
2019-10-21,131.6931610107422,131.75976135971325,130.34226844849334,131.71219175562035,20078200
2019-10-22,129.7333984375,133.19625322988827,129.62875112854582,132.2068723675787,27431000
2019-10-23,130.56112670898438,130.7608987861986,129.0104471292481,130.21864577469321,29844600
2019-10-24,133.12969970703125,133.5863360222599,131.92150130436104,132.6064630353074,37029300
2019-10-25,133.88124084472656,134.27129130092325,132.42570086546186,132.55888705584536,25959700
2019-10-28,137.1728973388672,138.58086806192878,136.5259824555948,137.37266941613848,35280100
2019-10-29,135.8790740966797,137.46780056892217,135.70782638145243,137.06824192167036,20589500
2019-10-30,137.5724334716797,137.94345321346762,135.84099833253117,136.5354827210682,18496600
2019-10-31,136.39276123046875,137.87684005990218,136.0312641542003,137.8483011990443,24605100
2019-11-01,136.72576904296875,137.39170016085936,136.01226830604102,137.23948318642448,33128400
2019-11-04,137.515380859375,137.94347840635965,137.14436104982698,137.78175331155256,16912000
2019-11-05,137.42977905273438,137.96252401445963,136.90654220953581,137.91495438940314,18250200
2019-11-06,137.0491943359375,137.48681442890592,136.23104639220205,137.344105597713,16575800
2019-11-07,137.23948669433594,137.8293238562953,136.77334215800244,136.83992801338863,17786700
2019-11-08,138.85675048828125,138.88528935386205,136.7638035709673,136.9730982626987,16732700
2019-11-11,138.9994659423828,139.29437727567947,137.68661986129652,138.26693440998721,14362600
2019-11-12,139.91275024414062,140.38841742057483,138.95189325736897,139.16118797629684,18641600
2019-11-13,140.14105224609375,140.28376109963375,139.16117908653143,139.59879924802777,16919200
2019-11-14,140.85452270507812,141.18749544226222,139.846110894689,139.8651416409811,19729800
2019-11-15,142.67156982421875,142.6906005699143,141.05430482903375,141.6821742749299,23485700
2019-11-18,143.0235595703125,143.22334611070488,141.72974466377818,142.76670982492976,21534000
2019-11-19,143.07115173339844,143.96540821634284,142.89039591030863,143.53731072367168,23935700
2019-11-20,142.8229522705078,143.9875304138099,141.7156606399206,143.48160879351005,25696800
2019-11-21,142.68936157226562,142.994831481928,141.75388546373685,142.61299409485005,18576100
2019-11-22,142.7943572998047,143.47210952165918,142.05934767999807,143.2525621394836,15901800
2019-11-25,144.35983276367188,144.4743912394725,143.1093465253457,143.18571398734477,22420900
2019-11-26,145.12347412109375,145.49575634687375,144.4457366522748,144.48391309555387,24620100
2019-11-27,145.40029907226562,145.5721149049271,144.63663916292282,145.40983954110195,15184400
2019-11-29,144.5030059814453,145.38120981697125,144.4075430265743,145.19029847283116,11977300
2019-12-02,142.75616455078125,144.93258631120233,141.58204573503937,144.91349080366052,27418400
2019-12-03,142.52706909179688,142.64161301141183,139.9879053925602,140.78975652668063,24066000
2019-12-04,143.04254150390625,143.35753727325195,142.42206130514742,143.3193608230783,17574700
2019-12-05,143.11891174316406,143.49120864688615,142.68935744004716,143.23347023877338,17869100
2019-12-06,144.856201171875,144.9707450719406,143.4434396638558,144.13073219545493,16403500
2019-12-09,144.4839324951172,145.29532403836214,144.05437826394214,144.2071131887701,16687400
2019-12-10,144.26443481445312,144.989904108759,143.91123335848062,144.41715522625864,16476100
2019-12-11,144.80848693847656,144.9707623380976,143.50072870496317,144.65575200979637,18856600
2019-12-12,146.278564453125,146.46947586943384,144.15941423119995,144.76078446429239,24612100
2019-12-13,147.5098876953125,147.8535339130223,145.88711955386103,146.0493949114461,23845400
2019-12-16,148.46450805664062,148.81769485975087,147.78677043090983,148.06358976417897,24144200
2019-12-17,147.66262817382812,148.636294921795,147.4335258314826,148.38809707618705,25425600
2019-12-18,147.357177734375,148.41675253776003,147.17580684356807,147.2903653125848,24129200
2019-12-19,148.6363067626953,148.69357871144388,146.76534056516215,147.00398339534942,24958900
2019-12-20,150.25909423828125,151.290033143907,149.18996431822254,150.2018222822361,53477500
2019-12-23,150.25909423828125,150.93683180562138,150.12545481897445,150.93683180562138,17718200
2019-12-24,150.23045349121094,150.54546380506363,149.98225560208854,150.32590189305478,8989200
2019-12-26,151.46185302734375,151.5191249849072,150.2495431850334,150.40227811560572,14520600
2019-12-27,151.7386932373047,152.30188693097045,151.0323050781543,152.20642395398073,18412800
2019-12-30,150.430908203125,151.795952922549,149.60997619045432,151.76731694488873,16348400
2019-12-31,150.53591918945312,150.6027461844132,149.34270484177895,149.64817470627386,18369400
2020-01-02,153.3232421875,153.4282456163035,151.13728025317593,151.56683443806205,22622100
2020-01-03,151.41409301757812,152.6836745782892,150.87953542687913,151.12773328370503,21116200
2020-01-06,151.80551147460938,151.8723384741791,149.39998710539874,149.94409987696073,20813700
2020-01-07,150.42132568359375,152.4163759194506,150.17314242471397,152.0822847516047,21634100
2020-01-08,152.81735229492188,153.49510448810574,150.7745698093218,151.71004582761572,27746500
2020-01-09,154.7264862060547,154.85058515825207,153.71464277750457,154.48784333835496,21385000
2020-01-10,154.01055908203125,155.8051581253616,153.85782414949148,155.423335359617,20725900
2020-01-13,155.8624267578125,155.89106273635204,153.9341883310565,154.4114740608552,21626500
2020-01-14,154.7646942138672,156.16791559525535,154.37331637212353,155.96744915551147,23477400
2020-01-15,155.7669677734375,156.4924514232917,155.18469315115652,155.23241007287436,21417900
2020-01-16,158.6211700439453,158.68799705123658,156.578387286409,156.8838572072704,23865400
2020-01-17,159.50888061523438,159.86206735862157,157.91473362097693,159.81433587734148,34371700
2020-01-21,158.93612670898438,160.5493545898603,158.86929972428416,159.10794255718054,29517200
2020-01-22,158.17247009277344,159.88116096936955,158.1533745873671,159.79523847784247,24138800
2020-01-23,159.14614868164062,159.22251614329255,157.76202303250872,158.64022699310001,19680800
2020-01-24,157.54241943359375,159.91930688968992,156.97922593923204,159.90021138792847,24918100
2020-01-27,154.90789794921875,155.9579326701252,152.92238701871022,153.8292272418884,32078100
2020-01-28,157.94342041015625,158.22978023235012,155.66199491117118,156.33973257783853,24899900
2020-01-29,160.40618896484375,161.08394114088054,158.16295467202275,160.21527757735336,34754500
2020-01-30,164.93084716796875,166.14315693787148,163.0312448171451,166.14315693787148,51597500
2020-01-31,162.49668884277344,164.56810707750614,161.87622324565402,164.38675074270793,36142700
2020-02-03,166.45819091796875,166.57273484253994,162.6589856761577,162.6876216573005,30107000
2020-02-04,171.9374237060547,172.43380499267923,168.30050841453047,169.0928045525023,36433300
2020-02-05,171.7274169921875,175.83207759357578,170.30511469661303,175.66980217702863,39186300
2020-02-06,175.28797912597656,175.46935005173762,171.88015168662866,172.74881529653373,27751400
2020-02-07,175.5360870361328,177.19704606982233,174.19013822774303,174.54333945552742,33529100
2020-02-10,180.12762451171875,180.26126392824392,174.92521317224083,175.24022348953673,35844300
2020-02-11,176.0611572265625,182.03676914651783,175.16385775009803,181.98903766180297,53159900
2020-02-12,176.31886291503906,177.4070735630849,173.5887885431905,177.14933524587363,47062900
2020-02-13,175.3643341064453,177.76984376399173,174.5624829883249,174.76294940925624,35295800
2020-02-14,176.92982482910156,176.98709678584612,174.35247025076032,174.92521894941493,23149500
2020-02-18,178.72439575195312,179.17304546668734,177.0729913396611,177.17799477429256,27792200
2020-02-19,179.26040649414062,180.12186138936497,178.48509416736147,180.00700463143806,29997500
2020-02-20,176.5229034423828,179.23172105937135,173.3450775850241,178.94456451309836,36862400
2020-02-21,170.94253540039062,175.6422861817176,169.659919486155,175.3264154675454,48572600
2020-02-24,163.57225036621094,167.07552754742713,156.2402587850784,160.58585780799982,68311100
2020-02-25,160.87301635742188,167.35310504591126,160.47098848757176,166.74051131834014,68073300
2020-02-26,162.88308715820312,165.8407656458263,161.00702520579085,162.4427931635171,56206100
2020-02-27,151.40647888183594,159.8775139321569,151.21504611459255,156.3263900928328,93174900
2020-02-28,155.07247924804688,156.69969433745393,145.4911279853698,145.8835746648331,97012700
2020-03-02,165.39089965820312,165.51533756180737,155.35967106198723,158.231207136145,71030800
2020-03-03,157.46551513671875,167.50632830262916,155.31186234425635,166.3577164010611,71677000
2020-03-04,163.24684143066406,163.39041240338062,158.52794252039857,161.27505550994934,49814400
2020-03-05,159.150146484375,163.55316084627617,158.59498094638477,158.93956594908934,47817300
2020-03-06,154.65135192871094,156.1254005321975,149.31986016728098,155.64681123678955,72821100
2020-03-09,144.1702423095703,150.99493069721586,143.57679622556182,144.53397486706558,70419300
2020-03-10,154.0292205810547,154.13451083999507,146.04635238448986,151.38741218226505,65354400
2020-03-11,147.05137634277344,150.9470862685925,144.67756252194508,150.40150197475725,56371600
2020-03-12,133.10523986816406,146.89818555794096,132.64579827768898,139.0780389658794,93226400
2020-03-13,152.02867126464844,154.97678295935205,134.70373362014425,141.18383651086268,92727400
2020-03-16,129.6211395263672,142.95464658961282,129.2191262196637,134.00501978335495,87905900
2020-03-17,140.293701171875,141.18387042907835,129.21913564695305,134.00502955980318,81059800
2020-03-18,134.38787841796875,139.7480847719235,129.23826714365302,132.09065546935233,81593200
2020-03-19,136.59896850585938,143.7203652337005,133.0478293675916,136.6563968867101,85922700
2020-03-20,131.46849060058594,140.80098223797003,130.0422891847285,139.7480799033925,84866200
2020-03-23,130.1571807861328,134.55064297153052,126.84535002067652,131.14307386995858,78975200
2020-03-24,141.9879150390625,143.19396980491564,135.22066778616053,137.59446737731713,82516700
2020-03-25,140.62867736816406,147.72137425955265,138.25487854302744,142.53346802938663,75638200
2020-03-26,149.42515563964844,149.95160680414702,142.01658782883592,142.04530201913704,64568100
2020-03-27,143.28964233398438,148.2574019111521,142.81105300447516,145.25186150604966,57042300
2020-03-30,153.36874389648438,153.72290995842877,143.58637610247226,145.91232801235856,63420300
2020-03-31,150.9566650390625,157.72391111486942,149.85590072827637,152.57428483607072,77927200
2020-04-01,145.59646606445312,150.99495384595014,144.36171185398587,146.4483546017773,57969900
2020-04-02,148.611572265625,148.82215276585558,143.9214020813381,145.35717025269807,49630700
2020-04-03,147.2427978515625,150.64078508097487,145.67302540319514,148.45841886264432,41243300
2020-04-06,158.19296264648438,159.3702886170286,150.8322544870095,153.45492996002932,67111700
2020-04-07,156.48915100097656,162.72037908322392,156.2689893839847,162.32793231073012,62769000
2020-04-08,158.05894470214844,159.53299367239637,156.4987385371966,158.5758148434227,48318200
2020-04-09,158.06849670410156,160.20300120701708,156.33600551975834,159.23625593654953,51385100
2020-04-13,158.422607421875,158.48005040008817,155.35007263247644,157.3122914679611,41905300
2020-04-14,166.261962890625,166.3098247540783,160.80604638092177,161.76322522842725,52874300
2020-04-15,164.51986694335938,166.13750115848333,161.99291595443174,163.86897788274868,40940800
2020-04-16,169.45892333984375,169.68865150302491,165.49620380864962,166.83626285245634,50479600
2020-04-17,170.95213317871094,172.29217760683073,168.33902463579403,171.81358822458955,52765600
2020-04-20,167.563720703125,171.09571286072054,167.49672578100314,169.06649845044674,36669600
2020-04-21,160.63372802734375,166.2332143656967,158.9969461097408,166.07049574786976,56203700
2020-04-22,166.0896759033203,166.54911765561974,163.5052959642249,164.05088030656984,34620200
2020-04-23,164.07960510253906,167.56373571044148,163.59144912202368,166.6544186775328,32790800
2020-04-24,167.07557678222656,167.08514331310639,163.40001338046326,164.6921961079911,34277600
2020-04-27,166.5969696044922,169.3249203646585,165.879085519387,169.02819727967727,33194400
2020-04-28,162.5384979248047,168.14756518079076,162.13648466002041,168.07098913910997,34392700
2020-04-29,169.8321990966797,170.07149375669667,164.51986932861183,165.8024852010101,51286600
2020-04-30,171.53598022460938,172.67501046944872,168.6835775324089,172.29214487853974,53875900
2020-05-01,167.09466552734375,170.99037460873743,166.55863327388903,168.27199104759472,39370500
2020-05-04,171.18186950683594,171.33502163482007,166.3576943184621,167.01815009067673,30372900
2020-05-05,173.01963806152344,175.78588426417025,172.196463692982,172.88563361108132,36839200
2020-05-06,174.72340393066406,176.31232417307075,173.85238236161905,174.28310988132503,32139300
2020-05-07,175.73800659179688,176.6473233913739,174.76168027590157,176.28359082938823,28316000
2020-05-08,176.77175903320312,177.0780632342487,175.5082907173606,177.0589155703363,30877800
2020-05-11,178.7435760498047,179.48059321685093,175.02015106702683,175.30729302541394,30892700
2020-05-12,174.69468688964844,179.0307054211164,174.4936875329091,178.80099187055717,32038200
2020-05-13,172.05288696289062,176.16875866805987,168.9803366302558,174.7329904875629,44711500
2020-05-14,172.79949951171875,172.9526516355735,168.15717616943115,169.93752944441883,41873900
2020-05-15,175.3168487548828,179.04983972684337,169.42062464062786,171.3924103645551,46610400
2020-05-18,176.9918975830078,178.22665154471989,176.08258083844325,177.79592409786156,35264500
2020-05-19,175.76675415039062,178.60957645886265,175.63274969770194,177.10679867727748,26799100
2020-05-20,178.20474243164062,178.38711523926915,176.5538086361456,177.38886870679679,31261300
2020-05-21,176.0642852783203,179.17418700775042,175.92990762220046,177.95518028333498,29119500
2020-05-22,176.14105224609375,177.05291620338292,175.21000194469843,175.83390963368913,20826900
2020-05-26,174.27896118164062,179.01098721848516,173.82783312527624,178.85740859375179,36073600
2020-05-27,174.5093231201172,174.6821027430199,169.50854156521802,172.96397291656262,39517100
2020-05-28,174.1157684326172,176.7553405346038,173.13673768904587,173.48228225914846,33810200
2020-05-29,175.8914794921875,176.87052484319162,173.1655250167497,175.39235632260818,42130400
2020-06-01,175.48837280273438,175.65154461123888,174.17339051615602,175.21000969417707,22622400
2020-06-02,177.48486328125,177.5712457776536,174.0678189491154,176.85136234882526,30794600
2020-06-03,177.91677856445312,178.47349013654497,176.20825651213138,177.3984689744724,27311000
2020-06-04,175.5747833251953,178.3775279728802,174.97968432315872,176.89937364179772,28761800
2020-06-05,179.68289184570312,180.19160827140416,174.70129642604095,175.28680217113944,39893600
2020-06-08,180.79629516601562,180.97866794881153,177.03370680486475,178.4734734319101,33211600
2020-06-09,182.17848205566406,183.04233621417097,179.7404689171917,180.45075909258605,29783900
2020-06-10,188.93582153320312,190.54836819651172,183.33992534348977,183.45511666334082,43872300
2020-06-11,178.79025268554688,187.89916830840505,178.59828670019016,185.37478704113605,52854700
2020-06-12,180.2012176513672,184.02139478658034,177.7440033475555,182.88877062323658,43373600
2020-06-15,181.3530731201172,183.157585973792,176.621030789811,177.16814933862176,32770200
2020-06-16,185.79710388183594,187.72638602296334,183.7718314338394,185.14440201646784,42556700
2020-06-17,186.44020080566406,188.43667912161857,185.9122834018671,187.19847151579805,25687800
2020-06-18,188.4366912841797,188.59986310205517,186.20984487209262,186.20984487209262,23061600
2020-06-19,187.31362915039062,191.28738438794804,186.5649516886815,190.6154962359095,44441100
2020-06-22,192.5160369873047,192.69839515722148,187.3904557312936,187.9279663598332,32818900
2020-06-23,193.80221557617188,195.76029200350268,193.3414796494519,193.97498056414278,30917400
2020-06-24,189.89561462402344,195.0883763989473,188.66701495049006,193.50463898033323,36740600
2020-06-25,192.29530334472656,192.55446554112433,187.62086386451685,189.8573040017162,27803900
2020-06-26,188.44627380371094,191.8633179050225,187.05450219787085,191.70973926885765,54675800
2020-06-29,190.47154235839844,190.55792484717963,185.7779034024476,187.91835250772525,26701600
2020-06-30,195.33795166015625,196.19221269128647,189.7996593627015,189.93403700874228,34310300
2020-07-01,196.4801483154297,198.06390038374025,193.66781121683078,194.98279337525491,32061200
2020-07-02,197.97755432128906,199.66689029656212,196.7681553221372,197.42084266089836,29315800
2020-07-06,202.2392578125,202.65199861364175,199.73406277703288,200.44435306598547,31897600
2020-07-07,199.8876495361328,206.0498504677859,199.6380951982517,201.9993048493179,33600700
2020-07-08,204.28370666503906,204.69643276987244,200.30995102141637,201.63454111797887,33600000
2020-07-09,205.71389770507812,207.6911751992889,202.97833478980377,207.64318004100818,33121700
2020-07-10,205.0900115966797,205.48355143164616,202.60401738352232,205.0420164333308,26177600
2020-07-13,198.7550048828125,207.13444315045686,198.20788649530527,205.8674413979546,38135600
2020-07-14,199.983642578125,200.46356491246553,193.9174172419484,197.85278624196766,37591800
2020-07-15,199.68606567382812,202.84396263388592,196.79693867821612,201.14503357793527,32179400
2020-07-16,195.7314910888672,197.4400131481872,194.18614083902548,197.15205686543402,29940700
2020-07-17,194.7332763671875,196.80652956400527,193.30310264624077,196.2594257601162,31635300
2020-07-20,203.1030731201172,203.77496124517302,194.85799890887355,196.76809446430474,36884800
2020-07-21,200.36752319335938,205.34911808941715,199.67643403748642,205.08036282280696,37990400
2020-07-22,203.2470703125,203.77498771005708,200.0219922473186,200.799463939146,49605700
2020-07-23,194.4069061279297,202.4504080367256,194.03256734424946,198.8701920137259,67457000
2020-07-24,193.2166748046875,194.71402968002457,189.57885643693083,192.37200707149725,39827000
2020-07-27,195.66433715820312,195.77951382910686,192.79439639095952,193.37990221149863,30160900
2020-07-28,193.90782165527344,196.48019830522122,193.63906632307194,195.43397114443204,23251400
2020-07-29,195.8658905029297,196.4321953127748,193.8982061058397,194.3685352414771,19632600
2020-07-30,195.7122802734375,196.24980547575794,191.55616663450482,192.92873718736882,25079600
2020-07-31,196.7777099609375,196.86410709443905,191.0186431280946,196.19220424708922,51044000
2020-08-03,207.8447723388672,208.900607405115,201.98972824677634,203.0263623174374,78983000
2020-08-04,204.72525024414062,206.1458308108699,201.864917409733,205.56991818694544,49280100
2020-08-05,204.38931274414062,206.36659028912158,203.07433032066746,206.27059997009545,28806400
2020-08-06,207.6623992919922,207.68158564013862,203.05514196721083,203.81341280887844,32656800
2020-08-07,203.94776916503906,207.03846983746,202.46000715938482,206.22261074447047,27820400
2020-08-10,199.8876495361328,203.37189032283186,198.06395054885186,203.1703165008788,36716500
2020-08-11,195.21322631835938,199.31175277961663,194.98285831005057,198.84143823433007,36446500
2020-08-12,200.7898712158203,201.83609819491352,196.52815933665153,197.04646891700722,28013100
2020-08-13,200.3195343017578,202.86313088844787,199.79161692368524,201.0298244691704,22588900
2020-08-14,200.5115509033203,201.1738460861627,199.1773673632711,200.37717323187894,17958900
2020-08-17,201.83612060546875,202.7095827034484,200.53073136822354,201.18343330987926,20184800
2020-08-18,202.99752807617188,203.83258814350498,200.80908368545613,202.07607086878687,21336200
2020-08-19,201.7659454345703,204.07514964683784,201.3329742327292,203.48822856121845,27627600
2020-08-20,206.46133422851562,206.8654417016913,201.00586131843818,201.6120151874665,26981500
2020-08-21,204.9603271484375,208.06811499805988,204.79676091229612,205.76854196753658,36249300
2020-08-24,205.60496520996094,207.36572827098124,204.3926283618832,206.66333750991583,25460100
2020-08-25,208.27981567382812,208.41451815872668,205.03732499211057,205.03732499211057,23043700
2020-08-26,212.78268432617188,213.687121352063,209.13608714209514,209.63641681882626,39600800
2020-08-27,218.00730895996094,222.40439459903496,211.09895784566456,214.45691838795236,57602200
2020-08-28,220.2491455078125,221.91368648298578,218.00729978629948,219.54675464075623,26292900
2020-08-31,216.99700927734375,220.04706969413533,215.82316713820393,218.4113925977586,28774200
2020-09-01,218.67120361328125,218.84438623445757,215.93864435580392,216.97778412727217,25725500
2020-09-02,222.88546752929688,224.04969338399036,218.74817068121502,219.34470815240513,34080800
2020-09-03,209.07838439941406,220.63397672739484,206.82692260946558,220.59549660068504,58400300
2020-09-04,206.143798828125,210.0982965597646,197.42658849392637,206.96164474273786,59664100
2020-09-08,194.99232482910156,202.08347481385906,194.5497225545871,198.68703419320943,52924300
2020-09-09,203.2957763671875,206.71146404500217,198.87944384466067,199.745400897871,45679000
2020-09-10,197.59976196289062,206.61525528666598,196.3874397125869,205.3259434162522,35461500
2020-09-11,196.31048583984375,200.73644985714606,193.6260524684399,199.36054653866395,33620100
2020-09-14,197.63829040527344,201.28488881997822,196.31049818032105,196.51255926382413,30375800
2020-09-15,200.8807373046875,201.8429019683488,199.10072680432705,200.5343574385107,21823900
2020-09-16,197.29190063476562,202.68001485495665,196.8974095322985,202.65115108467566,26328100
2020-09-17,195.23284912109375,196.59912127754978,192.39446610049652,192.4810574027475,34011300
2020-09-18,192.80819702148438,195.94484887575575,188.82483547440413,195.127017632901,55225300
2020-09-21,194.8768310546875,195.0404119726883,188.949907685648,189.72925874031986,39839700
2020-09-22,199.57223510742188,200.2265148518583,194.43427823717715,197.30152543226745,33517100
2020-09-23,193.0006561279297,200.22652401144683,192.4618461263752,200.03407928391616,30803800
2020-09-24,195.5022735595703,197.79223054604606,191.66323061426746,192.28864656073924,31202500
2020-09-25,199.9571075439453,201.13093516203398,194.87686359418942,195.84865949548796,29437300
2020-09-28,201.51580810546875,204.52738877764946,200.18801591721544,202.9013278355643,32004900
2020-09-29,199.4182891845703,202.12198484934422,198.98531792173563,201.4292249562203,24221900
2020-09-30,202.3721160888672,203.95968207307456,198.72550342042436,199.87048183587524,33829100
2020-10-01,204.42152404785156,205.89363490340867,203.3246568479959,205.41255254063918,27158400
2020-10-02,198.38876342773438,203.00715742653261,197.76334749580505,200.1302793751852,33154800
2020-10-05,202.42022705078125,202.44909081908426,199.148858055574,199.37978288346707,21331600
2020-10-06,198.1193389892578,202.22777173091453,197.0705829787535,200.91924181932862,28554300
2020-10-07,201.89102172851562,202.16042667128687,198.89868890994316,199.22582138595564,25681100
2020-10-08,202.6126708984375,203.19959202978103,200.4381836761741,202.54531231348605,19925800
2020-10-09,207.644775390625,207.69288656512367,203.23805900928684,203.23805900928684,26458000
2020-10-12,213.0233154296875,215.39024768178274,208.60698180429117,210.51206430675137,40461400
2020-10-13,214.4280548095703,216.68914803485708,212.08998663603225,214.29335232049814,28950800
2020-10-14,212.5037078857422,215.73658204233402,210.8391669742481,214.5627398694277,23421700
2020-10-15,211.34912109375,212.0226335098149,207.83721080471156,208.88598158273,22733100
2020-10-16,211.34912109375,213.87960450564168,211.02198858901411,211.82057244426065,26057900
2020-10-19,206.11492919921875,213.88922196295366,205.63384683523614,212.08034757630915,27625800
2020-10-20,206.5286865234375,209.1457761830108,205.02771165310273,207.6351849491635,22753500
2020-10-21,206.6730194091797,208.71280425916538,205.0565747744682,205.0565747744682,22724900
2020-10-22,206.75955200195312,207.88528283140693,203.69024455375336,205.83586751853454,22351500
2020-10-23,208.04888916015625,208.0970003361188,205.0950508788664,206.894294344403,18879600
2020-10-26,202.13160705566406,208.1547541367649,200.22652463524085,205.75897289514114,37111600
2020-10-27,205.18167114257812,206.54794358020345,202.37215131121837,203.58447383662548,36700300
2020-10-28,195.01156616210938,200.938505204553,194.45352346476508,199.81277408368302,51195600
2020-10-29,196.974365234375,199.51447954120584,195.67543697276443,196.34896403076615,31432600
2020-10-30,194.80953979492188,196.56067238028837,192.06736379802746,195.8005685249777,36953700
2020-11-02,194.67478942871094,197.51317241451213,192.54839893909204,196.5606240570228,30842200
2020-11-03,198.61965942382812,200.2457201768542,195.43489649640725,196.1757674540073,27512000
2020-11-04,208.20281982421875,210.05980533830936,204.38302477274965,205.92249417257187,42311800
2020-11-05,214.84176635742188,215.64036488321958,212.78273432419178,213.63906038751014,36080100
2020-11-06,215.25555419921875,215.87133920974193,209.78083301990173,213.85078684443036,25231900
2020-11-09,210.12716674804688,219.4890259925746,209.63646799316797,215.9482666319052,44395000
2020-11-10,203.02633666992188,208.3086253415077,201.78515085867892,206.38429623904574,44045100
2020-11-11,208.3567657470703,209.79038173346626,204.17134348922855,204.35415712865384,29440800
2020-11-12,207.2887725830078,210.81991539400673,206.34585525476737,208.99180827251445,21593900
2020-11-13,208.3182830810547,209.19385652014648,206.0572047454115,208.1739642422896,18621100
2020-11-16,209.01104736328125,209.50176078856936,206.40358907707915,206.74033793525987,24953300
2020-11-17,206.3458709716797,209.44402814330667,205.9802436469447,207.92382066792086,24154100
2020-11-18,203.62547302246094,207.5710265175272,203.48076161003306,206.1047029137225,28372800
2020-11-19,204.9181365966797,205.50659431946275,202.51606857025564,203.91487189418262,24792700
2020-11-20,202.95980834960938,205.75738526463866,202.5835822855895,204.70588353698125,22843100
2020-11-23,202.68971252441406,204.79271612955355,200.80858207029695,203.50004337850964,25683500
2020-11-24,206.3072967529297,206.68352288022808,201.48387731581818,202.18809243206223,33979700
2020-11-25,206.31692504882812,207.68677431464604,204.95673204200565,207.51313829161182,21012900
2020-11-27,207.6288604736328,208.63213972537022,206.48088456054123,207.2622906915674,14512200
2020-11-30,206.50987243652344,207.17549190767758,203.39393309923483,206.53881177353418,33064800
2020-12-01,208.57427978515625,209.6450793350196,205.81528367505194,206.93430563642607,30904500
2020-12-02,207.76394653320312,207.86042080174042,205.2847168067867,207.29126088912773,23724500
2020-12-03,206.67384338378906,208.73826593493447,206.10466880761174,207.03077164621303,25120900
2020-12-04,206.78961181640625,207.77359337524513,205.651277322866,206.65455667851904,24666000
2020-12-07,206.72206115722656,207.92791576799925,205.4679841379469,206.7992376187046,24620000
2020-12-08,208.38136291503906,209.2881681317648,205.37155387221154,206.41341424547676,23284100
2020-12-09,204.32003784179688,207.6288963083449,203.75087791569962,207.56137609469448,32440600
2020-12-10,203.08523559570312,205.55482374295858,202.93088265652304,204.29109033322288,26733300
2020-12-11,205.7284698486328,205.7863632435943,201.72503781169945,202.63184297396953,30979400
2020-12-14,206.63526916503906,208.57429304394526,205.36189419014732,205.57412580594706,28798400
2020-12-15,206.56776428222656,207.81220001276031,204.74451233475608,207.57102904235464,27000600
2020-12-16,211.5358428955078,212.33653214174262,207.13688753009188,207.1658268638192,35023300
2020-12-17,211.67092895507812,213.08901539454547,210.2239031776549,212.1050337443236,32515800
2020-12-18,210.87020874023438,211.9313667097204,208.39097925866105,210.87020874023438,63354900
2020-12-21,214.7289581298828,216.0891657865848,209.60648963539475,209.8669583764434,37181900
2020-12-22,216.03128051757812,217.66159840413056,214.01509502043945,214.82542583461395,22612200
2020-12-23,213.2144317626953,215.664722300724,213.00220013500297,215.23061750586513,18699600
2020-12-24,214.88331604003906,215.71294469525253,213.38805320891043,213.60028482209808,10550600
2020-12-28,217.01524353027344,218.04744739640344,215.14375486692805,216.52324544089436,17933500
2020-12-29,216.23382568359375,219.15681584957412,215.6839636792518,218.31754581772938,17403200
2020-12-30,213.85107421875,217.6615865859452,213.64849888615834,217.27570427640512,20272300
2020-12-31,214.56497192382812,215.12449030176415,211.9217329770077,213.87039840086666,20942100
2021-01-04,210.00201416015625,215.12448267035043,207.2237201668687,214.67108011672624,37130100
2021-01-05,210.20455932617188,210.80267319267213,208.08225826156576,209.58716238519727,23823000
2021-01-06,204.7541046142578,208.84436858746082,204.455055038086,204.67692815590632,35930700
2021-01-07,210.580810546875,211.59373143430213,206.1625718994566,206.48090458530808,27694500
2021-01-08,211.8638458251953,212.7899487253861,209.36531838225514,210.95704072206647,22956200
2021-01-11,209.80908203125,211.1789312417317,209.07591293274825,210.75446802047415,23031300
2021-01-12,207.33949279785156,209.4328697056975,205.78636593059068,208.85405350778225,23249300
2021-01-13,208.69969177246094,209.1048572059806,206.3748002592561,206.46163298922275,20087100
2021-01-14,205.49691772460938,209.78011553748576,205.2268074769419,208.28485291795934,29480800
2021-01-15,205.13998413085938,206.9342964122726,204.54188494369004,205.97926896436093,31746500
2021-01-19,208.79615783691406,209.31708059671112,205.1207150230666,206.20115613666417,30480900
2021-01-20,216.41712951660156,217.81591788456504,209.61610674558082,210.01163058035596,37777300
2021-01-21,217.02491760253906,218.30794883439074,214.56497094658008,216.76444885263814,30709400
2021-01-22,217.9702911376953,221.9447982112566,217.82559446264705,219.06038848941193,30172700
2021-01-25,221.42388916015625,221.66506012946064,216.3014201273162,221.02836523771916,33152100
2021-01-26,224.12498474121094,225.90964090519284,221.95444623265263,223.67158218627512,49169600
2021-01-27,224.67483520507812,231.94855878459933,222.01231340498785,229.5947281242748,69870600
2021-01-28,230.49188232421875,234.07086552904022,226.787500240888,227.28913991464296,49111200
2021-01-29,223.76805114746094,229.6140323700672,223.17959346585073,227.6557255174755,42503100
2021-02-01,231.18650817871094,233.93586338897808,224.22148871794943,226.75861227662148,33314200
2021-02-02,231.05140686035156,233.75252438846982,230.26037381506274,232.77819906978667,25916300
2021-02-03,234.41815185546875,236.43433736539887,230.81022932198388,231.10929364997725,27158100
2021-02-04,233.463134765625,234.64970650721565,231.88105383007826,234.09018810416885,25296100
2021-02-05,233.64639282226562,234.68825300082415,231.92925698720768,233.67533215612235,18054800
2021-02-08,233.90687561035156,235.0741347325014,232.3054970144389,234.5628535104182,22211900
2021-02-09,235.16094970703125,236.11597714944006,232.85535625247002,233.32804184480403,23565000
2021-02-10,234.24452209472656,237.23503297528765,232.38267474839645,236.34752566570722,22186700
2021-02-11,235.85552978515625,236.49220985804178,233.59815867616126,236.13528158931294,15751100
2021-02-12,236.33786010742188,236.6369096930941,234.15766556946718,235.3152830417069,16561100
2021-02-16,235.0934600830078,237.43764958042757,234.34100782949233,236.37649141782472,26728500
2021-02-17,236.11834716796875,236.2247073752917,232.9662401886476,233.33366904191027,21653500
2021-02-18,235.721923828125,235.85729003006736,232.8888973325426,233.7977910115024,16925600
2021-02-19,232.9952392578125,235.7895957994359,232.23137558595567,235.68323559527133,25262600
2021-02-22,226.74905395507812,230.05586973053047,224.70888230589964,229.5627531271613,36446900
2021-02-23,225.55006408691406,227.05843439973523,221.160304582875,222.70735938022432,30228700
2021-02-24,226.78773498535156,227.4162177891035,221.42140539723303,222.39797484329023,26339700
2021-02-25,221.4117431640625,226.8264062711417,220.3384772391073,224.39947825786928,39542200
2021-02-26,224.68951416015625,227.58055228301077,221.94349121300567,223.8676385494366,37819200
2021-03-01,229.09860229492188,229.61106105369544,225.43402201560778,228.09301226554177,25324000
2021-03-02,226.13018798828125,229.44668157548566,225.72408944258817,229.16627071410718,22812500
2021-03-03,220.029052734375,225.84982902079332,219.73897808151912,224.47682473467253,34029500
2021-03-04,219.22653198242188,224.79591842840537,216.8382736495553,219.23621048215847,44727800
2021-03-05,223.93531799316406,225.55004839538876,218.9654243512307,221.92415279805,41872800
2021-03-08,219.86463928222656,225.64672999454348,219.6132491656239,223.7129190101345,35267400
2021-03-09,226.043212890625,227.59026790889763,224.0030412777604,225.17300366397794,33080500
2021-03-10,224.72821044921875,229.15664011730135,224.36078157928844,229.15664011730135,29746800
2021-03-11,229.2823486328125,231.2548297284497,226.5556675332269,227.18416507754895,29907600
2021-03-12,227.94801330566406,228.01570378486878,225.51140686906064,226.26559211666006,22653700
2021-03-15,227.03909301757812,227.40652185294732,224.1383763269152,227.18413770439608,26034900
2021-03-16,229.84315490722656,232.11537439525682,228.13172772834727,228.46047211752122,28092200
2021-03-17,229.1952667236328,230.65530342963265,225.51135923379334,228.33472144320785,29562100
2021-03-18,223.08444213867188,226.43960546411142,222.7073495770655,224.86354474964523,34833000
2021-03-19,222.7267303466797,224.77656567678991,221.75982466209032,223.37455538489735,46430700
2021-03-22,228.1800537109375,229.05992657806183,222.5236501521513,222.64935259908694,30127000
2021-03-23,229.71742248535156,233.07258592628708,229.22430596590922,229.63040452671018,31638400
2021-03-24,227.66758728027344,230.12352088544264,227.53222109343432,229.97849095447495,25620100
2021-03-25,224.6508331298828,229.09860458484349,223.9063264752013,227.5128800646398,34061900
2021-03-26,228.65383911132812,228.87623802883448,223.88700144017523,223.88700144017523,25479900
2021-03-29,227.4548797607422,228.96325014346309,224.2060763388015,228.7601934748005,25227500
2021-03-30,224.17706298828125,226.1108741341666,223.45188380857425,225.801457268997,24792000
2021-03-31,227.9673309326172,231.187128259121,224.6991853767324,225.20198040543963,43623500
2021-04-01,234.32958984375,234.80336416913414,230.17189260393687,230.5779912058987,30338000
2021-04-05,240.8271942138672,241.6877396410895,234.66799527040416,234.72600724804468,36910600
2021-04-06,239.6572265625,241.14625471940562,238.70966318992367,239.4155001585095,22931900
2021-04-07,241.62973022460938,242.62564192229542,239.00942402134964,239.60890083833849,22719800
2021-04-08,244.86883544921875,245.72938081582777,243.66020348747534,244.40472490697556,23625200
2021-04-09,247.38284301757812,247.51820923296117,244.08569085612123,244.5014532484366,24326800
2021-04-12,247.44082641601562,249.1425897885859,246.19350987554677,246.28054259623266,27148700
2021-04-13,249.93544006347656,250.61228584329,248.33037309194663,248.74616496060787,23837500
2021-04-14,247.1313934326172,250.26415806660793,246.71563111541306,248.95885914085616,23070900
2021-04-15,250.91201782226562,251.32778017266665,249.20060543327276,249.39396885997098,25627500
2021-04-16,252.1109619140625,252.3623668176979,249.07489361125147,250.8830023994161,24878600
2021-04-19,250.17715454101562,252.82649604592189,249.28761788114033,251.57917951472078,23209300
2021-04-20,249.7130889892578,251.58888850901272,248.34006983787012,249.28764809770792,19722900
2021-04-21,251.9562530517578,252.05294951511846,248.73647032593425,250.37054318159065,24030400
2021-04-22,248.6591339111328,253.11655470286385,247.17975472336747,251.59850578156508,25606200
2021-04-23,252.5073699951172,252.85547132537891,248.75577186597636,249.3455995756145,21462600
2021-04-26,252.8941650390625,253.75472524511878,251.55986000691124,253.00054000624235,19763300
2021-04-27,253.30030822753906,254.47993445879493,251.5115266339987,252.92320080988765,31014200
2021-04-28,246.13548278808594,248.04996646470292,244.5787642096817,247.60516865114695,46903100
2021-04-29,244.15333557128906,247.6245379994576,240.7595021178663,247.0057189857729,40589000
2021-04-30,243.8342742919922,244.70449828122986,241.33967054941743,241.4750367583464,30945100
2021-05-03,243.5248260498047,245.9324261177645,242.8093106501304,245.01385406622066,19626600
2021-05-04,239.5895233154297,242.8963533290899,237.62670619996604,242.6642906822587,32756100
2021-05-05,238.31321716308594,241.2429398616624,237.6847344437271,240.81749904999444,21901300
2021-05-06,241.46536254882812,241.59106501428482,236.59216418699629,238.29391295145285,26491100
2021-05-07,244.10501098632812,245.8841138712641,242.8576944147671,243.80525783659894,27032900
2021-05-10,238.99974060058594,243.39916442664116,238.94172861998285,242.567624945774,29299900
2021-05-11,238.08119201660156,238.43895716666268,234.54232828371323,236.45679748397222,33641600
2021-05-12,231.09043884277344,236.29239570195924,230.19122371487865,234.1555278301892,36684400
2021-05-13,234.987060546875,237.47201495470736,233.4303419820662,233.79777082152674,29624300
2021-05-14,239.93760681152344,240.9335183497134,237.36564925626627,237.45266721502668,23901100
2021-05-17,237.06593322753906,238.42927380995854,235.46088097313097,238.3906040735072,24970200
2021-05-18,235.035400390625,238.25519760869244,234.86134972147687,238.11983142326952,20168000
2021-05-19,235.6168975830078,235.7235033869886,231.23640313623346,231.92448304457386,25739800
2021-05-20,238.87318420410156,240.2978185698106,236.33404680110684,236.43096653820805,21800700
2021-05-21,237.6036376953125,240.66611830409525,237.18691532018093,239.9295785121088,21863100
2021-05-24,243.04049682617188,243.4087741049209,239.87141050800008,240.14276804353833,21411500
2021-05-25,243.9514923095703,244.94970356838164,243.07927376097604,243.99995218179816,17704300
2021-05-26,243.7285919189453,245.13383947058784,243.01142426646751,243.6704312001958,17771600
2021-05-27,241.6158905029297,243.71891904215312,241.5577445653837,243.41848850624666,24426200
2021-05-28,241.97445678710938,244.3003977061541,241.85816491691435,243.25372651076563,18270200
2021-06-01,239.76480102539062,243.53474828754858,239.33839261028746,243.47660235766526,23213300
2021-06-02,239.6679229736328,241.57712675444566,238.25297444018346,240.4723095990206,19406700
2021-06-03,238.12696838378906,238.7375154318653,235.50059719238536,237.65208531272862,25307700
2021-06-04,243.05018615722656,243.8836456812786,239.87141373709244,240.11369831050433,25281100
2021-06-07,245.9770050048828,246.24836256289456,242.10045156142598,242.26520330822757,23079200
2021-06-08,244.7752685546875,248.1091066867152,244.71710783462723,247.28533321311315,22455000
2021-06-09,245.7637939453125,247.64392473575538,245.39553142309762,245.97700556822116,17937600
2021-06-10,249.30111694335938,249.51432854393602,245.84130103923167,246.44216202928786,24563600
2021-06-11,249.93109130859375,250.51255063014324,248.69056588727776,250.0279814783494,18999700
2021-06-14,251.86940002441406,251.92754596398154,248.87473625790096,249.9407944429007,19150500
2021-06-15,250.38658142089844,251.96628173614434,249.72757441078255,251.75307010631195,18038900
2021-06-16,249.43678283691406,252.538007184616,246.56812739408406,251.39443126094622,27220000
2021-06-17,252.84815979003906,253.67193320557047,248.10908919664973,248.16723512473413,27565500
2021-06-18,251.4235382080078,254.20496035415408,250.76453127231352,251.61737769533121,37202200
2021-06-21,254.52479553222656,255.38731323668682,249.96016243709636,251.8015192852255,26696100
2021-06-22,257.31597900390625,257.58733660763,254.30194281449093,254.61207424039256,24694100
2021-06-23,257.08331298828125,258.5951664101783,256.26924034385627,257.7810937657533,19518700
2021-06-24,258.45947265625,259.58367653357374,257.2771228521467,257.94583058586295,21446900
2021-06-25,256.841064453125,259.00225386982646,256.5891085646179,258.01374328624,25611100
2021-06-28,260.4268798828125,260.60131770189014,257.7036032627672,257.97496083991825,19590000
2021-06-29,263.024169921875,263.26645453484207,259.7097329789105,260.57225082167884,19937800
2021-06-30,262.5395812988281,262.98537667253856,261.27971323478516,262.3360705201841,21656500
2021-07-01,263.2179870605469,263.4505708049754,261.27971032162645,261.28938159380704,16725300
2021-07-02,269.0811767578125,269.4203809943576,264.0901216581383,264.4002529358793,26458000
2021-07-06,269.0909423828125,270.7481605850909,265.83462233410813,269.4495188196341,31565600
2021-07-07,271.29083251953125,272.0273869704085,268.5966296724921,270.7771904881955,23260000
2021-07-08,268.8583679199219,270.12793676331876,266.3870474385027,268.35439706096736,24618600
2021-07-09,269.3623352050781,269.4689262350666,266.8231972731775,267.21084672657895,23916700
2021-07-12,268.7614440917969,271.1358152134811,268.04426162857743,270.5446550388417,18931700
2021-07-13,272.3084716796875,274.12075544543404,268.82926896816707,268.95523209497554,26120100
2021-07-14,273.79132080078125,274.90582413499055,271.8917880899321,273.6362550952573,23113700
2021-07-15,272.35693359375,273.7912689162148,271.19395581058893,273.2969989220083,22604200
2021-07-16,272.0855407714844,275.332159550693,270.83534425306976,273.3648102519203,26186800
2021-07-19,268.4609680175781,271.7172580006316,265.97997672313284,270.3216967005375,32935600
2021-07-20,270.69970703125,272.298779251892,267.7341463091132,269.44951038932874,26259700
2021-07-21,272.71551513671875,272.83180700206157,268.7323708699564,270.2926693562295,24364300
2021-07-22,277.3092041015625,277.58056160020396,274.6731471537246,275.08016861381213,23384100
2021-07-23,280.73028564453125,281.04038740226895,277.65810442516977,278.50124995779606,22768100
2021-07-26,280.12939453125,280.7496571969808,277.7937974154402,280.08094944988113,23176100
2021-07-27,277.6968994140625,280.64305857964337,274.217696432941,280.4976937484065,33604100
2021-07-28,277.3867492675781,281.19545546676426,275.0704946690018,280.0712515550925,33566900
2021-07-29,277.6580810546875,279.7126492085569,277.251030016775,277.4060956704679,18168300
2021-07-30,276.1172180175781,277.81321017411824,275.1480796424123,276.3692034593632,20944800
2021-08-02,276.0299987792969,277.91980086313254,274.98331277295944,277.52245058070406,16267400
2021-08-03,278.25897216796875,278.36559275584085,275.23526553226986,276.6114548732623,17879000
2021-08-04,277.6678161621094,278.71447248399744,275.8652035942845,277.38675778162667,16191300
2021-08-05,280.5848693847656,280.69148996173595,277.2704334405897,278.0263600222219,13900200
2021-08-06,280.5267639160156,280.56553772921,278.7435529938738,279.60610027686425,16589300
2021-08-09,279.4316711425781,282.5522980772889,278.9277298051075,280.807860729634,16117600
2021-08-10,277.5999450683594,280.32322101187015,276.3982231789099,279.88709699676326,18616600
2021-08-11,278.09417724609375,279.75139504211427,277.0377907374602,278.3461330293697,13955900
2021-08-12,280.8659973144531,281.021063007531,277.50308588370405,277.7841443008925,14561300
2021-08-13,283.81219482421875,283.8606399153616,280.3717356561,280.5462030508814,18249000
2021-08-16,285.50823974609375,285.72145142282017,281.0695683603612,284.1417507601331,22507600
2021-08-17,284.0350036621094,284.3742079389231,282.09672730974523,283.3663255302338,20075300
2021-08-18,282.2969970703125,286.26835757863444,281.8503186519867,283.5689963926592,21813000
2021-08-19,288.1617126464844,288.8414199077273,280.26756086704006,280.3160986861139,29850500
2021-08-20,295.5315856933594,296.9686668297904,289.41433811840545,291.0261909838644,40817600
2021-08-23,295.8132019042969,296.54144712298415,293.09443160748054,294.45381675588874,22830200
2021-08-24,293.8420715332031,296.7841808862447,293.2400602566373,296.1724501915496,18175800
2021-08-25,293.24981689453125,295.75496760292793,291.70594046702064,295.4733711327904,20006100
2021-08-26,290.4144287109375,293.6575432926412,290.2785050361577,292.2593103477623,17666100
2021-08-27,291.0262451171875,292.1428819923992,288.2200589833195,290.3174090188955,22605700
2021-08-30,294.78387451171875,295.3956050778013,292.32726246366894,292.3855196954515,16348100
2021-08-31,293.1235656738281,295.6675642771677,292.7545833483286,295.58989782397674,26285300
2021-09-01,293.0749816894531,296.3375355546533,292.7448474253484,294.0848233182499,18983800
2021-09-02,292.41473388671875,294.5606215716799,291.47286885410915,293.4342950060203,16285600
2021-09-03,292.4050598144531,293.8227023328315,291.5505806091698,292.25938705217084,14747900
2021-09-07,291.4728088378906,292.3564164397279,289.55026075756587,292.27875000140284,17180400
2021-09-08,291.501953125,291.89034460223945,288.8414403919211,291.08443302777687,15046800
2021-09-09,288.6278381347656,293.3760109065936,288.3850897427263,292.0942922848566,19927000
2021-09-10,287.132568359375,291.22047359352,286.8121534435566,289.7639828932236,19633400
2021-09-13,288.3753662109375,289.88042399953457,285.54977141202284,288.91912023075906,23652900
2021-09-14,291.0941467285156,292.647742239333,289.4531653594633,290.87080755811314,21853400
2021-09-15,295.978271484375,296.4637682765353,293.0652907314132,294.4635238634247,28356300
2021-09-16,296.36663818359375,296.45402404298306,292.0360154570927,294.9489959662169,19550800
2021-09-17,291.171875,295.66758055553856,290.84174069910716,295.34716567397015,41372500
2021-09-20,285.7633972167969,290.05520185574835,281.1220491144486,287.7345129883881,38278700
2021-09-21,286.24896240234375,288.90950558309277,285.54015588807613,287.11316111397,22364100
2021-09-22,289.9192199707031,291.51166350007026,285.9672990311042,288.12290574014423,26626300
2021-09-23,290.8707580566406,292.17188555621317,288.8996427922514,290.18136109297586,18604600
2021-09-24,290.6669006347656,291.1038299160382,288.31708340345807,289.5793926915509,14999000
2021-09-27,285.6371765136719,287.87044975435487,284.4428438176853,287.5500349313378,23571700
2021-09-28,275.2961120605469,282.3455355207805,274.5484576093365,281.3939510654787,43186200
2021-09-29,275.7622375488281,278.45187969106695,274.80096317494525,276.83033664890854,26353700
2021-09-30,273.7425842285156,279.48113149103483,273.451268310052,277.42262938302645,32343600
2021-10-01,280.7142333984375,281.5687124397736,273.13077635513565,273.93668794090405,30086300
2021-10-04,274.89801025390625,279.4034352138225,272.12098251493916,279.0635814947327,31350700
2021-10-05,280.3841552734375,281.9765695608801,275.810753529912,275.810753529912,24993000
2021-10-06,284.6079406738281,285.1128763474515,277.2284124803731,277.49057010387935,28002600
2021-10-07,286.2974853515625,288.0355722925851,285.39446836339914,286.61790021974554,20430500
2021-10-08,286.2974853515625,288.0355722925851,285.2391058225794,287.62774191888644,17685700
2021-10-11,285.6954650878906,289.3269717647659,284.2583838545495,284.42346580912283,19298600
2021-10-12,284.3846435546875,286.87038509068907,283.870018071821,286.7732797928626,17974100
2021-10-13,287.71514892578125,288.65701402642674,284.9769395034044,286.3557636342251,23416300
2021-10-14,293.96832275390625,294.47322877603534,289.1910210354,290.53099699177517,27262900
2021-10-15,295.3859558105469,295.6190144253903,291.8029870432012,293.57020251326225,25384800
2021-10-18,298.3766174316406,299.2699149069707,293.9100411578753,294.7645202263626,22729300
2021-10-19,299.2893981933594,300.3283389295829,298.308685076048,299.40591269593574,17682100
2021-10-20,298.4931335449219,300.7167170922215,297.23082413872754,300.2409100982718,16537100
2021-10-21,301.7459411621094,301.99837931508694,297.4735461748686,298.260078149805,16918100
2021-10-22,300.1923522949219,302.0663626274096,298.8717857336601,301.396374745661,17449300
2021-10-25,299.19232177734375,300.42547322514486,297.57074910695997,300.38662517641086,17554500
2021-10-26,301.1148681640625,303.3384522267201,299.6486877000873,301.9790668554543,28107300
2021-10-27,313.7960510253906,316.6410554905065,306.8340130703277,306.8340130703277,52588700
2021-10-28,314.9417724609375,315.44667845305815,312.03848151721985,314.92233362468943,26297900
2021-10-29,322.0008544921875,322.36983675736604,314.50478360879976,314.72812277782083,34766000
2021-11-01,319.8161315917969,321.874633117205,316.90315102587124,321.7483992181689,27073200
2021-11-02,323.46710205078125,323.7778271139183,320.4278873477877,320.7288929925852,26487100
2021-11-03,324.3118591308594,325.18574743557576,321.05902467717414,324.2147538453636,21500100
2021-11-04,326.68115234375,326.77825764900746,319.9521725059489,323.23413624995106,23992200
2021-11-05,326.3121032714844,328.96292643810557,324.7196891937592,328.6910494183782,22570100
2021-11-08,327.2151184082031,327.8559777295639,324.7390966218129,327.51612404867024,20897000
2021-11-09,326.205322265625,328.89496395648536,324.8264982710298,327.331648801366,21307400
2021-11-10,321.2046813964844,324.92360359867104,320.3502318920936,324.8653463513802,25500900
2021-11-11,322.78741455078125,324.0885424963487,320.9231233219346,321.6416491463469,16849800
2021-11-12,326.95294189453125,327.448158076111,324.10793796959894,324.23417186940327,23831000
2021-11-15,326.32183837890625,328.07933448956584,324.34100306430065,327.7492002091939,16723000
2021-11-16,329.66204833984375,330.7884044776103,325.7780739195618,325.9431262382948,20886800
2021-11-17,329.88580322265625,332.8722146599983,328.79630542199965,329.71071172324827,19053400
2021-11-18,331.977294921875,333.12518638695434,327.94030429261113,328.971438390112,22463500
2021-11-19,333.7671203613281,335.7029529636877,332.8819257327162,333.30994693317655,21963400
2021-11-22,330.5763854980469,340.1484675379373,330.3040111106732,335.23596167982186,31031100
2021-11-23,328.4849853515625,330.20680734992084,324.4771774711079,327.87213546649167,30427600
2021-11-24,328.7087097167969,328.95190221343387,324.8176297706052,327.1230898888703,21661300
2021-11-26,320.7028503417969,328.72820393952577,319.1853313091534,325.24569992527694,24217200
2021-11-29,327.4635925292969,329.7982347536724,325.6250428524022,325.8196087405112,28563500
2021-11-30,321.5881042480469,328.58232452175224,320.0316659549505,326.1893180869889,42885600
2021-12-01,321.0919494628906,330.0414464781885,320.4207653890021,326.00445640096814,33337600
2021-12-02,320.5179748535156,324.40905481774183,318.8739911937033,321.3059161713447,30766000
2021-12-03,314.21441650390625,323.64055925798726,309.3700116899887,322.9498712511202,41779300
2021-12-06,317.3078918457031,318.5335917121706,310.53742003680196,315.1288962489507,30032600
2021-12-07,325.8001708984375,326.65618363904804,321.1114119500236,322.6094861976196,31021900
2021-12-08,325.8487854003906,326.36435234032024,321.7923212227663,326.17952365557323,24761000
2021-12-09,324.0296936035156,327.3273684732717,323.0763683143852,325.30401993120887,22214200
2021-12-10,333.2126770019531,333.6601429338765,325.67370875782035,325.8585374509906,38095700
2021-12-13,330.1581726074219,334.4286476814138,329.8468790444135,331.4033171728672,28899400
2021-12-14,319.3993225097656,325.5277917874379,315.2844944098965,324.14644522036787,44438700
2021-12-15,325.53753662109375,326.06284083347805,315.663925176168,319.6619963887744,35381100
2021-12-16,316.0530090332031,327.59007820230164,314.2241964404909,326.56865175470983,35034800
2021-12-17,314.98291015625,316.0724374792518,308.6112786111731,312.14243841653024,47750300
2021-12-20,311.1988525390625,314.0101423864705,308.922574314058,311.3350249012845,28326500
2021-12-21,318.3779602050781,318.805981458776,311.09189137730567,314.4868794889813,24740600
2021-12-22,324.1269836425781,324.52579322794156,316.879835094261,319.3603867790755,24831500
2021-12-23,325.5763854980469,327.23010633114734,323.6697646581755,323.6892093705167,19617800
2021-12-27,333.1251220703125,333.15430398492487,326.29625718515126,326.3254390997636,19947000
2021-12-28,331.957763671875,334.44805250573944,331.0530946934616,333.8060207410828,15661500
2021-12-29,332.6387634277344,334.9247495224456,330.4305561960451,332.00643908331915,15042000
2021-12-30,330.080322265625,333.78657357656004,329.59393726748044,332.59979299362385,15994500
2021-12-31,327.16204833984375,330.1192480801944,326.7048452037269,329.2924172414744,18000800
2022-01-03,325.63482666015625,328.79632983161406,320.8001575458787,326.21849472143583,28865100
2022-01-04,320.0511169433594,326.07256655416444,317.239796956852,325.7126166614886,32674300
2022-01-05,307.7650451660156,317.19119091799774,307.3759430175937,316.98688779863863,40054300
2022-01-06,305.33306884765625,310.02182762578025,303.00813417247446,304.6229360221158,39646100
2022-01-07,305.4886779785156,307.88168370072367,301.646224869703,305.59566842155346,32720000
2022-01-10,305.7123718261719,306.15013013581523,296.3932496718042,301.0625331039594,44289500
2022-01-11,306.4031066894531,307.9886968599788,301.45171092918275,304.84666874501306,29386800
2022-01-12,309.6035461425781,314.6035989823471,308.44594728470446,310.9654481070807,34372200
2022-01-13,296.50030517578125,312.14246451080345,295.7221009951654,311.7436252200972,45366000
2022-01-14,301.7532958984375,302.3564086085924,295.4789168995165,295.96530194791075,39846400
2022-01-18,294.40887451171875,301.364175018183,293.5236501292104,295.7902211612541,42333200
2022-01-19,295.0703430175781,305.3622673575025,294.4575227878917,297.9497639039901,45933900
2022-01-20,293.387451171875,303.1637782382463,292.9399852639337,300.6540445871307,35380700
2022-01-21,287.9691162109375,295.82908513910786,287.56053972855347,294.44776829500927,57984400
2022-01-24,288.2998352050781,289.019675493024,268.5331420193464,284.2434009991435,85731500
2022-01-25,280.6343688964844,286.9573730199383,277.40479550599815,283.58186040041585,72848600
2022-01-26,288.6306457519531,300.0996150409669,285.0508584412383,299.60349272546875,90428900
2022-01-27,291.67535400390625,298.932209910728,289.8173597366347,294.4185725358936,53481300
2022-01-28,299.8661193847656,300.08012999341486,286.4321667298066,292.05477669895004,49743700
2022-01-31,302.51202392578125,303.87389598233557,298.02753880893874,300.5373020221314,46444500
2022-02-01,300.3525390625,302.1716146024577,296.82137845595116,301.9576039691338,40950400
2022-02-02,304.9244689941406,306.539270720024,300.4691955569609,301.1987730404669,36636000
2022-02-03,293.0469665527344,302.7552219741665,291.79208492313614,301.0625819638804,43730000
2022-02-04,297.6092834472656,300.3913916526521,291.8018448276198,292.0353001493062,35096500
2022-02-07,292.7551574707031,299.4575276563962,291.73373110957107,297.8330183026639,28533300
2022-02-08,296.266845703125,297.2396157585428,291.7823899972102,293.0469791946189,32421200
2022-02-09,302.73577880859375,303.43617447800517,299.0198195356215,301.4322704184702,31284700
2022-02-10,294.14630126953125,300.7027638861732,292.5120542169443,295.7611036024189,45386200
2022-02-11,287.006103515625,296.00422709422884,286.2084248952271,294.9341740286448,39175600
2022-02-14,286.96710205078125,288.6791864644168,283.41649808136714,285.7705844635365,36359500
2022-02-15,292.28826904296875,292.6092701533062,288.9321999110304,291.8408030542407,27058300
2022-02-16,291.947021484375,293.2824672069494,286.2737867487392,290.8455137721883,29982100
2022-02-17,283.3982849121094,289.3151870255934,282.6866835855366,288.88628071203937,32461600
2022-02-18,280.6688232421875,286.44927025529336,279.0896820107594,285.65969963957934,34264000
2022-02-22,280.464111328125,284.1877834917161,277.32531396607703,277.812704676035,41736100
2022-02-23,273.2019958496094,284.34377082174444,273.03629965616943,282.86208392715645,37811200
2022-02-24,287.1608581542969,287.71649070941305,264.67264340429557,265.6376972494891,56989700
2022-02-25,289.81219482421875,290.12413194625714,284.2949296885055,287.6969362890614,32546700
2022-02-28,291.2550048828125,291.59618439508904,285.61101104501586,286.8879725712154,34627500
2022-03-01,287.5118103027344,292.40520263800084,284.7824043016217,288.9252256042664,31217800
2022-03-02,292.61962890625,293.86734790006096,286.2933071815327,287.9114181165959,31873000
2022-03-03,288.4573059082031,295.48547100816484,286.6344398224137,295.25153300697923,27314500
2022-03-04,282.5501403808594,288.20389071093314,279.92800561542646,286.8684448672686,32356500
2022-03-07,271.8763122558594,282.3844556560814,271.5058905254741,281.25370554415764,43157200
2022-03-08,268.89349365234375,276.79895765959355,263.1910156960027,270.7942998058096,48159500
2022-03-09,281.22442626953125,282.29669173003094,273.699112875797,276.29203489919934,35204500
2022-03-10,278.3878479003906,279.3723867449448,273.50418301542686,275.88265227991445,30628000
2022-03-11,273.007080078125,282.20902043254233,272.38320559743175,280.69809115784795,27209300
2022-03-14,269.4686279296875,278.202662737741,268.86426809726044,273.27027022073963,30660700
2022-03-15,279.908447265625,280.5615638325432,271.7008052928567,273.2799462556572,34245100
2022-03-16,286.9659118652344,287.14136537848043,276.05810557225556,281.8190374929418,37826300
2022-03-17,287.7749938964844,288.155143210263,282.0725162060414,285.8936727522642,30816600
2022-03-18,292.8536071777344,293.4092397879423,285.3478072645001,287.92121502824654,43390600
2022-03-21,291.6156311035156,292.57092766310933,287.4630524796933,291.3524508132056,28351200
2022-03-22,296.3920593261719,297.30835631234925,291.23545688233907,292.2394806334095,27599700
2022-03-23,291.9372863769531,295.5829892215264,290.2119339230564,292.93158249273176,25715400
2022-03-24,296.43109130859375,296.5285754184512,290.7968548353262,291.5961828889944,24484500
2022-03-25,296.02166748046875,297.7957771219857,291.7423917495278,297.53259680073916,22566500
2022-03-28,302.8646240234375,302.9620783750849,296.65524087861996,296.65524087861996,29578200
2022-03-29,307.455810546875,307.85547449791466,301.25618526094905,305.9936384202282,30393400
2022-03-30,305.94488525390625,307.98220462024,303.72238478405603,305.8474309093087,28163600
2022-03-31,300.5348815917969,307.1926558891614,300.12549002106,305.98390660172134,33422100
2022-04-01,301.61688232421875,302.3089688081705,297.83472562662047,301.56812540407276,27110500
2022-04-04,307.0268859863281,307.1633399077133,301.8995265160975,302.26994819237575,24289600
2022-04-05,303.04010009765625,306.92946905359616,302.0555611898227,305.3698125875941,23156700
2022-04-06,291.947021484375,299.25788178865815,289.22737312175093,297.4935298817285,40110400
2022-04-07,293.7698974609375,295.99239810286326,288.87650501412816,289.1786849009009,31411200
2022-04-08,289.4808654785156,293.52620278513484,288.80826385848826,292.8633584995333,24361900
2022-04-11,278.066162109375,285.2307818696367,277.81270941652224,284.4314837001225,34569300
2022-04-12,274.94683837890625,283.4079337629206,273.4164244465442,281.9457616678411,30966700
2022-04-13,280.36663818359375,281.30242005382,274.20601222966815,275.5999723230315,21907200
2022-04-14,272.7730712890625,281.0392284284024,272.27595299417413,280.82477532638273,28221600
2022-04-18,273.4456787109375,275.3367570834857,271.32066231224934,271.87629487230055,20778000
2022-04-19,278.1051330566406,278.953217898112,271.3889044009939,272.3344435881337,22297700
2022-04-20,279.138427734375,282.39422425874454,278.17340352836885,282.101771947732,22906700
2022-04-21,273.7283630371094,285.9033732252405,272.9972769858195,281.3024038192042,29454600
2022-04-22,267.1193542480469,276.0581130561113,266.48575226772533,274.57642624284045,29405800
2022-04-25,273.6406555175781,274.02080482203013,263.9415679894354,266.39803633315773,35678900
2022-04-26,263.4054870605469,271.34019387339646,263.19103391706585,270.5018959703177,46518400
2022-04-27,276.0776062011719,283.63216251371057,272.11999585469886,274.9858557260027,63477700
2022-04-28,282.325927734375,283.6418885091446,274.3619509995726,277.9978961517353,33646600
2022-04-29,270.5213928222656,282.569709486261,269.5271262484502,281.33171775194916,37073900
2022-05-02,277.29608154296875,277.75423001648835,269.25413454359216,270.7065493914021,35151100
2022-05-03,274.6739196777344,276.96466206724233,273.0850211320763,276.7989361292909,25978600
2022-05-04,282.6672058105469,283.54450338392263,269.7513483890285,275.4635548262336,33599300
2022-05-05,270.3555908203125,279.12862223850783,267.42148968221215,278.33905179070734,43260400
2022-05-06,267.8017578125,272.2077599045494,264.4289920814444,267.8797272508487,37780300
2022-05-09,257.9076843261719,265.4914834457657,256.67947982600253,263.2494978241472,47726000
2022-05-10,262.70355224609375,266.8463726432956,258.3852783598158,264.8383256070772,39336400
2022-05-11,253.97930908203125,264.5166947651642,252.76083220148422,258.9799429594715,48975900
2022-05-12,248.9104461669922,253.32620489164097,243.71485931707107,251.1914311623768,51033800
2022-05-13,254.53497314453125,256.40656695352385,248.91049387790102,250.86005712778004,34925100
2022-05-16,254.90536499023438,259.1164282550163,249.32961356037617,253.404193134665,32550900
2022-05-17,260.0911865234375,261.56308624410974,255.84112404859522,259.39907029430674,28828800
2022-05-18,248.24932861328125,257.55086612903364,246.9693931124063,256.96462907264123,31356000
2022-05-19,247.33090209960938,251.75696064928601,246.09982214872184,248.0734561306582,32692300
2022-05-20,246.76417541503906,252.60695532586712,240.7846237709333,251.336770223208,39199300
2022-05-23,254.6685333251953,255.4990332782694,247.61421847946846,249.62695761286102,33175400
2022-05-24,253.66220092773438,255.33295127139317,247.68264827273939,251.97192028094892,29043900
2022-05-25,256.4956970214844,258.5084218872718,251.2294019032581,252.2162340290929,28547900
2022-05-26,259.798095703125,260.98032015992106,255.43067249294842,256.2513925154789,25002100
2022-05-27,266.96966552734375,267.06737668588744,261.42001760227106,262.3189185167098,26910800
2022-05-31,265.6310729980469,268.4645173068934,262.75853826764757,266.2759307760197,37827700
2022-06-01,266.16845703125,271.31750913902687,263.843069041527,268.8846597665916,25292200
2022-06-02,268.27886962890625,268.34727041092106,255.59675637137263,258.3813599596805,44008200
2022-06-03,263.823486328125,267.1747962824876,262.2504474211242,264.1068396667638,28059000
2022-06-06,262.5826416015625,267.88802512038586,261.0877537090418,265.816680309024,22400300
2022-06-07,266.2466735839844,266.86222112303204,259.8372147630866,260.5211630991976,22860700
2022-06-08,264.20458984375,266.7351505141469,263.4229304866885,265.4747453002484,17372300
2022-06-09,258.7135009765625,266.45173293486334,258.5571691428167,261.6348757129875,26439700
2022-06-10,247.18435668945312,254.60016185798392,246.73490627176395,254.60016185798392,31422800
2022-06-13,236.70057678222656,243.30545685676884,235.98733310322459,239.4851805295695,46135800
2022-06-14,238.87939453125,240.10070925355024,235.96776949907485,238.26384714045005,28651500
2022-06-15,245.98257446289062,249.4413464461291,240.76512103312788,242.61174847888114,33111700
2022-06-16,239.348388671875,241.74216268049113,237.44314057965514,240.33520565588944,33169200
2022-06-17,241.96688842773438,244.75149220671116,238.42996544684556,239.08458840742492,43084800
2022-06-21,247.91714477539062,248.90396178868318,243.7842046658451,244.51699356218077,29928300
2022-06-22,247.32110595703125,251.26840324353233,244.62443367591388,246.10955646054185,25939900
2022-06-23,252.9196319580078,253.41793795165793,247.809669777073,249.7051527842737,25861400
2022-06-24,261.5567321777344,261.83030544029367,255.7139527207006,255.80188378896082,33923200
2022-06-27,258.811279296875,262.1429998718292,257.238210310739,262.0550687832511,24615100
2022-06-28,250.59425354003906,260.78489654166776,250.43792167575154,257.9221419564602,27295500
2022-06-29,254.28753662109375,255.95828701853867,249.89078816963055,251.678794932752,20069800
2022-06-30,250.9362030029297,253.57425481431093,247.09639654943996,251.1511555936145,31730900
2022-07-01,253.62307739257812,253.8087196084434,248.76714396372097,250.50630977578044,22837700
2022-07-05,256.818115234375,256.9451367607204,248.89422319352843,250.2816351962551,22941000
2022-07-06,260.1009521484375,261.8401031652253,256.3783871640925,257.6974130616981,23824400
2022-07-07,262.24072265625,262.8855804850251,258.9382824803674,259.0359936333195,20859900
2022-07-08,261.5177001953125,261.9476053921388,257.2479884069412,258.71356617323374,19658800
2022-07-11,258.44000244140625,260.4136365057184,256.16345486227567,259.5538260801544,19455200
2022-07-12,247.84873962402344,259.8371699313609,246.25614034660703,259.77854920606694,35868500
2022-07-13,246.9205322265625,247.73148701005059,242.4163228297024,244.44859236387242,29497400
2022-07-14,248.24932861328125,249.28500115876392,240.29612738205486,244.81988208668008,25102800
2022-07-15,250.8287353515625,254.39496840213428,248.92348735319365,249.85168356689877,29774100
2022-07-18,248.41542053222656,254.85418832606308,247.48722430252386,253.789205440495,20975000
2022-07-19,253.5742645263672,253.75990676258039,247.85850526096056,251.66900149881295,25012600
2022-07-20,256.2513732910156,258.7917140181286,252.96849344718146,253.93576521951553,22788300
2022-07-21,258.76239013671875,258.81126061612775,251.13161811146432,253.82829056890776,22404700
2022-07-22,254.38523864746094,259.2411881701941,253.1248630644284,259.15325707025653,21881300
2022-07-25,252.8903045654297,255.49904599402382,250.91667066137012,255.01052009346162,21056000
2022-07-26,246.11936950683594,253.91625446198128,243.84285168222232,253.8966943407885,39348000
2022-07-27,262.5728759765625,263.8528113750205,252.909849739427,255.16683688127296,45994000
2022-07-28,270.06695556640625,271.4641328151088,261.72292286975494,263.5597854594744,33459300
2022-07-29,274.2974853515625,275.52858003793335,270.28181716754574,271.3272696451067,32152800
2022-08-01,271.6302490234375,274.82519848168334,269.5100329626683,271.444606749198,21539600
2022-08-02,268.5133972167969,271.5129535596286,266.12938831170163,269.66631124641907,22754200
2022-08-03,275.9878234863281,276.99418564890556,270.26228442614376,270.4088660501321,23518900
2022-08-04,277.1407470703125,277.2872988821304,273.7406257671143,275.33319521187644,18098700
2022-08-05,276.4177551269531,277.14076398755924,272.28481487787076,272.74403046110217,16774600
2022-08-08,273.88714599609375,279.3586416053195,272.9100942736339,277.53152983782763,18739200
2022-08-09,275.8216857910156,276.58378493208386,271.2393108859861,273.2227544817394,23405200
2022-08-10,282.5242919921875,283.1593696760918,280.3552358808387,281.5570202861987,24687800
2022-08-11,280.4333801269531,284.52722930944947,279.9351040144919,284.175504994771,20065900
2022-08-12,285.2112121582031,285.2112121582031,280.35526321914153,281.85993143304614,22619700
2022-08-15,286.7353820800781,287.4290804829766,283.4524726514288,284.32206303277985,18085700
2022-08-16,285.9928283691406,287.2923239805232,283.75540118161075,285.2893498697751,18102900
2022-08-17,285.2388916015625,287.2265154763441,283.4275031724951,283.6918563410664,18253400
2022-08-18,284.1128845214844,285.8165534798573,283.0456113375506,284.13245627621524,17186200
2022-08-19,280.1767883300781,283.21208370807085,279.5991078037717,282.8693837672335,20570000
2022-08-22,271.95220947265625,276.5638839382038,271.4332739585335,276.1918113279742,25061100
2022-08-23,270.6695556640625,273.0390235168399,269.65125640109494,270.6695556640625,17527400
2022-08-24,270.03314208984375,271.4430857854894,269.3673137642795,269.6610694645273,18137000
2022-08-25,273.0292053222656,273.195639956881,268.78957434075147,271.54091514615766,16583400
2022-08-26,262.4938049316406,274.48809473855994,262.3861154474646,273.2543867966453,27549300
2022-08-29,259.69354248046875,261.81822869891334,258.34234411748866,260.30059568573864,20338500
2022-08-30,257.480712890625,261.47553300826064,255.2189346824592,261.10349030382076,22767100
2022-08-31,256.011962890625,261.5342155439782,255.87487096875032,259.85014825608414,24791800
2022-09-01,254.96429443359375,255.44408628539085,250.07846736309196,253.46623349507178,23263400
2022-09-02,250.7149658203125,259.21377113070105,249.158159285479,256.23725002437095,22855400
2022-09-06,247.96359252929688,252.44797525069836,246.68094020616354,250.8520254014025,21328200
2022-09-07,252.70252990722656,253.4270733106384,247.93419287668956,249.38329462378468,24126700
2022-09-08,253.1235809326172,254.99371472146694,249.47144602800012,252.1346842329514,20319900
2022-09-09,258.9395446777344,259.69349050416275,254.8566077082185,255.06221571518003,22084700
2022-09-12,261.0838928222656,261.8672114032807,259.62500491841365,260.23205814335745,18747700
2022-09-13,246.7299041748047,254.96434041286705,246.3382449089679,253.43690662678696,33353300
2022-09-14,246.95509338378906,248.92313072711704,244.64435605806372,248.23774570259533,23913000
2022-09-15,240.25787353515625,246.15219960227225,238.92626196066945,244.55623484084325,31530900
2022-09-16,239.63121032714844,240.17951828552927,237.0071458888342,239.16121927116086,39791800
2022-09-19,239.4158477783203,240.02290100098614,235.82245784044076,237.40863687528983,26826900
2022-09-20,237.38902282714844,238.4268936780499,234.63768200232818,237.01696522076853,26660300
2022-09-21,233.9620819091797,242.49027328915574,233.9131226363591,239.17103777962444,28625600
2022-09-22,235.94969177246094,238.76957838732793,232.61088470558394,232.9046104444063,31061200
2022-09-23,232.95358276367188,236.09658280757657,230.29035968717196,234.53976160325183,34176000
2022-09-26,232.49339294433594,236.40989571851813,231.9548708248314,232.1017486430267,27694200
2022-09-27,231.47511291503906,236.75259989953264,229.60497922142935,234.9705839342444,27018700
2022-09-28,236.03787231445312,237.27156548857522,229.83020316332315,231.86678669381607,29029700
2022-09-29,232.5423583984375,234.94121342333523,229.51686351062435,233.90334255103218,27484200
2022-09-30,228.03839111328125,235.51891157089977,227.87194152137735,233.31587853761883,35694800
2022-10-03,235.71473693847656,236.56657155468633,229.76165062340124,230.49599493124364,28880400
2022-10-04,243.684814453125,245.13391633829488,239.86621517346092,239.97391960048338,34888400
2022-10-05,243.99813842773438,245.34933676862912,239.00460597448068,240.8551530786187,20347100
2022-10-06,241.63845825195312,245.1143579543447,240.94328727563956,242.75466110626996,20239900
2022-10-07,229.35043334960938,236.28264582394613,228.30276156963245,235.87139983946656,37769600
2022-10-10,224.46458435058594,229.66373983539455,221.99718320956242,228.1852652907987,29743600
2022-10-11,220.7047576904297,224.2785610061986,219.4318911189659,222.868617415671,30474000
2022-10-12,221.03761291503906,223.1035686101061,219.2849845956559,220.69491296541872,21903900
2022-10-13,229.35043334960938,231.1716079398188,214.55584187664203,215.260813649644,42551800
2022-10-14,223.7889862060547,232.2878057575382,223.57357733892508,230.62327997694132,30198600
2022-10-17,232.57171630859375,233.97187376822876,230.2316065839964,230.89741980026062,28142300
2022-10-18,233.521484375,238.83812986679797,230.45681608847852,238.16254566937874,26329600
2022-10-19,231.5436553955078,234.60832380326266,229.3993675920163,232.0919634303183,19985700
2022-10-20,231.2205047607422,236.27279644889356,229.96722518635485,230.8484471916488,21811000
2022-10-21,237.06591796875,237.92755339567935,229.60498465550126,229.83998021019283,26299700
2022-10-24,242.0888671875,242.66654785518338,236.26307134940484,238.67171258156174,24911200
2022-10-25,245.42764282226562,245.79970041565298,240.69846406656384,242.0986065964554,34775500
2022-10-26,226.49139404296875,233.32568814935135,225.2576859360683,226.34451620438443,82543200
2022-10-27,222.01673889160156,228.81187322430617,221.06698582548745,226.21718131389076,40424600
2022-10-28,230.9463653564453,231.6611378474482,221.33135911449682,221.5173953809148,40647700
2022-10-31,227.28448486328125,230.01623936925662,226.32493078796733,228.8804498149715,28357300
2022-11-01,223.40708923339844,230.819077292087,222.58462730448213,229.70287469133743,30592300
2022-11-02,215.50558471679688,226.47179018805932,215.44682462164948,224.67020238397998,38407000
2022-11-03,209.77767944335938,215.80909728979998,209.51331132332834,215.49576989713026,36633900
2022-11-04,216.76861572265625,216.9644378543638,208.97476938241945,213.00877700889572,36789100
2022-11-07,223.1133575439453,223.64209376258603,216.66092308282666,217.35610886947742,33498000
2022-11-08,224.09251403808594,226.81448253009583,221.1257640993825,223.9260644471672,28192500
2022-11-09,219.82350158691406,223.85750955796684,219.64726613540492,222.62380163631366,27852900
2022-11-10,237.90797424316406,238.2506742370908,230.0945548202056,230.515571727907,46268000
2022-11-11,241.95176696777344,242.8134024168077,236.87988776587653,237.91777362051934,34620200
2022-11-14,236.50782775878906,238.81856512501489,234.21667709082797,236.93864547897454,31123300
2022-11-15,236.91905212402344,241.8440533099723,235.0195458330885,240.53202842828813,31390100
2022-11-16,237.35105895996094,239.38356811952744,236.06479199573343,238.3918546720114,24093300
2022-11-17,237.30198669433594,238.84355351183237,233.3253639763413,233.47264075020115,23123500
2022-11-18,236.85031127929688,239.3246657828085,234.6999806378717,239.09882143559938,27613500
2022-11-21,237.66529846191406,240.23783270543555,236.82087665171096,237.05651949394007,26394700
2022-11-22,240.59129333496094,240.8662199512073,236.34955769689049,239.17737646147847,19665700
2022-11-23,243.09510803222656,243.78242458645812,239.84507083963527,240.66985070471313,19508500
2022-11-25,243.00674438476562,244.19481694408375,242.26050213358,242.82999727913526,9200800
2022-11-28,237.38052368164062,242.1819409644526,236.43792242620464,241.62227427823314,24778200
2022-11-29,235.97645568847656,238.39188472426275,233.8948640019652,237.027064989401,17956300
2022-11-30,250.51815795898438,250.70471852080405,235.51495518026599,236.21210017721677,47594200
2022-12-01,250.07627868652344,251.48036696435298,246.37456825402924,249.2711258412189,26041500
2022-12-02,250.4003448486328,251.42149877038435,245.16689541650894,245.29454527511953,21528500
2022-12-05,245.66763305664062,249.22206707564106,243.56639967850296,247.4448425749525,23435300
2022-12-06,240.67965698242188,247.29756756690452,239.3639346203721,246.2764137142749,22463700
2022-12-07,239.94326782226562,241.70085061999154,237.82240729803337,240.39494158070943,20481500
2022-12-08,242.91836547851562,244.2341028868354,238.65698778008183,240.40474204316993,22611800
2022-12-09,240.97421264648438,243.81185967062763,239.73704295172024,240.26725425451173,20609700
2022-12-12,247.93577575683594,247.96523110822213,242.69251345682534,242.96744005801403,30665100
2022-12-13,252.2659149169922,259.13911012222144,248.48565156116547,256.94949571953015,42196900
2022-12-14,252.56048583984375,257.83320401618323,249.70319661190592,252.47211977688755,35410900
2022-12-15,244.4991912841797,249.5951770987246,242.8594450460343,249.1238764690628,35560400
2022-12-16,240.25746154785156,245.314163694285,239.09882936779724,244.0475385389959,86102000
2022-12-19,236.09426879882812,240.76805145365768,234.3857983171658,240.424385676434,29696400
2022-12-20,237.4197998046875,238.50969277146442,234.101023657094,235.06326677746307,25150800
2022-12-21,240.00216674804688,241.17061240909877,235.76043092550097,237.311811174577,23690600
2022-12-22,233.8751983642578,237.60636448544406,229.6334478309404,236.88957762417527,28651700
2022-12-23,234.4053955078125,234.5428588047953,229.7021730774097,231.83286167183076,21207000
2022-12-27,232.66749572753906,234.60179555616128,231.55796079001962,234.37596618226544,16688600
2022-12-28,230.28150939941406,235.37749542343812,229.9280301670431,232.5987588155398,17457100
2022-12-29,236.64410400390625,237.53762297062295,231.38119968123485,231.38119968123485,19770700
2022-12-30,235.47567749023438,235.61314079654275,232.37291716798632,233.89484197649975,21938500
2023-01-03,235.2400360107422,241.29826533020105,233.099518684118,238.6766338893005,25740000
2023-01-04,224.94989013671875,228.65158630367102,221.86677141601638,228.07227767052504,50623400
2023-01-05,218.28289794921875,223.42798182704215,217.74285808894678,223.0843160116747,39585600
2023-01-06,220.8554229736328,221.67038945847463,215.37651693738323,218.96039179670976,43613600
2023-01-09,223.00572204589844,227.05109853622983,222.30859206839725,222.34786087714497,27369800
2023-01-10,224.7043914794922,227.11982022415233,223.21192206293,223.6341254274707,27033900
2023-01-11,231.49905395507812,231.67578608133306,226.92346579858452,227.10019792483945,28669300
2023-01-12,234.18942260742188,235.55424237172366,229.3290940932467,230.99829585800464,27269500
2023-01-13,234.89634704589844,235.03381034817815,230.66442504459786,232.70674766587976,21333300
2023-01-17,235.99609375,236.54594701807417,232.79513868140307,233.65920237830696,29831300
2023-01-18,231.53829956054688,237.98929120508885,231.25355950265987,237.19396675189898,30028700
2023-01-19,227.72860717773438,231.25358612173252,226.50125078588513,229.5451006306224,28623000
2023-01-20,235.86842346191406,236.3790078733517,230.2618533398891,230.60551909385947,35389800
2023-01-23,238.18569946289062,240.72877838403122,235.30876820697657,236.7325136482929,31934000
2023-01-24,237.65545654296875,239.53086062869244,236.08444941515683,238.1071302689207,40234400
2023-01-25,236.25135803222656,238.89263116418337,226.7172477839659,230.23239799467638,66526600
2023-01-26,243.5075225830078,243.81190458905598,237.61621155277376,239.23631609313665,33454500
2023-01-27,243.66461181640625,245.30435814766528,242.3587028258491,244.4795782533274,26498900
2023-01-30,238.3133087158203,241.1509556923859,237.81253779018328,240.08068968374297,25867400
2023-01-31,243.32093811035156,243.45840142159702,238.5489760451487,239.03991858279355,26541100
2023-02-01,248.17144775390625,250.55742124700228,241.02332574913956,243.507493740727,31259900
2023-02-02,259.80682373046875,259.89518980059495,252.58996168925287,254.131528608111,39940400
2023-02-03,253.67002868652344,259.414062675439,252.44267227712933,254.8384743854471,29077300
2023-02-06,252.11863708496094,253.6209201533979,250.16469524140578,252.77651331449187,22518000
2023-02-07,262.71319580078125,263.90126847590375,255.36868388280342,255.81054419875986,50841400
2023-02-08,261.8982238769531,271.7465302451499,261.387624446795,268.25102168143684,54686000
2023-02-09,258.84454345703125,269.0168886035488,258.039390489122,268.84012651357125,42375100
2023-02-10,258.3339538574219,259.30601043512377,255.93815201976537,256.7923871898371,25818500
2023-02-13,266.405029296875,269.62561070371584,262.31055590974864,262.7916999067122,44630900
2023-02-14,267.2397155761719,269.98898222750483,264.4020528853682,267.7306581899641,37047900
2023-02-15,265.1036682128906,266.4915975640465,262.0128120607115,264.11932371191284,28922400
2023-02-16,258.0458679199219,262.5640049267377,257.79978182996587,259.88658706642394,29603600
2023-02-17,254.0198974609375,256.0181152654841,251.9921505278432,255.32909225276762,30000100
2023-02-21,248.71429443359375,251.49015281418258,247.65120069336206,250.4959553706836,28397400
2023-02-22,247.5724639892578,250.35816054888014,246.42078280013976,250.11207443958386,22491100
2023-02-23,250.7814178466797,252.81900287001184,246.55857211355595,251.55904328555934,29219100
2023-02-24,245.3183135986328,247.0704454363902,244.21585267237742,246.0467338648536,24990900
2023-02-27,246.2436065673828,248.86196635972186,245.48565714962064,248.50760176361655,21190000
2023-02-28,245.51516723632812,247.55276726085282,244.83596722815324,245.17065572399935,22491000
2023-03-01,242.41448974609375,247.00152304863036,241.94199363895714,246.8341863098164,27565300
2023-03-02,247.1787109375,247.46416419094516,241.76481699917866,242.69010309363986,24808200
2023-03-03,251.29327392578125,251.61810937843563,247.4543367942358,248.24181531401277,30760100
2023-03-06,252.84854125976562,256.0476605602481,251.97247534442963,252.41542732051573,24109800
2023-03-07,250.17112731933594,253.65571496313456,249.4230309703386,252.287461805782,21473200
2023-03-08,249.7281494140625,250.55499503290108,246.88339494789705,250.0628228759873,17340200
2023-03-09,248.36978149414062,255.49642520187024,247.6413612448282,251.81498682862087,26653400
2023-03-10,244.6981658935547,248.8324092868265,243.72367456979757,247.1491888076624,28333900
2023-03-13,249.94473266601562,253.87227229864152,241.8829494842542,243.52680285893817,33339700
2023-03-14,256.7071838378906,256.98279906760126,251.85435814781437,252.7304240608025,33620300
2023-03-15,261.2843322753906,262.30805867578727,255.1518569677534,255.90982124296121,46028000
2023-03-16,271.8759460449219,272.23029562382413,259.1582026765928,261.05798023414945,54768800
2023-03-17,275.05535888671875,278.89429618396935,271.9940621060292,273.9036927174477,69527400
2023-03-20,267.96807861328125,273.1358865548913,265.6253342067157,272.643714369976,43466600
2023-03-21,269.4938049316406,270.6947062847507,265.30048823245505,270.57658976474096,34558700
2023-03-22,268.0271301269531,276.6401431462095,267.9188366282979,269.1197379308607,34873300
2023-03-23,273.31298828125,276.65975223619466,270.89151018982153,273.5886034295443,36610900
2023-03-24,276.17755126953125,276.23660953799197,270.9703603082994,272.8996671709077,28172000
2023-03-27,272.0531005859375,277.0535567459473,271.20654881077553,276.1085945660647,26840200
2023-03-28,270.9211120605469,271.8168690429862,267.79087413033056,271.4723425051547,21878600
2023-03-29,276.1184387207031,276.7385804574417,274.0513096115096,274.5926869792437,25087000
2023-03-30,279.6029968261719,280.00658160899906,277.07325471108254,279.7802016370314,25053400
2023-03-31,283.78643798828125,284.7412531215559,278.56942542902976,279.28800755276933,32766000
2023-04-03,282.7332763671875,283.7569729997611,279.5046276679569,282.0343701563342,24883300
2023-04-04,282.6839904785156,285.9028155833691,281.1976510040957,282.7332257176792,25824300
2023-04-05,279.8884582519531,282.65446336729383,278.4907061502915,281.37482777678053,22064800
2023-04-06,287.0348205566406,287.5072866226031,277.614637849039,278.77615698093774,29770300
2023-04-10,284.85943603515625,285.06613994489004,280.25268148244174,284.68223121557776,23103000
2023-04-11,278.4021301269531,281.5028392047115,277.23078785734424,281.27642916480585,27276600
2023-04-12,279.0517883300781,282.51669989305793,277.5457425781535,280.331454092245,27403400
2023-04-13,285.3023681640625,285.3614264229886,278.73680804839455,279.15021586087715,24222700
2023-04-14,281.6603088378906,283.96367102936733,279.2486531464038,282.5068305661248,20987900
2023-04-17,284.2786560058594,287.0348384011463,281.68000236209434,285.3909700049731,23836200
2023-04-18,283.8553771972656,287.19231898396373,282.51668329191097,287.0052911530972,20161800
2023-04-19,283.93414306640625,284.52472565141113,280.08535300849246,281.51263430866226,17150300
2023-04-20,281.6307373046875,284.50503591954333,280.6168638626968,280.7842156136177,23244400
2023-04-21,281.2862548828125,281.78825008105144,278.6285130858529,280.54799661030216,21676400
2023-04-24,277.35870361328125,280.48894155472334,274.35646528671094,277.67370102270286,26611000
2023-04-25,271.1081237792969,277.19136442128627,271.05888853978684,275.1340884128389,45772200
2023-04-26,290.7458190917969,294.88007785035614,288.1471653314123,292.05501404925786,64599200
2023-04-27,300.05767822265625,300.4219108695134,290.62767246567086,291.3364016068915,46462600
2023-04-28,302.4496154785156,304.0934535081301,298.56144378294306,299.25049675475145,36446700
2023-05-01,300.7762756347656,303.7686910534892,300.3726908217299,302.1642048581886,21294100
2023-05-02,300.628662109375,304.3396301187959,299.15214533599857,302.9418777289602,26404400
2023-05-03,299.6344299316406,303.77851145251077,299.32928557023496,301.81967570546,22360800
2023-05-04,300.628662109375,302.9418777289602,298.65012002031114,301.4456548397933,22519900
2023-05-05,305.7865905761719,307.085932430796,299.50646831862997,300.93377975527426,28181200
2023-05-08,303.81793212890625,305.34368416903175,301.29801254398035,305.2747728426147,21318600
2023-05-09,302.1937255859375,305.18614092145225,301.51452555847186,303.1780699689536,21340800
2023-05-10,307.42059326171875,308.09979329228884,302.85325092434726,303.78836006860274,30078000
2023-05-11,305.2550354003906,306.24923288297435,301.46533339371814,305.2452123832041,31680200
2023-05-12,304.1329040527344,305.78659550903757,301.8000125269122,305.68815505667965,19758100
2023-05-15,304.6152038574219,305.04831778842316,302.77448467056973,304.26085429922443,16336500
2023-05-16,306.8595275878906,308.7986873456042,304.97942609367624,304.97942609367624,26730300
2023-05-17,309.75982666015625,310.1840128280389,306.54383920821226,308.07292647953415,24315000
2023-05-18,314.21881103515625,314.73180841196273,309.48364052996965,310.28270017640136,27276000
2023-05-19,314.0411682128906,314.44563523086384,312.0977696709312,312.4627684149511,27529500
2023-05-22,316.84283447265625,318.2337976929915,313.7156584548846,314.29768758586613,24115700
2023-05-23,311.0027770996094,318.36202974124154,310.9929025046368,315.70835276424714,30797200
2023-05-24,309.6118469238281,312.22605590477934,308.3885711303924,310.47996842062906,23384900
2023-05-25,321.5188293457031,322.485576277812,315.67875905674543,318.8749968584438,43301700
2023-05-26,328.394775390625,328.8978680435936,319.5064338872772,319.6445277176384,36630600
2023-05-30,326.7374267578125,331.20625373329415,326.0567419114066,330.7031610986949,29503100
2023-05-31,323.95550537109375,331.403539726326,322.9097916897827,327.80283457515725,45950600
2023-06-01,328.0888977050781,329.02608115085206,320.33505191131786,321.5287039010863,26773900
2023-06-02,330.8708190917969,332.94246713059334,328.05929890382134,329.7363544841506,25864000
2023-06-05,331.403564453125,333.9881799034305,330.1408504123087,330.6932859235735,21307100
2023-06-06,329.1740417480469,330.84122271907466,327.6844529715384,330.80175444190655,20396200
2023-06-07,319.0131530761719,329.9731116515835,318.1450315839659,327.17146599385774,40717100
2023-06-08,320.86773681640625,322.2291062754514,318.98352561929755,319.5655547159742,23277700
2023-06-09,322.37713623046875,325.53390634602147,320.0292702055803,320.6014248165846,22514900
2023-06-12,327.3687744140625,327.6153984673946,320.76911233845874,324.1429125289751,24260300
2023-06-13,329.7758483886719,332.42952577838406,325.9285189350578,329.95341049295934,22951300
2023-06-14,332.78466796875,334.46172377002256,328.31584080318265,329.82517898213644,26003800
2023-06-15,343.3993225097656,345.1158162103727,332.6465202868888,332.9227380100379,38899100
2023-06-16,337.707275390625,346.72386629713804,337.3324320738404,346.575897868739,46533600
2023-06-20,333.4850769042969,337.4606559646964,331.3246475034231,334.7280719309583,26375400
2023-06-21,329.0556335449219,333.1693354887916,327.58576400380014,331.8276851508412,25117800
2023-06-22,335.12261962890625,335.52708668833833,328.838643577594,329.6081094184592,23556800
2023-06-23,330.4959411621094,333.396242355337,328.9471650313448,329.8448500671527,23084700
2023-06-26,324.1626892089844,331.5712559275852,324.05415896146803,329.2135454326496,21520600
2023-06-27,330.05206298828125,331.61071384237505,324.85320839821026,327.37863643109444,24354100
2023-06-28,331.31475830078125,333.4160000459161,329.30229760192987,330.14082540190753,20259500
2023-06-29,330.5255432128906,331.57122678735186,328.1283646472187,330.19013811405165,16997000
2023-06-30,335.9414367675781,338.1018659336961,332.64654295071426,333.18910383853483,26823800
2023-07-03,333.4258728027344,336.29658063116784,332.0250649242067,334.60968039782284,12508700
2023-07-05,333.5837097167969,337.0364466828848,330.2099093118582,330.5650335205982,18172400
2023-07-06,336.6615905761719,338.3583654623212,330.9695176090643,332.7451989549393,28161200
2023-07-07,332.666259765625,337.17455476042386,332.4492293908837,334.7379078689779,21185300
2023-07-10,327.3490295410156,330.7031407949626,323.1662951750732,330.0816433554904,32791400
2023-07-11,327.98040771484375,328.36512559547043,322.58427205153635,326.58944439701025,26698200
2023-07-12,332.6465148925781,337.0364047109199,331.13717698244034,332.05461117957884,29995300
2023-07-13,338.03277587890625,339.0981784792485,334.4419154262678,334.9746317791757,20567200
2023-07-14,340.5779724121094,346.68438690739697,339.6605380799491,342.8962447343513,28302200
2023-07-17,341.06134033203125,342.30430506599646,337.5790099679338,341.0119974589969,20363900
2023-07-18,354.635498046875,361.8270635461225,337.5494072854083,341.1599567699789,64872700
2023-07-19,350.28509521484375,357.5654427726351,347.6807606209098,356.86503882465547,39732900
2023-07-20,342.18597412109375,353.1360893076159,340.70622963927934,348.7955115153894,33778400
2023-07-21,339.1278381347656,345.569658071984,335.2410401218458,344.4351932948175,69368900
2023-07-24,340.44970703125,342.2352929441679,337.6875295682125,341.1797347293557,26678100
2023-07-25,346.240478515625,347.1381937516986,340.41028183220885,342.42271258678073,41637700
2023-07-26,333.2088623046875,340.01571122456374,328.61178568719,336.8293171664982,58383700
2023-07-27,326.2539978027344,336.72070717863835,324.60653603697625,335.88220956155055,39635300
2023-07-28,333.8007507324219,335.418619127257,328.67098799700807,329.16423615072927,28484900
2023-07-31,331.38385009765625,333.1398123061402,328.8583918744818,332.37034639692763,25446000
2023-08-01,331.7981262207031,333.96842988932275,329.1937919238342,330.6636616188916,18311900
2023-08-02,323.0774841308594,329.1247102537569,321.95286408661656,329.1247102537569,27761300
2023-08-03,322.24884033203125,325.4253591822319,321.5484364855866,321.5977492515645,18253700
2023-08-04,323.3537292480469,330.61435706998384,322.82101286060225,327.39836976439574,23727700
2023-08-07,325.6522216796875,326.6387178056162,323.09720032618895,323.93572805432285,17741500
2023-08-08,321.6470947265625,324.31064668065517,318.6382931645677,322.54480993915706,22327600
2023-08-09,317.8786926269531,322.69276896492516,316.7146041895466,322.0614270294025,22373300
2023-08-10,318.5691833496094,323.82722450423125,316.8428151475033,321.6174527338143,20113700
2023-08-11,316.6751403808594,318.05622897689796,314.8994292384039,315.93526826453797,24342600
2023-08-14,319.66424560546875,319.6839646920239,315.7576988733088,317.0500366268224,18836100
2023-08-15,317.5136413574219,320.70003480975896,316.56661346813354,318.63826143664926,16966300
2023-08-16,316.7425842285156,320.7167146880456,316.1494272765782,317.13801214006867,20698900
2023-08-17,313.2627868652344,318.19581584517493,312.6004217100495,316.8810112071374,21257200
2023-08-18,312.86737060546875,314.74567594521795,307.99362395485656,310.9000660727955,24744800
2023-08-21,318.2057189941406,319.08554388527233,313.42097159988043,314.30079649101214,24040000
2023-08-22,318.779052734375,322.357724957099,317.7904679139887,321.7843590357293,16102000
2023-08-23,323.26727294921875,325.44217186855207,319.7676738405526,320.1235801042698,21166400
2023-08-24,316.3175048828125,329.1790038104103,316.3076093798751,329.05048294908903,23281400
2023-08-25,319.2931213378906,321.6459277591277,315.16081405176266,317.8003486742055,21684100
2023-08-28,320.0049133300781,322.42692799992096,318.0475045559713,321.9425310997952,14808500
2023-08-29,324.6611633300781,325.2246639510212,318.20570528498234,318.20570528498234,19284600
2023-08-30,325.0368347167969,326.0451804445671,322.72354969246516,324.91820935696705,15222100
2023-08-31,324.01861572265625,327.1326523087655,323.0497916021966,325.44218047674366,26411000
2023-09-01,324.90826416015625,328.2002380688031,323.04972002250327,327.5280076864386,14931200
2023-09-05,329.7424621582031,331.02764055502126,324.9082979662232,325.2444131923776,18553900
2023-09-06,329.0801696777344,330.6421206560539,326.41097819074616,329.57446216279004,17535800
2023-09-07,326.14404296875,329.27784015884396,325.27408344304047,327.5082949368657,18381000
2023-09-08,330.4542541503906,332.32269403883413,325.699163331797,326.3219766279449,19530100
2023-09-11,334.0823669433594,334.5568985327326,331.60100931332755,333.39034548000865,16583300
2023-09-12,327.9827880859375,332.94550339059816,327.69612019842117,331.9865748697913,17565500
2023-09-13,332.22381591796875,333.0048063818992,327.38965178199726,327.52803797035625,16544400
2023-09-14,334.83367919921875,336.9689957887937,332.7279887772519,335.2785242515413,20267000
2023-09-15,326.4504699707031,333.5485015094664,325.8869694008101,333.0740001194204,37666900
2023-09-18,325.3037109375,326.62841094537885,322.6345199175024,324.0580844389393,16834200
2023-09-19,324.8984069824219,325.6299802911353,320.8056813654168,322.44673584714667,16505900
2023-09-20,317.1083984375,325.8277253464485,316.85138685350296,325.7486518211925,21436500
2023-09-21,315.8825378417969,321.6361093088124,311.40424936718983,315.61563077468617,35529500
2023-09-22,313.3913269042969,317.7806465273566,312.5411281531975,317.6521256558587,21447900
2023-09-25,313.915283203125,314.0438040776846,311.4042689048914,312.97611540381934,17836000
2023-09-26,308.5768737792969,312.27417127506453,306.48104866233854,311.5327326754824,26297600
2023-09-27,309.2194519042969,310.7121944558891,306.1548329521496,308.7350248311766,19410100
2023-09-28,310.05975341796875,311.8787458429494,305.9175806621763,307.43997954346224,19683600
2023-09-29,312.14569091796875,315.8232280557425,311.3844913845662,314.1228607733478,24140300
2023-10-02,318.1265869140625,318.21558609786393,311.58216015238867,312.66960950158256,20570000
2023-10-03,309.8125915527344,317.7212696106561,307.6574538533491,317.167634390926,21033500
2023-10-04,315.31903076171875,316.38671934680445,310.4156581127954,310.4453144529802,20720100
2023-10-05,315.7144470214844,316.3273949780159,311.30536698470246,315.4475399696837,16965600
2023-10-06,323.5242919921875,325.4322535375942,312.6893801694388,312.9365263852443,25645500
2023-10-09,326.0550537109375,326.5295551178962,319.49083600200555,321.0429214154338,19891200
2023-10-10,324.64141845703125,327.3204751601556,323.92963610326484,327.1820587892371,20557100
2023-10-11,328.6253967285156,329.020824643838,325.3828395521265,327.42918731045415,20063200
2023-10-12,327.3797912597656,329.82159726019745,324.9676416006663,326.79652976741545,19313100
2023-10-13,323.98895263671875,330.019296623983,322.6345659293272,328.5858665652145,21072400
2023-10-16,328.8428649902344,332.3029118179807,326.8261435346823,327.27098859672117,22158000
2023-10-17,328.26947021484375,329.653482917614,323.6725568735075,325.827664522765,18338500
2023-10-18,326.34173583984375,331.759191769858,324.55239964479256,328.6945726494821,23153600
2023-10-19,327.5379333496094,333.0344625947889,327.1326099487148,328.35844548463956,25052100
2023-10-20,322.9410095214844,328.13107971555456,321.7349348600938,327.93335068809495,25012600
2023-10-23,325.5607604980469,328.93183835802176,320.6870445710428,321.7547029032871,24374700
2023-10-24,326.7569885253906,328.0520324209601,323.8604418074662,327.51818809043544,31153600
2023-10-25,336.78125,342.24812359609695,333.7660477847726,341.08157042022475,55053800
2023-10-26,324.1471252441406,337.7302724471152,323.20795749855927,336.6527185001531,37828500
2023-10-27,326.0451965332031,332.876322086507,324.65128814798715,326.6581143687127,29856500
2023-10-30,333.45953369140625,335.5751196269722,328.0420781717034,329.60405903742685,22828100
2023-10-31,334.25042724609375,335.1302822914459,330.8694837708354,334.98200058976215,20265300
2023-11-01,342.11956787109375,343.45416345864317,335.7728398301243,335.9112561909914,28158800
2023-11-02,344.3438720703125,344.84802981392585,340.834377854448,343.27618356893754,24348100
2023-11-03,348.7727355957031,350.34461211282445,343.36517506433484,345.6389384028993,23624000
2023-11-06,352.4601745605469,353.45865496757824,349.3164818069367,349.41534633116447,23828300
2023-11-07,356.41455078125,358.32251260101185,353.54766029950514,355.2974448981005,25833900
2023-11-08,359.05401611328125,359.7163510431648,356.43424222372255,357.55134788937477,26767800
2023-11-09,356.5726623535156,360.62586616316025,356.2464124670446,358.1642694379123,24847300
2023-11-10,365.4501953125,365.8752795812783,356.94835909084804,357.3635478564213,28042100
2023-11-13,362.4942932128906,364.2638685791425,361.7231982203745,364.0167223614231,19986500
2023-11-14,366.0433044433594,367.70414993309754,363.15665355329156,366.77487775321134,27683900
2023-11-15,366.1919250488281,369.6193627244979,363.6559833296178,367.7867626439103,26860100
2023-11-16,372.6307678222656,372.8090670130161,366.6971049772861,367.4697650343208,27182300
2023-11-17,366.3702087402344,370.84767066024057,363.5470174090878,370.09481157714856,40157000
2023-11-20,373.8887939453125,375.3053322916461,367.5093833628424,367.7273146646205,52465100
2023-11-21,369.5599365234375,372.6802933507884,367.62827122388927,372.13548017935176,28423100
2023-11-22,374.294921875,376.21667138013174,371.44201414653855,374.44350452118096,23345300
2023-11-24,373.8788757324219,374.4138035112927,371.61044336899096,373.7798105540461,10176600
2023-11-27,375.0478210449219,377.0587507454245,372.6605222107563,373.2350519605767,22179200
2023-11-28,379.0993347167969,379.3965000397917,374.6020413692927,374.7902561506727,20453100
2023-11-29,375.2855224609375,380.6842269423362,373.88878509131484,380.1493294028235,28963400
2023-11-30,375.344970703125,376.5138612366037,371.9373340529728,374.92890903622725,30554400
2023-12-01,370.98638916015625,374.6020416682448,367.8164846369156,373.21521977574577,33020400
2023-12-04,365.6669006347656,366.0432999492324,359.4855901354516,365.6272685167618,32063300
2023-12-05,369.01507568359375,369.5698044164444,362.1800014727598,363.002209215325,23065000
2023-12-06,365.330078125,370.65946442979055,364.5673336677576,370.0255016850389,21182100
2023-12-07,367.4598693847656,367.95516505438763,362.8734266471938,364.76545973280383,23118900
2023-12-08,370.7090148925781,370.93683155749534,364.7654667428902,365.7263415696411,20144800
2023-12-11,367.8065490722656,368.10374460980563,362.6554922898368,365.0131044942587,27708800
2023-12-12,370.8575744628906,370.8972065792804,366.9744432787704,367.3607883950642,24838300
2023-12-13,370.84765625,374.0869091144722,367.2815215613571,372.48212583174757,30955500
2023-12-14,362.487060546875,370.2434072135556,360.7040083315525,369.79762904450155,43277500
2023-12-15,367.2419738769531,368.8962446456856,362.83382989546425,363.3984742691784,78478200
2023-12-18,369.14385986328125,369.4905728812435,365.2112110016812,365.9739856872879,21802900
2023-12-19,369.7481384277344,369.7481384277344,366.3603026960237,367.9947723838569,20603700
2023-12-20,367.1329345703125,372.49203701128664,367.04378498295705,371.47172920429006,26316700
2023-12-21,370.0255126953125,370.88732235937965,366.5584428639484,369.0547222595686,17708000
2023-12-22,371.0556640625,371.65002486970394,369.20326322723065,370.1641379669173,17091100
2023-12-26,371.13494873046875,373.393495737859,369.98585916804944,371.47174615266005,12673100
2023-12-27,370.550537109375,371.5312129344826,369.30238225527376,370.1741075355698,14905400
2023-12-28,371.74908447265625,372.91797489669426,370.6396271054035,371.83823405783414,14327000
2023-12-29,372.5019836425781,373.61144112939365,369.96607217829995,372.46235152363494,18723000
2024-01-02,367.380615234375,372.3632885983454,363.319184585885,370.3424737462839,25258600
2024-01-03,367.1131286621094,369.7481050532778,365.0427965470012,365.5380921792409,23083500
2024-01-04,364.4781799316406,369.5896348719219,363.71543548306664,367.1825051718643,20901500
2024-01-05,364.2899475097656,368.5593935584056,363.0517083951845,365.4984700948147,20987000
2024-01-08,371.1646728515625,371.66988411040546,365.53812127674354,365.8253710003868,23134000
2024-01-09,372.25433349609375,372.4524336286839,367.6976072202341,368.509899386066,20830000
2024-01-10,379.1686096191406,380.5554615818058,372.77931406448965,372.828831535822,25514200
2024-01-11,381.0111389160156,387.0042042259602,376.80112586493703,382.3682441685505,27850800
2024-01-12,384.8150329589844,385.0230486833725,381.03096664819185,381.8630597761942,21645700
2024-01-16,386.5980529785156,390.32268591338345,383.9729920985464,389.95617197189966,27202300
2024-01-17,385.80560302734375,386.4395657529972,381.1894438434919,384.32963163268903,22234100
2024-01-18,390.1642150878906,390.2830812145117,386.4494974787357,388.0344497047316,23392100
2024-01-19,394.9190979003906,394.9190979003906,389.797726916255,392.0364732172694,29272000
2024-01-22,392.7793884277344,396.85070439221124,389.8868483654438,396.25634353223927,27016900
2024-01-23,395.1468811035156,395.6223758316309,390.22364091426874,392.02652441578425,20525900
2024-01-24,398.7724609375,401.81358370975624,396.68232764982235,397.7620686193911,24867000
2024-01-25,401.0606994628906,403.18057938018296,398.7427194215606,400.5158863337274,21021200
2024-01-26,400.12957763671875,402.3485229332517,398.64369053415635,400.5654402719064,17803300
2024-01-29,405.86505126953125,406.12261467024774,400.5257498805,402.2394836390935,24510200
2024-01-30,404.7457275390625,409.16375662074074,402.6258777098208,408.3812111979871,33477600
2024-01-31,393.8393249511719,411.41243736511643,393.47281096125835,403.1310773427729,47871100
2024-02-01,399.98095703125,404.16125355914335,398.0195753589577,398.0492918889721,30657700
2024-02-02,407.3509826660156,408.7675210638453,399.7630491761005,400.0106970175581,28245000
2024-02-05,401.8334045410156,407.2915729534139,400.189019151807,406.0434180871643,25352300
2024-02-06,401.67486572265625,404.13154308563696,399.11915341177513,402.0612108490808,18382600
2024-02-07,410.1543273925781,410.4019752246544,403.5669011054383,403.60653322309605,22340500
2024-02-08,410.2137756347656,411.65014520614363,408.6486545795197,410.1543425713037,21225300
2024-02-09,416.5931701660156,416.8606491715924,411.18454998916735,411.34304822902254,22032800
2024-02-12,411.35296630859375,416.78138746189904,410.847755055397,416.6030882773996,21202900
2024-02-13,402.4970703125,406.21178774325523,399.59464501524405,401.1300494611104,27824900
2024-02-14,406.3873596191406,406.73471379055,401.50465451788693,404.97813565927675,20401200
2024-02-15,403.4795837402344,406.03011869599004,401.22679392364836,405.0476293953427,21825500
2024-02-16,400.99853515625,405.19649639829663,400.3832375883185,404.86897976610464,22281100
2024-02-20,399.7381591796875,401.4252604899609,394.9943773768075,400.1847314590158,24307900
2024-02-21,399.13275146484375,399.24193376469594,394.21034092041026,397.1380014467668,18631100
2024-02-22,408.5309753417969,409.7020273662852,405.4743254278806,407.08204605240707,27009900
2024-02-23,407.2309265136719,412.7090915973696,405.87131159465224,412.5205590554713,16295900
2024-02-26,404.4521789550781,409.0371695148512,404.27351975281573,408.34246112673543,16193500
2024-02-27,404.39263916015625,405.22627106063214,400.7901378959309,404.898754425873,14835800
2024-02-28,404.6307678222656,406.1987830728558,402.24895832016676,405.0872739909664,13183100
2024-02-29,410.5059509277344,411.06170550216336,402.84444253870316,405.5438348800808,31947300
2024-03-01,412.3518371582031,412.71902889421233,407.76684684717014,408.153876143975,17800300
2024-03-04,411.7762756347656,414.18785690698894,409.1959690810067,410.30747829521556,17596000
2024-03-05,399.59918212890625,411.1112969231929,397.6044321579871,410.8234857245891,26919200
2024-03-06,399.04345703125,402.0902036474927,395.37150921419715,399.91679432847235,22344100
2024-03-07,406.0400695800781,406.6752047214003,399.1923248157397,403.04293193355477,18718500
2024-03-08,403.14215087890625,407.3103404061873,401.2664565057241,404.8689575439801,17971700
2024-03-11,401.4550476074219,402.6062622273282,398.21976836345937,400.700826521959,16120800
2024-03-12,412.13348388671875,412.4212950799544,403.70782104780903,404.5315189350478,22457000
2024-03-13,411.95489501953125,415.0115452878592,408.3325562328795,414.9321647542621,17115900
2024-03-14,421.9981689453125,424.5784751674573,414.8229387375938,417.0558908033508,34157300
2024-03-15,413.2648620605469,419.3980298678985,409.6623611748997,416.11311165944556,45049800
2024-03-18,414.15802001953125,417.54218646296124,410.644833725834,411.11127379953496,20106000
2024-03-19,418.217041015625,418.4750807248628,412.40142563915276,414.6641491974699,19837900
2024-03-20,422.00811767578125,422.7325672103819,417.472736496582,418.8025799169323,17860100
2024-03-21,426.11676025390625,427.55578606152034,423.9235133811952,426.57326646256405,21296200
2024-03-22,425.4915466308594,426.6030558566972,422.8417934382558,426.4442947841674,17636500
2024-03-25,419.65606689453125,424.1716107025241,418.41553787360243,422.0180389961963,18060500
2024-03-26,418.4552307128906,422.76234370981615,418.1575158713517,422.3852180529654,16725600
2024-03-27,418.2369079589844,421.23404544961727,415.83526074059097,421.2241115258407,16705000
2024-03-28,417.53228759765625,418.6735682140503,415.94440442920035,417.7704594727013,21871200
2024-04-01,421.3531188964844,424.64797113919235,419.0209183546172,420.7378213676411,16316000
2024-04-02,418.246826171875,419.1797063812392,414.6740966771135,416.92688638600043,17912000
2024-04-03,417.26434326171875,420.0530500088036,415.91463197146663,416.54979735190346,16502300
2024-04-04,414.71380615234375,425.4220608182633,414.4061573873391,421.76992047315406,19370900
2024-04-05,422.2959289550781,423.2784485638512,415.1504997519638,416.8276974614869,16544300
2024-04-08,421.3729553222656,424.0425761054586,420.09272093696904,421.9485777283347,14272400
2024-04-09,423.0501708984375,424.4991003259259,418.4254750382327,423.20896224870864,12512300
2024-04-10,420.05303955078125,420.8171944866389,416.5200154975315,418.9911394928746,16216600
2024-04-11,424.6876525878906,426.1167444183971,419.15984809671994,422.5936541739285,17966400
2024-04-12,418.7033386230469,421.9584854811625,416.58947237839413,420.83704242845164,19232100
2024-04-15,410.5059509277344,423.5860815606245,410.2975202475589,423.36774724307367,20273500
2024-04-16,411.4388122558594,415.2298762897989,410.59527673352017,411.4289086182102,16765600
2024-04-17,408.7195739746094,415.70624190109544,407.22100522560083,414.0885872118868,15855500
2024-04-18,401.2069396972656,408.769230365435,400.8893872722647,407.5187673684452,21029900
2024-04-19,396.095947265625,402.4077746386735,394.7561698730406,400.9687488676842,30276500
2024-04-22,397.9219665527344,399.79766079093116,392.7514505668274,397.04862935947983,20286900
2024-04-23,404.48193359375,405.10716505974153,400.0060952402287,401.1771473553241,15734500
2024-04-24,405.96063232421875,409.3447990752087,403.6979086365787,406.45684392489727,15065300
2024-04-25,396.0165710449219,396.8601368410158,385.08998167747234,391.04452101034235,40586500
2024-04-26,403.24139404296875,409.87077362119237,402.6856394846956,409.0470757072221,29694700
2024-04-29,399.2022399902344,403.24140976178137,396.1654273618807,402.1795096483343,19582100
2024-04-30,386.3800964355469,399.11290256766176,386.221335381575,398.4479657229549,28781400
2024-05-01,391.9476318359375,398.6762601059751,387.35270744745037,389.635268755834,23562500
2024-05-02,394.82562255859375,396.8997833087663,391.6597902856064,394.6469936602289,17709400
2024-05-03,403.57879638671875,404.0650740320478,398.8151471589616,399.23197820235123,17446700
2024-05-06,410.40667724609375,410.79370652504514,403.2909899464774,405.6628958084665,16996600
2024-05-07,406.238525390625,411.52815821970637,405.99041958064737,411.5182242956741,20018200
2024-05-08,407.429443359375,409.1066410493604,403.6284454091321,405.07740513834375,11792300
2024-05-09,409.1959533691406,409.59291660377954,406.00034935781423,407.45921271703617,14689700
2024-05-10,411.59759521484375,412.23276061100023,408.67986853475014,409.8112455392715,13402300
2024-05-13,410.5853271484375,415.18025140614657,407.7073059282806,414.84283115281045,15440200
2024-05-14,413.40380859375,414.3267549073316,408.43175863614476,408.8981987547859,15109300
2024-05-15,420.6317443847656,421.35753100749633,414.85536761085484,415.48172683662517,22239500
2024-05-16,418.5538330078125,422.9582208339026,417.91755229509,419.35914332573157,17530100
2024-05-17,417.7783508300781,420.4726906446292,415.61097317740536,420.09488474644235,15352200
2024-05-20,422.8786315917969,424.30034916156967,417.5595849948594,417.77831310874586,16272100
2024-05-21,426.5572814941406,430.46453247000767,422.3915253519068,424.36004826198655,21453300
2024-05-22,428.0286865234375,429.9077641693655,424.6583193119375,427.60118209872775,18073700
2024-05-23,424.5290832519531,431.090897164325,422.9582395726222,430.46453792464195,17211700
2024-05-24,427.6707763671875,428.565562226306,421.95405016489985,424.71796179341015,11845800
2024-05-28,427.8298645019531,428.3269711402922,424.13138989907134,427.14385491376675,15718000
2024-05-29,426.6865234375,428.44627000677747,423.22665032702537,423.22665032702537,15517100
2024-05-30,412.2704162597656,421.84466424386284,411.84288150879064,421.84466424386284,28424800
2024-05-31,412.7277526855469,414.3383733012913,402.1692127903504,414.3383733012913,47995300
2024-06-03,411.1270751953125,414.02023955543035,406.55371826249007,413.1254536486165,17484700
2024-06-04,413.6623229980469,414.03017705380546,407.30928563189894,410.04337212748766,14348900
2024-06-05,421.5563659667969,421.6259378345122,413.89096003424896,415.39223173706347,16988000
2024-06-06,422.0633850097656,422.848821948627,418.14618249774657,421.5563568996983,14861300
2024-06-07,421.3973083496094,423.81323935854607,420.55222098628695,423.73371564550735,13621700
2024-06-10,425.3940124511719,425.6027887352665,421.4370631899479,422.24237348386436,14003000
2024-06-11,430.1761779785156,430.3153823959729,422.78918087724,423.01786084549974,14551100
2024-06-12,438.5076904296875,440.8341457768561,430.7428874309175,432.8009161252906,22366200
2024-06-13,439.0246887207031,440.8242426789463,436.8274858579273,438.2989324414096,15960600
2024-06-14,440.00897216796875,440.5756810111054,434.19281849694386,435.74378876375306,13582000
2024-06-17,445.775390625,448.3305259626429,438.16966532085047,440.0288392462003,20790000
2024-06-18,443.75714111328125,447.53516969127554,442.3155500964385,447.10763493198164,17112500
2024-06-20,443.120849609375,443.946033241849,438.7164619327626,443.7173532757514,19877400
2024-06-21,447.17724609375,447.97260457820744,443.9261796037789,444.79114029939626,34486200
2024-06-24,445.0794372558594,450.1300269693388,443.82671891288334,447.19708588858595,15913700
2024-06-25,448.3404541015625,448.80773551860256,444.1647465305247,445.65606632861267,16747500
2024-06-26,449.54345703125,450.9751265075422,445.59642930053803,446.4017395883299,16507000
2024-06-27,450.2294921875,453.5302875755873,449.1557248487335,449.56335593650766,14806300
2024-06-28,444.3636169433594,452.7448272217048,443.8267333016812,450.44819707911165,28362300
2024-07-01,454.0870056152344,454.7232862857242,443.08105821287796,446.06369781193524,17662800
2024-07-02,456.62225341796875,456.9304570935814,450.48794440717063,450.57745029839504,13979800
2024-07-03,458.1036376953125,458.3521910129211,455.23037712106725,455.5385808076234,9932800
2024-07-05,464.8543395996094,465.6397765538939,456.3140515175161,456.95033221316646,16000300
2024-07-08,463.5419921875,464.99356542878803,461.77229375422786,463.8501958785038,12962300
2024-07-09,456.8807678222656,464.6256672353131,455.3496709136752,464.29759021110544,17207200
2024-07-10,463.55194091796875,463.7607172108967,456.20469022907776,458.55104934272356,18196100
2024-07-11,452.06878662109375,462.0904430463112,448.93699054354346,460.3008712942663,23111200
2024-07-12,450.9254150390625,453.71915189160546,448.0422026334216,451.70090017355875,16324300
2024-07-15,451.3330383300781,454.6139602586164,448.8176800220224,450.67685394437046,14429400
2024-07-16,446.91876220703125,451.671100679191,444.0753266658107,451.5915769633523,17175700
2024-07-17,440.9534606933594,442.2757813397234,436.63857872187197,440.0288496296795,21778000
2024-07-18,437.8216857910156,442.07691730431753,431.886231451246,441.7687136228689,20794800
2024-07-19,434.58056640625,438.587275182443,429.50015094371236,430.59379165551553,20940400
2024-07-22,440.3768310546875,442.0272287343498,436.37015276462773,439.23349185507885,15808800
2024-07-23,442.2757568359375,445.79528012902404,440.53588370152465,441.3312421408644,13107100
2024-07-24,426.4180603027344,438.9252800797557,425.11564336198785,437.90124163761953,26805800
2024-07-25,415.9788513183594,427.31287721528406,415.09401723172687,426.31866388501027,29943800
2024-07-26,422.8090515136719,426.4379540941027,414.8553456338981,415.7799870015666,23583800
2024-07-29,424.2606201171875,429.6492388018038,422.2423684855505,429.0825299821325,15125800
2024-07-30,420.4726867675781,426.5671885866718,414.9448331085773,425.2448982961915,32687600
2024-07-31,415.9291076660156,419.3392517370681,409.82462391670987,418.0666600260145,42891400
2024-08-01,414.6962585449219,424.98637136355273,410.6995323530128,418.3549862264431,30296400
2024-08-02,406.12615966796875,412.59849761680636,402.0001807599968,410.1030126570464,29437900
2024-08-05,392.8633728027344,398.7193036046689,383.34874440032485,386.91799678720787,40709200
2024-08-06,397.29754638671875,403.3225066578681,396.1939842314513,397.6853041219084,24946500
2024-08-07,396.1243896484375,407.70696828580475,395.1699533956427,406.27532907710327,20650900
2024-08-08,400.3597412109375,403.51138026295973,397.62565473832814,400.11118789524573,20203000
2024-08-09,403.6704406738281,405.68869229684987,399.93221959838144,401.6919660750819,19276700
2024-08-12,404.4559020996094,406.39463013243375,401.9007666876047,404.7044554196647,16762900
2024-08-13,411.6142272949219,412.5487901543895,407.19991814538804,407.21979148714996,19414300
2024-08-14,414.4477233886719,415.30276256625774,410.0632696291805,412.3996465083127,18267000
2024-08-15,419.34808349609375,419.42775054091777,415.991550712489,418.1229861127925,20752100
2024-08-16,416.7983093261719,419.6568394696199,415.6329698343419,418.919805326896,22775600
2024-08-19,419.8460693359375,420.0651916950313,414.79631569386714,417.28632868553893,15234000
2024-08-20,423.10302734375,424.15879050030776,419.9556774327427,420.015435317403,16387600
2024-08-21,422.4456787109375,424.69662989295495,420.03533264675815,422.38589043229285,16067300
2024-08-22,413.88995361328125,425.0850728631847,412.95370628251766,422.66475709775676,19361900
2024-08-23,415.1250305175781,417.58516466451346,410.44379375355777,415.3142739439322,18493800
2024-08-26,411.8382263183594,415.6130949578331,409.6968209788455,414.70672647734364,13152800
2024-08-27,412.18682861328125,412.7047404254691,408.61117324322794,411.2107324794244,13492900
2024-08-28,408.9597473144531,413.3421641808517,405.6828816466664,413.22264841837114,14882700
2024-08-29,411.4696960449219,420.3640158924635,408.95977368399144,413.2824329478728,17045200
2024-08-30,415.4736328125,415.822210323597,410.48363692465733,413.93977626013776,24308300
2024-09-03,407.80438232421875,418.20267931936957,405.4040060811421,416.2405478075573,20313600
2024-09-04,407.26654052734375,409.5971891641853,402.7546379619835,404.2884945573242,15135800
2024-09-05,406.75860595703125,411.4497822581618,404.50762432491115,405.9916624475026,14195500
2024-09-06,400.0953369140625,409.00956601687597,399.1989078370585,407.42592125419515,19609500
2024-09-09,404.0992431640625,407.01753119323797,400.5434971977151,405.6131601713445,15295100
2024-09-10,412.5453796386719,414.66684525245614,406.0713456246143,406.56934824108026,19594300
2024-09-11,421.3500671386719,422.29625388353406,407.9438146629927,413.84017908445105,19266900
2024-09-12,425.29425048828125,425.6627675750461,418.07321227741465,421.6189886086143,17418800
2024-09-13,428.869873046875,430.1049097614262,423.7603615358477,424.12887859450143,15874600
2024-09-16,429.61688232421875,431.79813615912246,426.50935094179886,428.879848197679,13834700
2024-09-17,433.41168212890625,440.08492951868885,430.5431821213062,438.47140586333086,18874200
2024-09-18,429.0890197753906,434.28816840172493,428.6906237541022,433.2622842089649,18898000
2024-09-19,436.9375305175781,439.73630274210893,435.15467267064554,439.4673922763036,21706600
2024-09-20,433.53118896484375,437.4853309751932,432.4853956233,435.47341133704515,55167100
2024-09-23,431.77825927734375,434.7164566201473,428.6707276626035,432.5451724016005,15128900
2024-09-24,427.45556640625,431.6188608604207,424.3978231376462,431.2702529601879,17015800
2024-09-25,430.3838195800781,431.38979462226376,426.8579828341436,428.11292879639643,13396400
2024-09-26,429.5870056152344,433.5610566850483,427.41572154773536,433.3519041012862,14492000
2024-09-27,426.3101501464844,430.1248672217253,425.762359424982,429.7961684722898,14896100
2024-09-30,428.5810241699219,428.70057032593814,423.67072584299484,426.49937695538483,16807300
2024-10-01,419.0094299316406,426.7683189487975,417.13693529272734,426.73844000863045,19092900
2024-10-02,415.46368408203125,421.1309565128566,415.0453484935869,420.89189457845896,16582300
2024-10-03,414.87603759765625,417.8739927473743,412.63502577299244,415.9616796785687,13686400
2024-10-04,414.39794921875,418.07321108796054,413.3123071245128,416.5692334072243,19169700
2024-10-07,407.9040222167969,415.4437592952022,407.3661708398638,414.3382079936023,20919800
2024-10-08,413.0533447265625,413.99956190900485,406.5394920239681,409.25856700863125,19229300
2024-10-09,415.7923278808594,418.70067647812056,412.6449477589923,414.19871346026423,14974300
2024-10-10,414.1788024902344,415.68278008253634,411.4995460461954,413.5712539026246,13848400
2024-10-11,414.65692138671875,415.46368322393135,411.59917791222887,414.4776477330423,14144900
2024-10-14,417.46563720703125,422.34605664401147,415.8520832387316,416.1010845405741,16653100
2024-10-15,417.0672302246094,420.7923105426525,413.60115139482065,420.4934907291295,18900200
2024-10-16,414.45770263671875,414.6967341717602,408.84024879356656,413.51151588006746,15508900
2024-10-17,415.0553283691406,420.81223776702603,413.92983752079977,420.6727824355961,14820000
2024-10-18,416.4895324707031,417.97357047210465,414.59712869532103,415.4736181228242,17145300
2024-10-21,417.1070861816406,417.2863598354636,412.09718088424023,414.457708513249,14206100
2024-10-22,425.8022155761719,428.85992860317606,416.3700446113444,416.8182287379404,25482200
2024-10-23,422.9038391113281,429.3579337373482,420.8421009299413,429.13881136450993,19654400
2024-10-24,423.0332946777344,424.2783011634291,420.71258556682636,423.6308734743349,13581600
2024-10-25,426.43963623046875,430.79217425375066,424.8659613297776,425.0552047565001,16899100
2024-10-28,424.8858947753906,430.21452917811945,424.59704472930554,429.93564891158985,14882400
2024-10-29,430.2244873046875,431.43961494644003,424.09903059516625,426.29025434116863,17644100
2024-10-30,430.8021545410156,436.7483071680008,430.3738795735308,435.69254402246366,29749100
2024-10-31,404.72674560546875,414.4975548257246,404.67692710480617,413.70073237613923,53971000
2024-11-01,408.73065185546875,413.8401634297127,405.87212177522963,407.3760993641267,24230400
2024-11-04,406.8282775878906,408.78046967487955,403.9498383507318,408.1629209153218,19672300
2024-11-05,409.8163146972656,413.24257521436044,406.4498120639611,406.73866209939297,17626000
2024-11-06,418.50146484375,418.77040570560524,408.8800507986786,410.77248502778195,26681800
2024-11-07,423.73052978515625,425.1448706929316,418.2027124984046,419.5971138468432,19901800
2024-11-08,420.85205078125,424.7962229099081,420.095077093531,423.6209440547306,16891400
2024-11-11,416.34014892578125,423.11297221775334,414.3381687204943,420.83211176857736,24503300
2024-11-12,421.340087890625,422.744458901271,415.533390819855,416.57918414479684,19401200
2024-11-13,423.50146484375,427.61494119189337,416.5393671420712,419.9556884147255,21502200
2024-11-14,425.1846923828125,426.4595778768523,418.3222016749388,423.30222788535474,30246900
2024-11-15,413.3421936035156,421.1110226744225,411.98764100476023,418.14294637599176,28247600
2024-11-18,414.0991516113281,416.72858966014985,410.45376875637714,413.21269235073834,24742000
2024-11-19,416.1210632324219,416.270457948444,409.90596948487496,411.45973532284427,18133500
2024-11-20,413.8302001953125,415.62302783332285,408.93981090505724,415.2046922657536,19191700
2024-11-21,412.0437927246094,418.9399686403921,409.4689690149979,418.6605301722443,20780200
2024-11-22,416.16552734375,416.56472079906104,410.2374116400306,410.5467888521348,24814600
2024-11-25,417.95196533203125,420.23736087052777,414.0198472532827,417.54278213072394,27691100
2024-11-26,427.133544921875,428.18146205416855,418.01185069672323,418.75036014607525,23458900
2024-11-27,422.1435546875,426.37509083138485,421.17549451394376,424.2593075311874,18332400
2024-11-29,422.61260986328125,424.0297817162198,416.9639323784013,419.24935840992123,16271900
2024-12-02,430.1175842285156,432.13353107658475,420.4669212999132,420.72641076442574,20207200
2024-12-03,430.3371276855469,431.60457529422956,426.88402964452257,428.9798333762607,18302000
2024-12-04,436.544677734375,438.79017518476684,431.7642546343851,432.1634480898198,26009400
2024-12-05,441.7342529296875,443.770179142923,435.2971785217715,437.0436765362191,21697800
2024-12-06,442.682373046875,445.2073090094776,440.88595677867977,441.4148949698492,18821000
2024-12-09,445.12744140625,447.4328163406456,439.6184986530788,441.7143023543043,19144400
2024-12-10,442.4428405761719,448.7202622082635,440.71632196493806,443.500747434082,18469500
2024-12-11,448.0915222167969,449.4488165759074,443.1614051498909,443.1614051498909,19200200
2024-12-12,448.6603698730469,455.24716851093444,448.2112581986308,448.2112581986308,20834800
2024-12-13,446.37493896484375,450.5266178755225,444.6883184556146,447.5426110314286,20177800
2024-12-16,450.6863098144531,451.27512549789225,444.38893932865295,446.37494735046533,23598800
2024-12-17,453.5505676269531,454.3789237624039,448.67036888572403,450.10748972576295,22733500
2024-12-18,436.5147399902344,451.7441820228141,436.1454548251872,450.4168569277278,24444500
2024-12-19,436.15545654296875,442.29314366547726,435.4468858542376,440.73626782337294,22963700
2024-12-20,435.726318359375,442.85201454579715,427.7722660445124,432.2432815476765,64263700
2024-12-23,434.3790283203125,436.7742196281346,431.96385754199804,435.86603695951885,19152500
2024-12-24,438.4508361816406,438.7203153724094,433.32113775673025,433.7802087154167,7164500
2024-12-26,437.2332763671875,440.0576302640168,435.7562575113133,438.20133650274425,8194200
2024-12-27,429.66845703125,434.3490742197977,425.49682901810996,433.73031978660106,18117700
2024-12-30,423.9798583984375,426.6944166190143,421.05572893712207,425.2074080072107,13158700
2024-12-31,420.6565246582031,425.8760697244736,419.81820926028456,425.24732556190753,13246500
2025-01-02,417.74237060546875,425.2174031564215,414.01985416103116,424.67847521686525,16896500
2025-01-03,422.5028381347656,423.1814700735548,418.7004647827294,420.2373611517797,16662900
2025-01-06,426.99383544921875,433.450889550372,424.6285829292995,427.1435291929144,20573600
2025-01-07,421.5247802734375,429.7882097463078,419.957914728963,428.1415176926379,18139100
2025-01-08,423.7104187011719,426.11559975123726,420.69647292951623,422.61261379874435,15054600
2025-01-10,418.11163330078125,423.86008600637365,414.1894746460312,423.7802594986814,20201100
2025-01-13,416.35516357421875,417.66253969684465,411.4649750549722,414.4090535363967,17604800
2025-01-14,414.8382263183594,418.9000587938386,409.89811945983064,416.9739281792526,16935900
2025-01-15,425.4569091796875,427.29322350331137,417.4329894853562,418.29128437786517,19637800
2025-01-16,423.7303466796875,428.6305247845027,423.5407549144398,427.84212760615685,15300000
2025-01-17,428.1714782714844,433.61058460419247,427.31321381371214,433.22135040368397,26197500
2025-01-21,427.64251708984375,430.03770829379437,424.7483264493822,429.33912735658424,26085700
2025-01-22,445.30712890625,446.37496460039233,435.1275277712005,436.68440364505375,27803800
2025-01-23,445.8160705566406,445.85599903960934,440.61650492666485,441.1155043659929,18389300
2025-01-24,443.17138671875,445.7562002010948,440.5167060042179,444.2691915941594,15549500
2025-01-27,433.6903991699219,434.32913308449037,422.6525337820519,423.16152296669173,35647800
2025-01-28,446.30511474609375,447.4827461239755,430.51676503368185,433.73032267022137,23491700
2025-01-29,441.44482421875,445.98573732495043,439.51869372032735,445.79611510422404,23581400
2025-01-30,414.1595458984375,422.0137922192137,412.33322134699057,417.9319804505241,54586300
2025-01-31,414.22943115234375,419.84816997012905,414.0797374049759,418.141600337115,34223400
2025-02-03,410.09771728515625,414.57872255523336,407.8422300476431,410.7763492208031,25679100
2025-02-04,411.5447998046875,413.09171636714575,408.9200578355856,411.86416676091864,20532100
2025-02-05,412.4629821777344,413.0018796658512,409.5787506797878,411.5248607564065,16316700
2025-02-06,414.9879150390625,417.36315732347487,413.1715497090401,413.1715497090401,16309800
2025-02-07,408.9300537109375,417.8122379259866,407.2833615993766,415.6465973451397,22886800
2025-02-10,411.3951110839844,414.62861779989964,410.0977246861568,412.8821197108573,20817900
2025-02-11,410.6166687011719,411.6645553606299,408.48093644203584,408.8202828688126,18140600
2025-02-12,408.2214660644531,409.92803560329327,403.56079794352274,406.3951110778186,19121700
2025-02-13,409.7184753417969,410.17754630619044,405.54681680905935,406.185550721702,23891700
2025-02-14,407.6126708984375,408.0917213200678,405.06778596420224,406.9739674594389,22758500
2025-02-18,408.8202819824219,409.7783523938356,405.6865508328786,407.18354917543536,21423100
2025-02-19,413.94000244140625,414.6585628844229,406.8342549807474,407.06380569744374,24114200
2025-02-20,416.1300048828125,419.30999755859375,412.5400085449219,415.2900085449219,23508700
2025-02-21,408.2099914550781,418.04998779296875,407.8900146484375,417.3399963378906,27524800
2025-02-24,404.0,409.3699951171875,399.32000732421875,408.510009765625,26443700
2025-02-25,397.8999938964844,401.9200134277344,396.70001220703125,401.1000061035156,29387400
2025-02-26,399.7300109863281,403.6000061035156,394.25,398.010009765625,19619000
2025-02-27,392.5299987792969,405.739990234375,392.1700134277344,401.2699890136719,21127400
2025-02-28,396.989990234375,397.6300048828125,386.57000732421875,392.6600036621094,32845700
2025-03-03,388.489990234375,398.82000732421875,386.1600036621094,398.82000732421875,23007700
2025-03-04,388.6099853515625,392.5799865722656,381.0,383.3999938964844,29342900
2025-03-05,401.0199890136719,401.6700134277344,388.80999755859375,389.3399963378906,23433100
2025-03-06,396.8900146484375,402.1499938964844,392.67999267578125,394.2799987792969,23304600
2025-03-07,393.30999755859375,394.79998779296875,385.5400085449219,392.32000732421875,22034100
2025-03-10,380.1600036621094,386.3999938964844,377.2200012207031,385.8399963378906,32840100
2025-03-11,380.45001220703125,386.0,376.9100036621094,379.0,30380200
2025-03-12,383.2699890136719,385.2200012207031,378.95001220703125,382.95001220703125,24253600
2025-03-13,378.7699890136719,385.32000732421875,377.45001220703125,383.1600036621094,20473000
2025-03-14,388.55999755859375,390.2300109863281,379.510009765625,379.7799987792969,19952800
2025-03-17,388.70001220703125,392.7099914550781,385.57000732421875,386.70001220703125,22474300
2025-03-18,383.5199890136719,387.3699951171875,381.1000061035156,387.07000732421875,19486900
2025-03-19,387.82000732421875,389.67999267578125,384.0,385.5299987792969,19185500
2025-03-20,386.8399963378906,391.7900085449219,383.2799987792969,385.739990234375,18470500
2025-03-21,391.260009765625,391.739990234375,382.79998779296875,383.2200012207031,39675900
2025-03-24,393.0799865722656,395.3999938964844,389.80999755859375,395.3999938964844,21004500
2025-03-25,395.1600036621094,396.3599853515625,392.6400146484375,393.9200134277344,15775000
2025-03-26,389.9700012207031,395.30999755859375,388.57000732421875,395.0,16108400
2025-03-27,390.5799865722656,392.239990234375,387.3999938964844,390.1300048828125,13766800
2025-03-28,378.79998779296875,389.1300048828125,376.92999267578125,388.0799865722656,21632000
2025-03-31,375.3900146484375,377.07000732421875,367.239990234375,372.5400085449219,35184700
2025-04-01,382.19000244140625,382.8500061035156,373.2300109863281,374.6499938964844,19689500
2025-04-02,382.1400146484375,385.0799865722656,376.6199951171875,377.9700012207031,16092600
2025-04-03,373.1099853515625,377.4800109863281,369.3500061035156,374.7900085449219,30198000
2025-04-04,359.8399963378906,374.5899963378906,359.4800109863281,364.1300048828125,49138700
2025-04-07,357.8599853515625,370.9999084472656,344.7900085449219,350.3599853515625,49927100
